# 3ds Max Wavefront OBJ Exporter v0.97b - (c)2007 guruware
# File Created: 20.04.2021 14:16:39

#
# object OracDecor_C303_cornice_moulding
#

v  -1000.0000 -131.0905 16.8710
v  999.9976 -131.0906 16.8710
v  999.9976 -129.5779 18.1634
v  -1000.0000 -129.5779 18.1634
v  -1000.0000 -140.5774 6.5001
v  999.9976 -140.5774 6.5001
v  999.9976 -137.9816 7.0841
v  -1000.0000 -137.9816 7.0841
v  -1000.0000 -129.1340 0.6750
v  -1000.0000 -128.7685 0.0001
v  999.9976 -128.7685 0.0001
v  999.9976 -129.1340 0.6750
v  -1000.0000 -140.7476 0.0001
v  999.9976 -140.7476 0.0001
v  -1000.0000 -18.4976 51.0001
v  -1000.0000 -18.5843 48.8802
v  999.9976 -18.5843 48.8802
v  999.9976 -18.4976 51.0001
v  -1000.0000 -39.1544 29.2611
v  -1000.0000 -40.5026 27.7770
v  999.9976 -40.5026 27.7770
v  999.9976 -39.1544 29.2611
v  -1000.0000 -37.1931 29.9567
v  999.9976 -37.1931 29.9567
v  999.9976 -35.9976 30.0001
v  -1000.0000 -35.9976 30.0001
v  -1000.0000 -120.7476 0.0001
v  -1000.0000 -118.6263 2.1214
v  999.9976 -118.6263 2.1214
v  999.9976 -120.7476 0.0001
v  -1000.0000 -35.8404 33.0001
v  999.9976 -35.8404 33.0001
v  -1000.0000 -19.0990 45.0396
v  999.9976 -19.0990 45.0396
v  -1000.0000 -117.6530 2.7717
v  -1000.0000 -116.5050 3.0001
v  999.9976 -116.5050 3.0001
v  999.9976 -117.6530 2.7717
v  -1000.0000 -9.3059 39.8699
v  -1000.0000 -7.2004 41.5652
v  999.9976 -7.2004 41.5652
v  999.9976 -9.3059 39.8699
v  -1000.0000 -7.6109 61.5363
v  999.9976 -7.6109 61.5363
v  999.9976 -7.4976 63.0001
v  -1000.0000 -7.4976 63.0001
v  -1000.0000 -13.9210 54.7821
v  999.9976 -13.9210 54.7821
v  999.9976 -12.5942 55.7343
v  -1000.0000 -12.5942 55.7343
v  -1000.0000 -15.0387 53.1450
v  999.9976 -15.0387 53.1450
v  -1000.0000 -15.4935 51.0001
v  999.9976 -15.4935 51.0001
v  -1000.0000 -21.7977 38.7732
v  -1000.0000 -23.9405 36.5233
v  999.9976 -23.9405 36.5233
v  999.9976 -21.7977 38.7732
v  -1000.0000 -26.5386 34.8651
v  999.9976 -26.5386 34.8651
v  -1000.0000 -47.6046 22.5001
v  999.9976 -47.6046 22.5001
v  999.9976 -46.4488 22.5606
v  -1000.0000 -46.4488 22.5606
v  -1000.0000 -47.9976 15.0001
v  999.9976 -47.9976 15.0001
v  -1000.0000 -52.9976 15.0001
v  999.9976 -52.9976 15.0001
v  -1000.0000 -127.8036 18.8629
v  999.9976 -127.8036 18.8629
v  -1000.0000 -132.1550 15.1682
v  -1000.0000 -132.9733 13.2104
v  999.9976 -132.9733 13.2104
v  999.9976 -132.1550 15.1682
v  -1000.0000 -131.2477 1.1364
v  -1000.0000 -130.4976 1.3001
v  999.9976 -130.4976 1.3001
v  999.9976 -131.2477 1.1364
v  -1000.0000 -48.4691 3.0001
v  999.9976 -48.4691 3.0001
v  -1000.0000 -45.7907 3.3655
v  -1000.0000 -43.3078 4.4350
v  999.9976 -43.3078 4.4350
v  999.9976 -45.7907 3.3655
v  -1000.0000 -117.9980 11.1095
v  -1000.0000 -117.9976 15.0001
v  999.9976 -117.9976 15.0001
v  999.9976 -117.9980 11.1095
v  -1000.0000 0.0000 63.0001
v  999.9976 0.0000 63.0001
v  -1000.0000 -8.4103 59.2988
v  999.9976 -8.4103 59.2988
v  -1000.0000 -9.6064 57.8617
v  999.9976 -9.6064 57.8617
v  -1000.0000 -11.2896 56.5500
v  999.9976 -11.2896 56.5500
v  -1000.0000 -20.1691 41.6391
v  999.9976 -20.1691 41.6391
v  -1000.0000 -29.6555 33.7307
v  999.9976 -29.6555 33.7307
v  -1000.0000 -33.3137 33.1311
v  999.9976 -33.3137 33.1311
v  -1000.0000 -41.1740 26.4752
v  999.9976 -41.1740 26.4752
v  -1000.0000 -42.0776 25.0956
v  999.9976 -42.0776 25.0956
v  -1000.0000 -43.3816 23.8865
v  999.9976 -43.3816 23.8865
v  -1000.0000 -44.9294 22.9945
v  999.9976 -44.9294 22.9945
v  -1000.0000 -122.5223 16.5457
v  999.9976 -122.5223 16.5457
v  999.9976 -121.9976 15.0001
v  -1000.0000 -121.9976 15.0001
v  -1000.0000 -123.8410 17.9971
v  999.9976 -123.8410 17.9971
v  -1000.0000 -125.7633 18.8532
v  999.9976 -125.7633 18.8532
v  -1000.0000 -133.8031 11.2439
v  999.9976 -133.8031 11.2439
v  -1000.0000 -134.8459 9.5168
v  999.9976 -134.8459 9.5168
v  -1000.0000 -136.2123 8.0959
v  999.9976 -136.2123 8.0959
v  -1000.0000 -132.2268 0.0001
v  999.9976 -132.2268 0.0001
v  -1000.0000 -131.8612 0.6750
v  999.9976 -131.8613 0.6750
v  -1000.0000 -129.7476 1.1364
v  999.9976 -129.7476 1.1364
v  -1000.0000 -41.2023 6.1303
v  999.9976 -41.2023 6.1303
v  -1000.0000 -4.7176 42.6347
v  999.9976 -4.7176 42.6347
v  -1000.0000 -2.0391 43.0001
v  999.9976 -2.0391 43.0001
v  -1000.0000 0.0000 43.0001
v  999.9976 0.0000 43.0001
v  -1000.0000 -52.8914 10.8168
v  999.9976 -52.8914 10.8044
v  999.9976 -108.8578 13.7319
v  999.9976 -111.1695 13.1479
v  999.9976 -113.4587 10.7272
v  999.9976 -105.3941 10.7272
v  999.9976 -109.7242 13.7327
v  999.9976 -91.5460 12.4148
v  999.9976 -79.0972 12.3773
v  999.9976 -81.4222 14.4254
v  999.9976 -90.3487 13.5523
v  999.9976 -89.3486 14.4931
v  999.9976 -82.0562 15.0085
v  999.9976 -83.4924 15.6138
v  999.9976 -88.5707 15.0830
v  999.9976 -85.2799 15.8065
v  999.9976 -86.9966 15.6027
v  999.9976 -91.5461 10.7732
v  999.9976 -79.0972 10.8377
v  999.9976 -91.9467 12.3011
v  999.9976 -95.2832 14.2940
v  999.9976 -95.2832 10.7732
v  999.9976 -101.0272 14.1699
v  999.9976 -102.5613 10.7272
v  999.9976 -98.8646 15.1697
v  999.9976 -99.9552 15.0246
v  999.9976 -75.6464 14.7673
v  999.9976 -78.5752 12.6822
v  999.9976 -75.6464 10.8377
v  999.9978 -67.9457 10.7272
v  999.9978 -71.7933 15.3508
v  999.9976 -73.7158 15.3481
v  999.9976 -72.6171 15.4697
v  999.9978 -61.0504 13.1025
v  999.9976 -64.1978 12.4336
v  999.9978 -66.2349 10.7272
v  999.9978 -56.4707 10.7272
v  999.9976 -61.7866 13.2575
v  999.9976 -63.3013 13.0018
v  -1000.0000 -108.8585 13.7319
v  -1000.0000 -105.3948 10.7272
v  -1000.0000 -113.4593 10.7272
v  -1000.0000 -111.1702 13.1479
v  -1000.0000 -109.7248 13.7327
v  -1000.0000 -91.5467 12.4148
v  -1000.0000 -90.3493 13.5523
v  -1000.0000 -81.4228 14.4254
v  -1000.0000 -79.0978 12.3773
v  -1000.0000 -89.3492 14.4931
v  -1000.0000 -88.5713 15.0830
v  -1000.0000 -83.4930 15.6138
v  -1000.0000 -82.0569 15.0085
v  -1000.0000 -85.2805 15.8065
v  -1000.0000 -86.9972 15.6027
v  -1000.0000 -79.0978 10.8377
v  -1000.0000 -91.5467 10.7732
v  -1000.0000 -91.9473 12.3011
v  -1000.0000 -95.2838 10.7732
v  -1000.0000 -95.2838 14.2940
v  -1000.0000 -102.5619 10.7272
v  -1000.0000 -101.0278 14.1699
v  -1000.0000 -99.9558 15.0246
v  -1000.0000 -98.8652 15.1697
v  -1000.0000 -75.6470 14.7673
v  -1000.0000 -75.6470 10.8377
v  -1000.0000 -78.5758 12.6822
v  -1000.0000 -71.7939 15.3508
v  -999.9999 -67.9464 10.7272
v  -1000.0000 -73.7164 15.3481
v  -1000.0000 -72.6178 15.4697
v  -1000.0000 -61.0510 13.1025
v  -999.9999 -56.4713 10.7272
v  -999.9999 -66.2355 10.7272
v  -1000.0000 -64.1984 12.4336
v  -1000.0000 -63.3020 13.0018
v  -1000.0000 -61.7872 13.2575
v  -960.8669 -64.7332 12.7639
v  -958.8175 -63.5478 12.5322
v  -958.8175 -59.1329 10.7272
v  -962.3940 -61.3403 10.7272
v  -958.8175 -64.5152 12.5625
v  -960.6508 -65.6326 12.7419
v  -961.0562 -65.7279 12.8134
v  -961.2993 -64.8559 12.7824
v  -963.2194 -64.7092 13.0503
v  -962.7224 -65.4993 13.1045
v  -965.2300 -61.2190 10.7272
v  -966.7360 -61.5499 10.7272
v  -964.4235 -65.0753 13.0830
v  -963.7737 -65.8847 13.2783
v  -967.9929 -63.2123 10.7272
v  -965.2262 -66.4436 13.1408
v  -964.4617 -66.8483 13.3335
v  -964.7675 -72.3788 12.9665
v  -965.6276 -71.6465 12.8430
v  -969.2661 -67.7453 10.7569
v  -965.1473 -73.2984 13.0576
v  -965.9692 -72.3349 12.8396
v  -966.8674 -72.5469 13.2595
v  -966.0457 -73.5104 13.3239
v  -968.7406 -76.2011 14.7490
v  -969.1460 -75.6697 14.7519
v  -974.3721 -72.7548 14.7065
v  -973.5370 -72.7433 14.8413
v  -973.5203 -69.0070 13.7407
v  -974.1992 -69.3231 13.6589
v  -974.4229 -68.8494 13.5943
v  -973.8523 -68.1715 13.6245
v  -972.2511 -65.9382 10.7569
v  -975.2040 -66.9402 14.1311
v  -975.9252 -67.5058 14.2048
v  -974.6975 -66.0249 13.7876
v  -974.8408 -65.0614 13.2422
v  -972.4805 -64.6567 10.7272
v  -971.5502 -73.6099 14.9943
v  -970.3203 -70.3124 13.6296
v  -962.9966 -73.4000 12.4959
v  -963.3596 -76.8339 12.5871
v  -962.2361 -71.2448 12.4685
v  -960.0381 -72.7478 10.7272
v  -960.7269 -74.7517 10.7272
v  -960.3320 -69.5767 12.0261
v  -957.0638 -67.1488 11.7715
v  -969.5880 -76.0387 14.7583
v  -969.3853 -76.5019 14.7749
v  -971.8030 -76.4761 13.8720
v  -971.9259 -74.2400 14.9831
v  -973.5477 -73.4224 14.9160
v  -974.3044 -73.4497 14.7546
v  -976.1681 -74.0859 13.8187
v  -975.5607 -74.5740 14.0938
v  -974.3289 -75.0876 14.2055
v  -972.9977 -75.6872 13.9696
v  -976.6414 -72.0243 13.2303
v  -977.2440 -73.2703 13.0760
v  -976.0491 -70.7937 13.0807
v  -975.9719 -70.1319 13.1029
v  -976.9996 -68.7421 13.8278
v  -976.4166 -67.1042 14.2390
v  -977.4869 -68.3375 13.7654
v  -975.9636 -66.5205 14.2214
v  -975.3563 -65.5093 13.7407
v  -977.4193 -66.2338 13.7697
v  -978.5950 -67.2149 13.1018
v  -979.5656 -65.6315 11.5135
v  -977.5273 -65.4980 13.3965
v  -977.0139 -64.4760 12.9096
v  -979.0615 -63.4645 10.7569
v  -976.5795 -64.1892 12.7375
v  -978.5212 -63.0775 10.7569
v  -975.3467 -64.3820 12.8401
v  -974.2979 -62.7119 10.7272
v  -976.9205 -65.7289 13.8388
v  -975.8967 -64.8440 13.4035
v  -976.5031 -64.7674 13.3132
v  -976.0538 -64.2085 12.8220
v  -976.5684 -62.5211 10.7272
v  -977.6952 -68.7058 13.7490
v  -978.9193 -67.7024 13.0874
v  -980.1703 -66.9184 12.2415
v  -977.1887 -69.0623 13.7842
v  -978.1166 -71.2482 14.1518
v  -977.7343 -70.1884 14.0891
v  -978.1930 -69.4945 14.1079
v  -979.2537 -69.0995 14.0749
v  -980.2858 -69.2825 14.0014
v  -980.8687 -67.7409 12.9738
v  -981.9879 -68.4053 13.0691
v  -981.9581 -69.9281 13.5664
v  -982.4066 -68.4602 13.1286
v  -982.3547 -70.0247 13.5157
v  -982.3807 -70.5826 13.4939
v  -981.9794 -70.4862 13.5652
v  -981.9364 -72.4547 12.8766
v  -982.4607 -72.4266 12.8687
v  -981.3054 -72.8691 12.9782
v  -981.1671 -71.2667 13.7114
v  -980.0778 -71.6232 14.0857
v  -980.0752 -73.3938 13.2005
v  -978.4845 -73.4545 13.0379
v  -978.9119 -71.6425 14.1963
v  -978.4913 -70.3513 14.3452
v  -979.1030 -70.7175 14.3698
v  -979.9727 -70.8138 14.2722
v  -980.6797 -70.6308 14.0656
v  -980.8613 -70.2068 14.0207
v  -979.5616 -69.8406 14.2998
v  -984.1602 -70.6778 13.5649
v  -984.1411 -70.1190 13.5634
v  -985.6267 -70.6207 12.9570
v  -985.5996 -70.0620 12.9536
v  -987.8583 -69.5424 10.7272
v  -987.9783 -70.8047 10.7272
v  -985.6403 -71.5609 12.7353
v  -984.1130 -71.4792 13.4060
v  -984.0253 -73.0326 12.5803
v  -985.5793 -73.1143 11.7061
v  -987.8971 -71.6700 10.7272
v  -987.1873 -72.8880 10.7272
v  -983.9645 -68.4133 13.1159
v  -985.4037 -68.3111 12.5622
v  -987.3174 -68.2734 10.7272
v  -972.0457 -78.4492 14.3967
v  -969.7650 -78.1699 15.2689
v  -969.0488 -78.0745 15.2979
v  -968.6399 -80.0314 15.7046
v  -971.0151 -80.3705 14.6456
v  -967.9709 -79.8580 15.6997
v  -969.8630 -83.4905 14.7992
v  -967.5504 -83.0376 16.1684
v  -966.7668 -82.9605 16.1157
v  -967.5504 -85.8704 16.3637
v  -966.6781 -85.9534 16.3564
v  -969.7675 -84.6852 15.1521
v  -971.3271 -85.2993 15.4277
v  -971.7325 -83.2691 15.0705
v  -969.2999 -85.9670 15.8122
v  -970.2594 -86.8527 15.9775
v  -968.1241 -86.9890 16.3769
v  -967.4619 -87.7384 16.4214
v  -969.2189 -87.5749 16.3154
v  -969.2594 -88.4333 16.3574
v  -970.8136 -87.5613 15.8916
v  -971.9487 -85.7490 15.3171
v  -972.3407 -83.3781 14.9939
v  -973.2866 -80.5166 14.7719
v  -972.6379 -80.4348 14.7658
v  -974.6133 -78.4732 14.5893
v  -974.0208 -78.2805 14.6065
v  -975.5785 -76.6425 14.3925
v  -976.0568 -77.1224 14.3850
v  -977.6851 -75.4806 14.1240
v  -979.0465 -75.0241 13.9939
v  -977.8337 -75.9711 14.1875
v  -979.1804 -75.4962 14.0259
v  -980.3940 -74.8025 13.8305
v  -980.4418 -75.2746 13.8767
v  -981.8370 -74.6869 13.6303
v  -981.8560 -75.1570 13.6706
v  -983.9856 -74.7630 12.9870
v  -983.8900 -75.2351 13.0454
v  -985.7822 -75.4085 12.2700
v  -985.8777 -74.9364 12.2756
v  -986.9564 -75.3191 11.9590
v  -986.7855 -75.7458 12.0747
v  -988.5449 -73.8992 10.7272
v  -987.9347 -76.0178 11.8576
v  -987.4056 -76.4079 11.9692
v  -986.2992 -76.2897 11.8164
v  -986.9203 -76.9449 11.5351
v  -985.6685 -76.0970 12.0437
v  -983.9674 -76.0199 12.7492
v  -982.1591 -76.5893 12.9926
v  -980.6589 -77.4613 12.9196
v  -978.8885 -78.7695 12.9189
v  -977.6317 -79.9822 13.0630
v  -975.9989 -81.9450 13.0610
v  -975.1340 -83.8254 13.2749
v  -974.3502 -86.9322 13.7656
v  -972.7284 -89.3032 14.7544
v  -970.7823 -91.0473 15.4550
v  -966.1511 -89.9143 15.7170
v  -968.1335 -90.9110 15.8689
v  -964.8900 -86.8504 15.5961
v  -964.5388 -83.0079 15.0739
v  -964.8313 -79.5510 14.3054
v  -965.4620 -77.4698 14.0185
v  -960.5428 -76.8615 10.7272
v  -963.3054 -79.4655 13.1037
v  -960.6331 -79.7399 10.7272
v  -963.0454 -83.1009 13.6572
v  -960.7572 -83.1893 10.7272
v  -963.3698 -87.2160 14.3659
v  -961.1097 -87.6184 10.7272
v  -965.0970 -91.4677 14.5805
v  -963.2887 -92.3667 12.4512
v  -967.0458 -92.6392 14.8681
v  -966.0624 -94.8766 12.5993
v  -968.9292 -93.3735 14.6030
v  -971.5806 -92.8267 14.0998
v  -968.2412 -95.8979 12.0713
v  -973.6783 -90.7593 13.5168
v  -974.7594 -88.6795 13.0371
v  -985.5419 -77.9275 10.7272
v  -984.4202 -77.9956 10.7272
v  -983.0687 -78.6224 10.7272
v  -981.5281 -79.3855 10.7272
v  -980.2712 -80.4211 10.7272
v  -979.1360 -81.6065 10.7272
v  -978.3792 -82.6285 10.7272
v  -977.5548 -84.3181 10.7272
v  -977.3522 -86.5801 10.7272
v  -977.3386 -89.3734 10.7272
v  -975.9349 -92.5599 10.7272
v  -973.3910 -94.9926 10.7272
v  -969.8987 -95.9293 12.1023
v  -971.4086 -95.5631 11.7241
v  -967.8477 -96.6272 11.9670
v  -965.7123 -95.4292 12.3291
v  -962.9218 -92.7699 12.4443
v  -966.5724 -99.6596 12.4726
v  -961.3018 -96.4438 12.9070
v  -960.9894 -97.4689 12.8203
v  -966.2012 -100.3459 12.4651
v  -958.8175 -94.7133 13.2937
v  -958.8174 -95.9659 13.1487
v  -960.7494 -99.5401 11.7138
v  -965.4958 -101.0460 12.1838
v  -965.3217 -104.7601 15.2155
v  -960.2826 -105.1421 15.4730
v  -958.8175 -90.0175 12.8074
v  -958.8175 -85.7779 10.7272
v  -967.7031 -100.3142 12.3911
v  -967.3591 -101.2875 12.4129
v  -968.1719 -96.9815 11.9526
v  -968.4105 -100.3900 12.4052
v  -968.2522 -101.5574 12.4482
v  -968.7261 -97.1586 11.8811
v  -969.7557 -97.7649 13.0515
v  -970.0424 -100.0581 14.1445
v  -970.7113 -97.3988 13.2961
v  -971.2083 -99.6534 14.6076
v  -970.6349 -101.2143 14.1716
v  -971.9346 -100.9060 14.7011
v  -975.0769 -105.4227 13.8536
v  -973.5781 -105.1456 13.7826
v  -971.9344 -104.3651 13.5155
v  -968.4983 -105.0028 14.9485
v  -972.5441 -106.2276 14.5505
v  -957.4716 -99.5252 10.7272
v  -975.3918 -107.2682 14.2331
v  -977.5323 -106.1891 13.5935
v  -980.6477 -110.1202 13.6355
v  -972.3768 -107.0232 14.6822
v  -968.3367 -105.7455 15.1186
v  -975.2286 -108.0739 14.4008
v  -980.4542 -110.9695 13.6465
v  -965.3585 -105.3984 15.3374
v  -960.3582 -105.9979 15.5417
v  -972.6182 -100.5243 14.6491
v  -975.6589 -104.6462 13.8548
v  -971.9965 -99.4478 14.5935
v  -971.3613 -97.4039 13.4519
v  -971.4695 -95.8096 11.5832
v  -969.9829 -96.2320 11.8867
v  -968.5233 -96.3138 11.9292
v  -973.7018 -95.5376 10.7272
v  -976.1737 -99.6763 11.9096
v  -975.9440 -100.7119 12.5578
v  -976.0128 -102.4870 13.3351
v  -976.3088 -100.8345 12.4282
v  -976.3912 -102.5006 13.2306
v  -976.5656 -99.8943 11.7729
v  -977.1210 -97.6088 10.7272
v  -975.3641 -96.2462 10.7272
v  -972.9449 -97.5407 13.2577
v  -981.0381 -109.9400 13.6989
v  -977.9297 -106.0156 13.6684
v  -976.8892 -105.1708 13.5993
v  -977.2540 -105.0209 13.5612
v  -982.1033 -109.3452 14.5088
v  -979.9805 -106.4700 15.0080
v  -978.8541 -104.3156 15.2397
v  -978.3763 -102.8318 15.0432
v  -978.3900 -101.3796 14.7575
v  -980.6302 -106.0846 15.2285
v  -982.7147 -108.9148 14.8259
v  -979.5117 -104.0366 15.3266
v  -979.1738 -102.9193 15.1623
v  -979.1469 -101.6793 14.9565
v  -979.2144 -100.2895 14.6540
v  -979.7684 -100.7800 14.7971
v  -980.2009 -100.4802 14.8247
v  -979.6469 -99.9897 14.6965
v  -980.4965 -102.3076 14.9619
v  -980.9170 -101.9993 14.9450
v  -981.8726 -104.7742 15.0385
v  -982.2357 -104.4273 15.0017
v  -983.6500 -107.2408 14.9846
v  -983.8986 -106.7591 14.9848
v  -985.9125 -112.1887 13.6955
v  -984.3124 -112.3066 13.5363
v  -982.7894 -112.3866 13.3106
v  -972.3831 -109.4617 13.8681
v  -967.9083 -108.2813 14.1873
v  -974.2792 -110.5336 13.4880
v  -965.2087 -108.1416 14.1968
v  -960.7136 -108.5987 14.3873
v  -971.6885 -111.3685 12.9204
v  -967.7234 -110.9665 12.7850
v  -965.4475 -110.7391 12.8607
v  -960.2157 -110.9155 13.1312
v  -965.4685 -112.8787 10.7272
v  -960.1697 -113.0762 10.7272
v  -967.6664 -112.9558 10.7272
v  -971.6245 -113.4887 10.7272
v  -974.3861 -111.8678 12.8423
v  -980.3055 -112.5219 13.0913
v  -974.5105 -113.7488 10.7272
v  -980.1678 -114.5293 10.7272
v  -982.8245 -114.6064 10.7272
v  -984.6592 -114.6064 10.7272
v  -986.1692 -114.5100 10.7272
v  -989.4946 -114.7027 10.7272
v  -989.0900 -112.3355 13.3768
v  -987.5920 -110.0544 14.5893
v  -985.5109 -110.2860 14.5259
v  -983.2870 -99.4563 15.7675
v  -983.5167 -101.0234 15.7986
v  -984.3951 -102.8629 15.7783
v  -985.7606 -103.8961 15.7573
v  -987.1940 -104.3779 15.6687
v  -984.2465 -100.7781 15.8681
v  -984.0708 -99.4018 15.8198
v  -985.0168 -102.4405 15.8198
v  -986.0439 -103.2036 15.7866
v  -987.1385 -103.4488 15.6660
v  -983.4753 -97.3544 15.3508
v  -982.6918 -97.3930 15.3074
v  -980.1835 -98.0864 14.5478
v  -977.6968 -97.2415 10.7272
v  -982.0349 -95.6473 14.4304
v  -980.2240 -96.1514 13.5739
v  -978.0347 -96.2059 10.7272
v  -981.0349 -92.7585 11.6627
v  -980.1024 -93.1264 11.4391
v  -978.9806 -92.8539 10.7272
v  -979.7645 -91.8456 10.7272
v  -980.7375 -91.5186 10.7272
v  -982.6566 -95.4156 14.2754
v  -981.5078 -92.4996 11.5131
v  -981.4833 -91.3588 10.7272
v  -985.6652 -92.9227 10.7272
v  -982.8820 -91.4746 10.7272
v  -985.4093 -99.3823 15.3967
v  -985.1002 -97.3632 14.6941
v  -984.8011 -95.9758 13.7734
v  -986.9220 -94.5034 10.7272
v  -986.7491 -97.2543 12.6479
v  -986.9033 -99.3779 13.8667
v  -985.7354 -101.4647 15.6001
v  -987.0869 -101.5328 14.9485
v  -988.2362 -103.4727 15.5893
v  -988.5399 -104.7714 15.6494
v  -987.6248 -101.5208 14.8283
v  -987.2463 -99.3815 13.5783
v  -987.0977 -97.2695 12.2246
v  -987.5986 -94.7882 10.7272
v  -988.5802 -101.6035 14.9155
v  -988.8096 -99.3489 13.5503
v  -989.0962 -101.6228 14.8225
v  -989.3256 -99.3681 13.4804
v  -989.0264 -103.3815 15.4492
v  -989.1886 -104.3899 15.5639
v  -989.3287 -97.8836 12.5591
v  -989.8423 -98.1425 12.5974
v  -990.6262 -96.7799 12.0713
v  -990.7748 -97.3113 11.9963
v  -991.1262 -97.1614 12.3047
v  -990.9775 -96.6300 12.2744
v  -990.6127 -95.6762 12.1279
v  -990.9640 -95.5263 12.6633
v  -990.5405 -95.3899 12.1313
v  -990.8694 -95.2674 12.7844
v  -992.1262 -94.5997 14.1731
v  -992.0317 -94.3408 14.3240
v  -988.9672 -95.3419 10.9563
v  -989.0626 -95.0721 12.0427
v  -988.0305 -94.5999 10.7569
v  -991.0599 -93.7713 15.0444
v  -989.9419 -93.7521 15.2380
v  -988.8716 -93.2220 15.1950
v  -987.0750 -93.9640 10.7272
v  -988.2886 -92.1140 14.7024
v  -986.3678 -92.8559 10.7272
v  -988.0687 -91.1504 14.0056
v  -986.3296 -91.4684 10.7272
v  -988.0210 -90.7457 14.3305
v  -986.9602 -89.4641 15.0993
v  -988.1930 -89.5317 15.3144
v  -985.2211 -90.2060 10.7272
v  -986.5685 -89.1076 15.1125
v  -984.1603 -88.9919 10.7272
v  -985.8900 -87.7972 15.2746
v  -988.3937 -88.7798 15.4924
v  -987.3138 -88.6738 15.5029
v  -987.0463 -88.4426 15.4856
v  -986.5194 -87.3971 15.5886
v  -986.3573 -85.8574 15.6875
v  -985.6680 -85.9119 15.5285
v  -983.2849 -86.5664 10.7272
v  -986.7357 -83.9225 15.7094
v  -986.0464 -83.6091 15.4560
v  -983.3931 -83.3370 10.7272
v  -987.6006 -81.4561 15.2190
v  -988.2087 -81.7423 15.5153
v  -984.5216 -81.0058 10.7272
v  -988.6548 -81.3063 15.6479
v  -988.0601 -81.0201 15.4223
v  -984.8256 -80.5437 10.7272
v  -988.0555 -80.1894 15.5207
v  -988.6501 -80.4756 15.7697
v  -984.9607 -80.1077 10.7272
v  -988.1501 -78.5134 15.2815
v  -988.6501 -78.8132 15.5932
v  -985.4202 -79.0312 10.7272
v  -988.6501 -77.9684 15.0285
v  -989.1908 -78.2136 15.2419
v  -989.4342 -80.7302 15.8186
v  -989.4342 -81.5614 15.6540
v  -988.7855 -82.2427 15.5586
v  -989.3989 -79.2961 15.7937
v  -989.9395 -78.6829 15.4934
v  -990.4860 -77.5309 14.6233
v  -991.2313 -77.9934 14.8366
v  -989.8934 -77.1840 13.9890
v  -991.6519 -77.7236 14.9406
v  -990.9065 -77.2611 14.6364
v  -990.2758 -76.7601 14.0056
v  -989.6068 -75.8158 12.4026
v  -991.4998 -79.8583 14.9770
v  -990.9646 -80.4750 15.3630
v  -994.8497 -81.1768 12.5461
v  -994.2064 -81.9857 12.6916
v  -993.5983 -82.8986 12.8352
v  -990.7056 -82.2318 15.1701
v  -993.2349 -84.1479 12.6299
v  -989.8486 -83.1923 15.2375
v  -987.5568 -84.2213 15.7370
v  -987.1107 -85.8700 15.6963
v  -987.1378 -87.0691 15.6501
v  -988.3676 -84.8481 15.5461
v  -987.9352 -86.1017 15.5949
v  -987.8077 -86.7882 15.5842
v  -988.5568 -88.2955 15.4753
v  -987.5297 -88.1728 15.5363
v  -990.0569 -89.5355 15.1777
v  -990.3137 -88.9768 15.1113
v  -989.1379 -90.1214 14.9870
v  -989.1379 -90.5710 14.7717
v  -990.4219 -89.9170 15.1123
v  -990.8408 -89.3038 15.0141
v  -990.8214 -90.4672 15.2795
v  -991.4701 -90.5626 15.1587
v  -989.3077 -91.2712 15.1240
v  -990.2538 -91.8026 15.6943
v  -989.5646 -92.4022 15.6462
v  -990.1456 -92.9063 15.6755
v  -990.6998 -92.3204 15.6931
v  -990.8485 -93.1244 15.5139
v  -991.1729 -92.7428 15.5175
v  -991.6593 -93.1516 15.1447
v  -992.5513 -93.8329 14.4997
v  -993.8757 -91.9525 13.5344
v  -992.9838 -91.2712 14.1291
v  -992.1864 -91.1895 14.8713
v  -995.0649 -90.1675 12.8039
v  -994.2811 -89.2682 13.0366
v  -993.5109 -88.0009 12.9248
v  -988.3483 -87.4695 15.4153
v  -989.0105 -87.8102 15.2705
v  -990.5376 -88.3416 14.8947
v  -993.2405 -86.9109 12.5591
v  -993.0784 -85.5755 12.5576
v  -990.4417 -86.3065 14.3674
v  -989.0240 -86.5974 15.1640
v  -995.5759 -80.5409 12.5263
v  -995.3972 -89.9117 12.6892
v  -994.6134 -89.0124 12.8181
v  -993.9241 -87.8678 12.6970
v  -993.6268 -86.9140 12.3933
v  -993.4917 -85.5922 12.3591
v  -993.6268 -84.2024 12.3349
v  -993.9512 -83.1259 12.4812
v  -994.4512 -82.2675 12.4470
v  -995.1134 -81.4908 12.3774
v  -995.9377 -80.8640 12.2776
v  -996.4784 -79.9510 12.4936
v  -996.7726 -80.2442 12.3325
v  -995.4783 -77.1577 14.5722
v  -994.5863 -77.7572 14.7236
v  -996.0159 -76.4148 14.5727
v  -997.3920 -79.1127 12.6133
v  -996.5320 -76.3763 14.4602
v  -997.7551 -78.9778 12.5713
v  -997.7047 -79.4687 12.3159
v  -992.8353 -77.0993 15.4250
v  -991.9028 -76.5134 15.4187
v  -992.4299 -75.7775 15.5385
v  -993.3489 -76.3635 15.4821
v  -994.2544 -76.7041 15.1985
v  -995.0516 -76.6087 14.8557
v  -995.4706 -75.7639 14.7268
v  -995.8220 -75.4233 14.6591
v  -995.0382 -75.2598 14.6509
v  -995.3895 -74.9191 14.6076
v  -998.1331 -74.6057 15.0547
v  -997.5790 -73.5565 15.2541
v  -997.1195 -72.7525 15.1797
v  -998.7869 -75.8659 14.5766
v  -999.0748 -78.6036 12.5913
v  -999.0366 -79.1432 12.3003
v  -999.1786 -99.6360 15.0920
v  -999.1976 -98.5569 15.1367
v  -999.1212 -100.6574 14.5429
v  -998.7318 -102.1388 10.7272
v  -997.0570 -97.1309 15.1909
v  -996.5410 -97.9017 15.2136
v  -996.0632 -98.8459 14.7129
v  -995.0693 -99.5590 10.7272
v  -995.6809 -98.5762 14.6694
v  -996.1779 -97.6512 15.3139
v  -996.6366 -96.8033 15.2761
v  -994.6298 -97.1887 15.6570
v  -995.1458 -96.3215 15.6574
v  -993.9418 -97.9402 15.1701
v  -992.9812 -99.0571 10.7272
v  -994.2094 -95.3387 15.6067
v  -993.6742 -95.8205 15.7251
v  -992.6613 -95.7434 15.3340
v  -992.8141 -96.2830 15.5547
v  -993.3875 -95.3387 15.5425
v  -993.8080 -94.7221 15.3576
v  -992.7762 -94.0806 14.5295
v  -994.0872 -92.3092 13.6479
v  -994.8575 -92.7452 14.0620
v  -995.5062 -93.0041 14.2414
v  -996.7225 -91.0147 12.7658
v  -996.0737 -90.7558 12.7541
v  -995.3846 -90.4288 12.7331
v  -996.2090 -90.4288 12.6828
v  -996.8982 -90.7694 12.6582
v  -998.5914 -94.8873 13.9485
v  -998.1589 -94.5603 13.8601
v  -999.0104 -91.8351 12.4929
v  -998.5509 -91.7260 12.6179
v  -996.8210 -93.6337 14.0647
v  -997.5779 -91.4127 12.7351
v  -998.9563 -91.4535 12.5444
v  -997.8752 -91.1265 12.7234
v  -993.3883 -70.7089 10.7272
v  -996.2118 -69.0455 10.7272
v  -993.8800 -75.3509 15.1111
v  -991.6473 -70.9080 10.7272
v  -991.9114 -74.8306 15.1384
v  -990.3679 -71.4651 10.7272
v  -991.0704 -75.3894 14.8208
v  -989.4076 -72.7215 10.7272
v  -995.2510 -86.2634 14.5940
v  -995.5568 -87.2270 14.6374
v  -995.3656 -84.2208 14.5647
v  -996.2257 -82.6599 14.4929
v  -997.9076 -81.5614 14.3462
v  -998.2134 -89.4238 14.4756
v  -996.4933 -88.5181 14.4424
v  -998.1370 -82.1973 14.9299
v  -996.8181 -83.0260 15.0776
v  -995.9772 -84.4327 15.1418
v  -995.9198 -86.4754 15.0864
v  -996.8563 -87.6894 15.1228
v  -998.2134 -88.5566 15.0342
v  -998.0604 -87.0535 15.5820
v  -997.7546 -84.4905 15.7080
v  -997.5444 -85.7624 15.7195
v  -990.5941 -107.5784 15.1699
v  -991.1077 -106.9243 15.1455
v  -994.0808 -108.4504 14.5298
v  -993.8375 -109.2680 14.5320
v  -993.7230 -114.4149 10.7272
v  -992.9727 -112.2113 13.3414
v  -995.1475 -103.9293 10.7272
v  -997.0463 -104.8763 10.7272
v  -993.1129 -101.9578 10.7272
v  -992.4102 -99.9138 10.7272
v  -994.9183 -66.1169 10.7272
v  -994.8373 -64.2841 12.2365
v  -994.9454 -63.3984 12.9218
v  -994.9183 -61.9541 13.1159
v  -994.8239 -61.3000 12.9760
v  -989.9894 -62.9330 13.3325
v  -989.8938 -62.2778 13.2182
v  -990.4672 -64.4168 13.0261
v  -985.3259 -63.8965 13.6352
v  -985.6891 -64.4168 13.7104
v  -983.4529 -65.7272 13.8501
v  -983.0897 -65.2069 13.7656
v  -986.9122 -65.7465 13.4001
v  -985.5934 -66.3438 13.4660
v  -990.6200 -65.0335 12.5886
v  -987.2372 -66.2475 12.9917
v  -985.9375 -66.8063 13.1142
v  -983.0323 -66.3438 13.8149
v  -982.5164 -65.7850 13.7531
v  -984.5232 -66.8256 13.5490
v  -985.2494 -67.0376 13.2285
v  -991.4448 -66.4370 10.7272
v  -988.5073 -67.6079 10.7272
v  -989.7228 -60.6570 12.3664
v  -994.2708 -57.0710 10.7272
v  -984.9607 -62.3190 12.9182
v  -983.7631 -59.1532 10.7272
v  -988.8021 -57.8949 10.7272
v  -982.5298 -63.5446 13.0569
v  -981.6973 -64.0818 12.9714
v  -979.8062 -61.2677 10.7272
v  -981.1012 -60.1756 10.7272
v  -982.1206 -66.7927 13.4907
v  -981.7439 -66.2703 13.3825
v  -981.1670 -65.5818 13.0898
v  -980.6067 -65.0427 12.3447
v  -980.7950 -64.2117 12.3574
v  -846.8950 -72.6435 15.5230
v  -846.8807 -73.7920 15.3809
v  -846.1541 -73.7164 15.3481
v  -846.1541 -72.6177 15.4697
v  -846.1539 -71.7938 15.3508
v  -847.0909 -71.7108 15.3755
v  -849.1263 -73.3596 15.3279
v  -848.6398 -74.3680 15.1116
v  -849.7885 -72.5557 15.2032
v  -851.1265 -74.5860 14.4612
v  -850.4507 -75.4717 14.5330
v  -851.8157 -73.8093 14.1363
v  -847.9814 -75.7704 14.7105
v  -849.6167 -76.7515 14.3338
v  -846.6029 -75.5660 14.8379
v  -846.8340 -78.5554 12.7491
v  -850.7769 -75.5835 14.5872
v  -849.9447 -76.8706 14.4128
v  -851.4287 -74.6845 14.4370
v  -852.1499 -73.9202 14.2028
v  -848.4585 -78.9215 12.7434
v  -848.7836 -79.0468 12.8016
v  -848.0955 -79.3744 12.4168
v  -846.6238 -79.0757 12.4148
v  -848.5063 -79.5341 12.3863
v  -854.4170 -74.4298 15.0328
v  -853.7480 -75.1042 15.3894
v  -852.6395 -75.8558 15.3797
v  -851.0914 -77.2240 14.7847
v  -853.3467 -76.8000 15.3777
v  -852.1044 -78.0719 14.6246
v  -854.5508 -75.7787 15.4310
v  -855.2771 -75.1042 14.9798
v  -856.6724 -76.2219 13.3623
v  -855.9077 -77.1276 14.2337
v  -854.3978 -78.2839 14.5066
v  -853.0027 -79.5364 13.4717
v  -850.1359 -79.9411 12.6998
v  -851.2634 -81.1166 12.4559
v  -849.8086 -80.3114 12.4002
v  -851.1024 -81.7128 12.3416
v  -856.2649 -77.4341 14.1849
v  -854.7512 -78.5787 14.4168
v  -857.1912 -76.3379 12.9192
v  -853.2916 -80.0776 13.3506
v  -851.6160 -81.6174 12.3775
v  -855.8896 -79.3627 15.2056
v  -857.1703 -78.5340 15.1431
v  -858.8330 -77.5898 13.5718
v  -854.1887 -81.1549 14.2647
v  -852.2393 -82.7350 12.5086
v  -856.5586 -79.9794 15.3497
v  -857.7053 -79.1315 15.2295
v  -859.4064 -78.3992 13.6846
v  -858.6992 -80.9236 14.0589
v  -857.5715 -81.7715 14.3838
v  -858.9286 -81.2319 13.6709
v  -857.8009 -82.0798 14.2024
v  -860.0371 -79.5169 12.8819
v  -860.0753 -79.9794 12.5877
v  -854.8193 -81.6752 14.5313
v  -855.7368 -82.9278 14.3702
v  -855.8514 -83.2939 14.3499
v  -852.6597 -83.5830 12.6111
v  -852.8508 -84.3923 12.5171
v  -852.8699 -84.8548 12.4544
v  -851.9525 -83.2168 12.4275
v  -852.2775 -84.8741 12.2825
v  -858.3169 -83.9298 15.1324
v  -857.3422 -84.4694 15.0384
v  -860.3015 -83.3478 14.4500
v  -862.6881 -82.4551 10.7272
v  -860.9232 -85.4463 14.6556
v  -862.9880 -85.9937 12.5806
v  -858.5845 -85.4522 15.3172
v  -857.5906 -85.5485 15.1915
v  -857.3014 -87.2449 15.1727
v  -858.2203 -87.4357 15.2764
v  -860.2205 -88.1987 14.6185
v  -861.6248 -88.9727 12.6775
v  -856.8689 -89.8066 14.9051
v  -855.9498 -89.4796 14.8680
v  -858.0581 -90.5969 14.1668
v  -861.3093 -93.4242 10.7272
v  -856.5446 -90.4607 14.7967
v  -855.6235 -90.0537 14.9074
v  -857.8149 -91.1420 13.9441
v  -860.8198 -93.8258 10.7272
v  -851.8508 -88.3723 12.4336
v  -852.2566 -87.6449 12.2579
v  -852.8416 -86.3183 12.4864
v  -852.2701 -86.2414 12.1641
v  -851.8782 -87.4541 12.0792
v  -851.4685 -88.1796 12.2283
v  -855.1956 -91.9565 15.3741
v  -856.1129 -92.3612 15.2642
v  -857.6036 -93.1706 13.9341
v  -860.1216 -95.3687 10.7272
v  -858.1897 -96.6594 10.7272
v  -856.6364 -94.4841 14.5525
v  -856.0173 -96.3502 12.9082
v  -855.0044 -95.0591 14.3631
v  -854.7368 -95.6179 14.0408
v  -855.7498 -96.9091 12.7659
v  -853.9723 -95.0206 14.4983
v  -854.2399 -94.4617 14.6692
v  -855.7115 -93.5753 15.4402
v  -854.5457 -92.8045 15.3802
v  -853.1696 -93.6909 14.7476
v  -852.7109 -94.1341 14.8186
v  -849.8250 -90.4920 12.4600
v  -850.2837 -90.0488 12.4222
v  -850.0925 -89.7212 12.4478
v  -849.4810 -90.1259 12.4925
v  -851.1437 -89.3165 12.4222
v  -850.8953 -89.0467 12.2894
v  -852.7490 -96.3887 15.1499
v  -851.7361 -95.4637 15.3169
v  -850.8569 -96.0033 15.2845
v  -851.4304 -97.0054 15.2820
v  -849.1942 -95.9455 14.8858
v  -849.8632 -97.0632 14.8169
v  -853.4180 -97.1596 14.4605
v  -851.9272 -97.9304 14.4546
v  -850.3218 -98.1809 13.9854
v  -854.2399 -98.2580 13.1072
v  -852.9211 -99.2793 11.9473
v  -851.0120 -99.8465 10.7272
v  -848.8119 -96.3309 14.8711
v  -849.4618 -97.4486 14.6368
v  -850.1116 -98.5470 13.5118
v  -848.7356 -100.1079 13.6775
v  -849.4312 -101.5960 10.7272
v  -848.2314 -99.1460 14.8699
v  -847.4476 -98.1513 15.2378
v  -846.7080 -102.7469 10.7272
v  -846.5554 -101.1969 13.9996
v  -846.4216 -100.0599 15.0027
v  -846.1541 -98.8652 15.1697
v  -847.5697 -94.6011 14.2767
v  -847.9615 -94.4785 14.2811
v  -847.3129 -91.6987 12.2837
v  -846.7859 -91.9031 12.2764
v  -846.1541 -95.2838 14.2940
v  -109.0851 -70.9447 14.1965
v  -104.3206 -70.0846 14.4527
v  -100.5415 -68.3488 14.5220
v  -97.8518 -66.1395 14.4321
v  -95.3375 -63.5133 13.7636
v  -92.9529 -60.9579 11.9787
v  -91.0048 -58.5572 10.7272
v  -105.1909 -68.3867 15.1858
v  -109.1870 -69.8473 14.6386
v  -102.5269 -66.3553 15.4654
v  -101.5112 -64.9283 15.4036
v  -99.3966 -65.2976 14.9842
v  -100.9950 -63.9882 15.2461
v  -99.4049 -64.2568 14.7880
v  -97.1987 -62.4604 14.3235
v  -96.4495 -62.8466 14.3482
v  -94.2183 -60.2277 12.2747
v  -95.2839 -59.9255 12.1841
v  -92.7114 -57.5583 10.7272
v  -95.0342 -57.8270 10.7272
v  -99.3383 -62.3430 13.7247
v  -99.1764 -59.7618 10.7272
v  -100.7952 -62.0240 13.8853
v  -100.7666 -59.5939 10.7272
v  -108.8956 -69.0498 14.5474
v  -105.5239 -67.7151 15.0035
v  -103.3760 -66.0867 15.4026
v  -102.3604 -64.9451 15.4302
v  -101.8442 -64.0050 15.3223
v  -101.4945 -62.2422 14.2134
v  -107.0308 -66.5401 13.2863
v  -106.1238 -64.1603 10.7272
v  -105.2751 -62.5864 10.7272
v  -103.9098 -60.6054 10.7272
v  -102.7275 -59.6485 10.7272
v  -109.6438 -66.6450 15.1229
v  -110.5283 -67.3535 15.3699
v  -108.8300 -65.1039 14.2930
v  -108.5802 -63.3580 13.4014
v  -106.5488 -61.8638 10.7272
v  -107.5563 -60.5292 10.7272
v  -108.5371 -61.5642 11.7989
v  -109.3628 -59.6982 10.7272
v  -109.1257 -61.4930 11.9183
v  -109.1963 -62.7750 13.2613
v  -109.5626 -64.5331 14.5271
v  -110.1854 -66.0514 15.2725
v  -111.0112 -66.5813 15.3921
v  -114.4238 -68.2357 14.9610
v  -114.3297 -68.9955 14.8912
v  -116.9905 -69.0905 14.4251
v  -117.1318 -68.1882 14.4046
v  -115.7543 -62.7038 10.7272
v  -115.0833 -62.3833 10.7272
v  -111.7278 -60.2821 10.7272
v  -110.3149 -59.6767 10.7272
v  -114.0356 -70.1173 14.4168
v  -117.0850 -70.0224 13.9037
v  -123.0657 -67.8796 13.8475
v  -123.2070 -66.9774 13.7801
v  -131.2595 -65.5067 13.4123
v  -132.4043 -64.1956 13.3610
v  -123.2194 -62.1697 10.7272
v  -131.0842 -60.2229 10.7272
v  -123.1604 -68.7107 13.4858
v  -128.5527 -67.7017 12.9231
v  -113.4944 -72.5687 10.7272
v  -117.2737 -71.8565 10.7272
v  -121.6182 -71.1917 10.7272
v  -121.4844 -80.0676 13.3990
v  -119.9928 -83.5703 13.7769
v  -128.0284 -72.7312 12.5459
v  -129.0024 -73.6775 12.6277
v  -127.4922 -71.9627 12.5927
v  -127.3829 -71.3780 12.6158
v  -122.8501 -72.1378 12.0604
v  -127.7949 -69.5024 12.4624
v  -128.8428 -68.4221 12.6480
v  -119.5454 -86.5143 14.1275
v  -119.3103 -89.3987 14.3616
v  -117.3560 -91.3930 13.2569
v  -117.8503 -94.7881 13.5770
v  -115.2927 -95.9822 10.7272
v  -120.2286 -94.2183 14.9239
v  -120.8347 -96.7016 15.0511
v  -118.6951 -97.3892 13.8946
v  -121.0513 -97.7760 14.9185
v  -119.1946 -98.2621 13.8772
v  -118.1770 -98.2121 13.5113
v  -118.8833 -98.9244 13.5713
v  -118.1316 -100.0167 13.5608
v  -119.0247 -100.3964 13.5584
v  -114.8097 -99.1143 10.7272
v  -117.7312 -103.3406 13.6644
v  -118.6731 -103.7679 13.6563
v  -113.7988 -102.2959 10.7272
v  -116.3661 -106.8086 13.5855
v  -117.1653 -107.3794 13.5308
v  -114.9341 -108.7896 13.5018
v  -116.2161 -110.1074 13.1793
v  -112.9260 -104.1907 10.7272
v  -111.6273 -105.6681 10.7272
v  -112.3699 -111.0056 13.0733
v  -111.8704 -110.1327 12.9725
v  -109.8956 -107.1118 10.7272
v  -107.3749 -111.2407 12.2605
v  -107.4081 -112.2144 12.2178
v  -106.7654 -108.4885 10.7272
v  -102.4270 -112.9306 10.7272
v  -102.5361 -111.0738 10.7272
v  -120.4187 -104.6272 12.9698
v  -118.8868 -108.2534 12.9500
v  -123.3135 -106.7577 10.7272
v  -121.7593 -109.9629 10.7272
v  -120.8711 -101.3063 13.0533
v  -122.4723 -102.1135 12.5350
v  -120.9888 -100.2142 13.2120
v  -122.8494 -100.8483 12.6990
v  -118.1801 -112.6457 10.7272
v  -115.8018 -112.5983 10.7272
v  -113.2351 -113.0968 10.7272
v  -107.1365 -114.0228 10.7272
v  -124.4673 -104.9770 12.5796
v  -125.1030 -105.6655 12.5240
v  -123.2990 -102.9635 12.5975
v  -124.1814 -102.9803 12.7857
v  -125.0325 -104.4547 12.9356
v  -125.9037 -105.1432 12.9285
v  -125.7625 -104.2410 12.8609
v  -126.6337 -104.9296 12.8677
v  -124.8911 -103.3151 12.8262
v  -131.6727 -109.1081 13.1673
v  -131.5786 -108.3246 12.9966
v  -131.0840 -110.0341 12.7137
v  -129.9773 -111.1974 10.7272
v  -132.4263 -109.0844 13.2901
v  -132.3320 -108.3009 12.9273
v  -133.0857 -110.6039 13.3069
v  -132.8501 -112.2896 10.7272
v  -133.0386 -109.0844 13.4485
v  -133.6979 -110.6039 13.4483
v  -132.8031 -108.1110 12.8658
v  -133.6979 -112.7169 10.7272
v  -135.5735 -109.8064 14.1175
v  -135.3403 -109.1181 14.1509
v  -136.1895 -109.4035 14.1649
v  -135.9231 -108.6984 14.1580
v  -132.4993 -107.3027 12.4957
v  -132.9988 -107.4873 12.4939
v  -136.8057 -107.7415 14.0745
v  -137.3218 -108.3459 14.1297
v  -139.3198 -112.0644 12.8112
v  -139.4031 -111.3425 12.8163
v  -140.1689 -110.3940 12.4882
v  -138.7052 -113.9108 10.7272
v  -138.6931 -106.6143 13.4996
v  -142.3729 -107.7391 10.7272
v  -138.9097 -105.7917 13.1114
v  -137.8440 -106.3289 13.5752
v  -137.8939 -105.6574 13.2020
v  -134.3973 -106.2953 11.7620
v  -134.5972 -105.7749 11.5677
v  -133.8645 -106.2618 11.7654
v  -133.9645 -105.8421 11.6136
v  -134.8802 -104.0793 10.7272
v  -134.2476 -104.1465 10.7272
v  -135.8126 -103.1056 10.7272
v  -136.1456 -102.6020 10.7272
v  -137.7773 -101.7710 10.7272
v  -138.9097 -102.2746 11.3512
v  -142.2163 -103.9513 10.7272
v  -125.1035 -102.2334 12.6147
v  -124.4524 -101.9653 12.6138
v  -123.5071 -100.7391 12.6978
v  -123.0492 -100.3614 12.8274
v  -121.1511 -99.6563 13.6792
v  -121.8337 -98.1622 14.7027
v  -123.5654 -98.7665 14.1802
v  -124.1648 -98.8505 14.1846
v  -124.4135 -98.2223 14.2942
v  -123.8651 -97.9103 14.4002
v  -122.2001 -97.1045 14.8919
v  -121.1344 -94.2673 14.8924
v  -120.0354 -89.4827 14.4278
v  -120.2686 -86.6119 14.1863
v  -120.8513 -83.6908 13.8719
v  -122.0457 -80.4436 13.4463
v  -129.3363 -74.1849 12.7935
v  -130.0787 -72.9471 14.7051
v  -130.3451 -73.7865 14.4566
v  -131.1609 -72.7625 15.2537
v  -131.1591 -73.6214 15.2149
v  -131.2109 -70.8654 15.3526
v  -129.3960 -71.7216 14.4366
v  -129.5459 -69.7574 13.9900
v  -131.7104 -69.2873 15.2369
v  -130.1786 -68.7165 14.1124
v  -133.3256 -67.5917 15.1485
v  -131.7937 -67.0209 14.3401
v  -136.0396 -65.1575 14.7693
v  -134.5077 -64.5867 14.2151
v  -129.1512 -103.0008 12.1500
v  -132.7424 -103.1966 10.7272
v  -129.4103 -101.6058 13.4292
v  -131.8889 -101.0004 12.8600
v  -127.8325 -102.8583 12.3764
v  -128.3043 -101.4536 13.5450
v  -127.3301 -102.6719 12.4357
v  -128.0159 -101.2755 13.5564
v  -127.5508 -101.3764 13.5079
v  -126.5912 -102.7090 12.5070
v  -126.7546 -101.1517 13.7176
v  -125.5891 -100.3710 14.0306
v  -125.9677 -99.8132 14.0701
v  -126.9568 -100.6561 13.8978
v  -127.6868 -100.7748 13.7737
v  -128.1813 -100.5967 13.6954
v  -128.5345 -100.9291 13.6265
v  -129.4529 -101.1428 13.4605
v  -131.7783 -100.5136 12.9363
v  -134.0090 -100.1250 12.2186
v  -134.0757 -100.6455 12.1575
v  -134.4087 -103.0295 10.7272
v  -135.7668 -101.9695 10.7272
v  -135.1913 -102.6098 10.7272
v  -136.0317 -100.2065 10.7272
v  -133.6709 -99.4052 12.2293
v  -135.0839 -99.1381 11.6813
v  -131.6340 -99.7851 12.8399
v  -129.3379 -100.4261 13.4515
v  -128.1370 -100.1412 13.7183
v  -126.4885 -99.3696 13.9576
v  -124.8754 -97.8144 14.1302
v  -123.9688 -97.2802 14.3773
v  -131.2922 -75.1996 15.1631
v  -130.6096 -75.4515 14.8589
v  -129.6770 -75.7705 12.6570
v  -131.0598 -77.8309 14.2828
v  -129.9447 -80.0256 10.7272
v  -131.6598 -77.3728 14.9402
v  -131.8308 -79.1033 14.1419
v  -131.0437 -81.1001 10.7272
v  -132.1016 -78.2367 14.7732
v  -125.3423 -79.8178 12.7549
v  -127.8608 -81.1761 10.7272
v  -123.5289 -83.9967 13.1551
v  -126.7305 -84.6426 10.7272
v  -123.3395 -86.9220 13.2161
v  -123.3159 -89.3676 13.3919
v  -123.9282 -91.6470 13.4175
v  -125.8120 -94.6387 13.1480
v  -128.4260 -97.2268 12.9126
v  -126.5576 -86.8785 10.7272
v  -126.9573 -89.7662 10.7272
v  -128.3893 -92.7547 10.7272
v  -130.4983 -94.7633 10.7272
v  -132.6294 -96.4491 10.7272
v  -136.1335 -98.1583 13.9395
v  -134.4351 -96.3450 13.0013
v  -135.0178 -95.8917 13.5633
v  -136.3000 -97.6210 14.2703
v  -134.1270 -94.6241 13.2950
v  -134.7180 -94.5738 13.3532
v  -132.0371 -94.5486 10.7272
v  -135.6006 -94.6074 13.3747
v  -135.8503 -95.5392 13.7225
v  -137.4822 -96.3115 14.4544
v  -137.0826 -96.9495 14.6670
v  -140.5795 -97.2853 15.8033
v  -140.5461 -96.6305 15.6329
v  -137.9319 -98.7292 14.8648
v  -137.2657 -99.1153 14.3316
v  -138.8643 -100.3577 14.2725
v  -140.1132 -100.9286 14.3834
v  -139.3140 -99.8205 14.8069
v  -140.3796 -100.3409 14.8521
v  -137.9153 -94.7837 13.2842
v  -139.4554 -94.8172 13.2977
v  -141.8782 -96.5297 15.8748
v  -142.2113 -97.1174 16.0193
v  -142.8774 -95.9421 15.7764
v  -143.2104 -96.5297 15.8592
v  -143.3414 -98.2866 15.9163
v  -142.3756 -98.2363 15.9319
v  -141.2289 -97.9736 15.8685
v  -140.4546 -94.5822 13.4803
v  -141.3704 -94.0029 13.3660
v  -138.7478 -93.6419 14.8550
v  -140.4128 -92.8193 14.8221
v  -136.5164 -93.2726 14.6490
v  -135.5339 -92.8193 14.3992
v  -134.8679 -92.0973 14.1170
v  -135.2509 -91.5432 14.6675
v  -135.9170 -92.2652 14.9344
v  -136.8162 -92.5842 15.2288
v  -138.6478 -92.8192 15.4222
v  -139.8634 -92.1980 15.4388
v  -131.6874 -92.0134 10.7272
v  -131.6375 -90.6198 10.7272
v  -139.2473 -90.0826 16.1866
v  -138.0317 -90.7038 16.1392
v  -137.0493 -90.4351 16.0245
v  -139.0308 -88.1350 16.2083
v  -138.0984 -88.2021 16.2701
v  -136.8994 -88.6051 15.9222
v  -134.9678 -88.5547 14.6153
v  -131.6208 -88.2693 10.7272
v  -138.7977 -85.0290 15.2017
v  -137.8485 -84.7771 15.3855
v  -136.8495 -84.8946 15.1998
v  -135.1011 -84.6428 13.7950
v  -132.1029 -84.1926 10.7272
v  -133.0188 -82.0604 10.7272
v  -135.5498 -82.8159 13.1141
v  -137.2483 -83.0006 14.7244
v  -138.0642 -83.0342 14.8516
v  -138.9967 -83.3364 14.5882
v  -134.4841 -81.3216 10.7272
v  -136.2991 -81.9596 13.3147
v  -138.9811 -81.2718 14.3362
v  -138.4148 -80.9192 14.1209
v  -137.6646 -80.5661 13.2220
v  -136.7654 -80.0457 11.9673
v  -139.8293 -81.6742 14.2063
v  -132.9612 -79.4713 14.2291
v  -132.7523 -81.3216 10.7272
v  -134.3508 -79.4580 14.0345
v  -135.6416 -78.4921 13.9786
v  -133.0789 -78.6284 14.7955
v  -134.2917 -78.5097 14.6429
v  -139.0977 -77.8972 11.9646
v  -139.6471 -78.3169 12.5838
v  -140.2133 -79.1731 13.6775
v  -140.5962 -79.8280 14.0787
v  -140.9126 -80.5499 14.1124
v  -140.3464 -76.4701 11.7881
v  -141.3789 -78.5184 13.4839
v  -141.5786 -79.1564 13.8665
v  -141.8618 -79.8447 14.0091
v  -132.3259 -74.8725 15.1597
v  -132.2554 -73.1154 15.2247
v  -139.9802 -75.3452 12.2217
v  -132.3967 -70.2424 15.3843
v  -140.0468 -73.3809 12.6543
v  -134.1157 -68.4379 15.1233
v  -136.8474 -66.0161 14.7801
v  -132.5797 -77.4333 15.0064
v  -133.9951 -77.3997 14.8616
v  -141.1583 -71.3135 12.6348
v  -143.4164 -69.4229 12.7640
v  -140.9519 -64.2518 14.4739
v  -142.3673 -71.7902 12.7300
v  -144.0825 -69.7755 12.7247
v  -146.4636 -67.6600 13.0137
v  -147.1296 -67.9958 12.8582
v  -145.3612 -63.1798 14.1949
v  -140.3689 -63.2036 14.5806
v  -145.1729 -62.0401 14.2610
v  -139.8508 -62.0401 14.0611
v  -145.0552 -60.8530 13.6558
v  -141.4883 -73.3245 12.7876
v  -141.4550 -74.9363 12.6111
v  -141.7834 -76.3622 11.9314
v  -148.2479 -68.8058 12.4249
v  -145.2007 -70.5855 12.4461
v  -143.7520 -72.7345 12.4373
v  -142.8362 -74.1113 12.5184
v  -142.3699 -74.8668 12.4939
v  -142.9246 -76.1435 11.8248
v  -143.9570 -75.4552 11.5722
v  -145.8087 -74.4871 10.7272
v  -147.3258 -72.1820 10.7272
v  -149.1742 -70.6709 10.7272
v  -142.9858 -77.6171 12.9358
v  -145.0006 -77.2310 12.6041
v  -149.7871 -75.2286 10.7272
v  -148.4050 -77.5288 12.2698
v  -143.1523 -78.3223 13.4541
v  -144.8840 -78.0201 13.1917
v  -148.1218 -78.3179 12.8077
v  -143.4353 -79.2290 13.6890
v  -144.9507 -79.0778 13.4581
v  -147.8055 -79.3085 13.0726
v  -142.3857 -100.7911 14.9009
v  -142.2693 -101.6306 14.2059
v  -145.4034 -101.3349 14.0486
v  -145.0737 -100.5989 14.7903
v  -146.8635 -99.2692 14.8985
v  -147.1931 -100.0053 14.2769
v  -144.4851 -95.9214 15.4505
v  -145.3329 -97.2214 15.5264
v  -144.0023 -98.9309 15.6710
v  -145.9922 -97.8624 15.4996
v  -142.1420 -98.8478 15.8118
v  -140.9292 -98.6104 15.6995
v  -146.1868 -96.2069 15.4097
v  -146.8529 -96.8449 15.3592
v  -144.9380 -95.4346 15.2083
v  -146.4199 -95.5857 15.4187
v  -145.1877 -94.8134 15.1526
v  -143.8096 -94.9112 15.1412
v  -142.4421 -92.9479 13.4662
v  -143.8762 -94.2396 14.7774
v  -144.1260 -93.6352 14.6070
v  -147.0898 -95.8346 15.3799
v  -147.2231 -94.2900 15.3834
v  -146.5237 -94.3571 15.5135
v  -145.4747 -92.1241 15.2256
v  -146.5238 -91.5029 15.1058
v  -145.6412 -89.8743 14.3663
v  -144.7587 -91.3518 14.8377
v  -143.2813 -90.0989 13.3743
v  -143.5811 -88.3150 12.2571
v  -141.3927 -92.0755 14.6062
v  -141.9343 -89.7486 14.6639
v  -140.7804 -91.3869 15.2840
v  -141.0640 -89.7561 15.4441
v  -141.7749 -88.3507 14.4434
v  -140.8141 -88.3290 15.4754
v  -140.7808 -85.4244 13.4915
v  -141.5918 -85.5301 12.6080
v  -144.0063 -85.8155 10.7272
v  -141.2305 -84.0141 13.1104
v  -141.7966 -84.2660 12.6546
v  -141.7966 -82.6878 13.2618
v  -142.3293 -82.9564 12.8133
v  -142.5459 -81.7979 13.3179
v  -145.1102 -80.4212 13.1626
v  -147.8223 -80.2486 12.8650
v  -145.3267 -80.9753 12.8489
v  -147.8079 -80.8577 12.5005
v  -142.9456 -82.2009 12.9229
v  -144.1943 -84.1653 10.7272
v  -147.8577 -82.5031 10.7272
v  -145.9263 -82.5871 10.7272
v  -144.7106 -83.4265 10.7272
v  -153.6206 -67.0954 12.2551
v  -151.0654 -69.8022 10.7272
v  -150.4297 -66.8342 12.8636
v  -151.0183 -63.0590 13.8335
v  -158.0359 -64.1393 13.2068
v  -151.1597 -61.9668 13.8404
v  -159.2488 -63.4270 13.1944
v  -151.5364 -60.8746 13.3592
v  -160.7087 -62.7147 12.7208
v  -153.0325 -69.9639 13.4649
v  -155.4802 -69.8128 15.3321
v  -159.4268 -66.5893 14.8946
v  -161.6414 -66.3710 14.6124
v  -161.9966 -67.6377 14.8575
v  -159.7830 -67.8751 15.2515
v  -156.8394 -70.1070 15.5799
v  -156.6510 -71.4604 15.2981
v  -155.2852 -71.1755 15.2418
v  -152.9539 -71.0330 13.8226
v  -151.2583 -71.1142 10.7272
v  -139.1096 -57.8012 10.7272
v  -143.9886 -56.8778 10.7272
v  -151.7483 -57.0289 10.7272
v  -161.3840 -58.7327 10.7272
v  -165.6232 -60.9645 10.7272
v  -164.1036 -67.0442 14.2596
v  -163.8705 -68.0180 14.5149
v  -170.0649 -70.7043 13.4385
v  -169.1658 -71.4095 13.6768
v  -173.5923 -66.0328 10.7272
v  -172.8386 -76.4452 13.4081
v  -174.3457 -76.9072 13.3003
v  -179.5537 -71.9594 10.7272
v  -182.9612 -76.7799 10.7272
v  -177.9578 -84.7063 13.7920
v  -166.9279 -74.7780 13.1824
v  -170.4117 -76.2022 13.2705
v  -155.2561 -72.1752 14.6902
v  -156.6216 -72.4606 14.8370
v  -159.5022 -72.6788 14.4930
v  -159.3690 -73.6023 13.8689
v  -161.6337 -72.9811 13.9952
v  -161.1675 -73.8541 13.5982
v  -162.5161 -73.3336 13.7376
v  -161.8667 -73.9548 13.4224
v  -162.0000 -74.4081 13.0926
v  -160.9924 -74.9396 10.7272
v  -162.4663 -75.0797 12.9197
v  -166.2295 -75.7345 12.9002
v  -161.8417 -76.4842 10.7272
v  -165.4885 -77.2733 10.7272
v  -163.3705 -72.7417 13.8526
v  -168.8188 -77.0609 12.7956
v  -167.2036 -77.5587 10.7272
v  -159.6733 -71.4596 14.8575
v  -161.9105 -72.1007 14.2132
v  -153.0996 -71.7328 13.5582
v  -151.8506 -72.3372 10.7272
v  -154.2319 -73.6636 10.7272
v  -155.7638 -74.2176 10.7272
v  -158.7944 -75.0739 10.7272
v  -169.7845 -79.2712 14.2955
v  -170.7336 -79.2041 14.4161
v  -171.9326 -79.6758 14.4068
v  -173.3313 -80.8679 14.4185
v  -162.4000 -82.2497 10.7272
v  -162.6088 -80.1958 10.7272
v  -170.0847 -80.0692 14.4820
v  -164.5060 -85.2175 10.7272
v  -171.3918 -80.5813 14.5372
v  -172.5908 -81.8405 14.4588
v  -177.2041 -85.6560 13.8768
v  -183.9124 -89.8509 13.4719
v  -183.3948 -90.8040 13.4399
v  -176.0564 -89.5274 10.7272
v  -182.1509 -94.1461 10.7272
v  -171.4644 -87.1768 10.7272
v  -168.1760 -86.6898 10.7272
v  -186.8153 -82.7706 10.7272
v  -151.7520 -79.7617 12.4986
v  -151.0027 -80.4501 12.7815
v  -150.6788 -81.4730 12.4737
v  -150.1626 -83.0848 10.7272
v  -155.3746 -82.3293 12.2544
v  -154.7085 -83.0009 12.4700
v  -154.1591 -83.6053 12.3079
v  -152.7103 -84.6462 10.7272
v  -152.3682 -79.2077 12.0164
v  -156.2479 -81.9947 11.8309
v  -153.8833 -77.0251 10.7272
v  -157.6301 -80.1479 10.7272
v  -160.7876 -84.0367 10.7272
v  -158.5884 -85.1956 11.7359
v  -157.6936 -85.7654 12.1611
v  -156.7163 -86.3709 12.2573
v  -155.9980 -86.7864 11.9659
v  -154.6793 -87.6531 10.7272
v  -158.5063 -90.6146 12.0189
v  -159.5481 -90.2261 11.9788
v  -160.3667 -89.8311 11.6697
v  -157.6821 -90.8046 11.7322
v  -156.0807 -91.4931 10.7272
v  -162.5095 -88.6676 10.7272
v  -159.6980 -92.2576 12.0713
v  -158.5491 -92.3583 12.1038
v  -158.5990 -92.9963 12.2276
v  -159.7479 -92.8956 12.2422
v  -160.6472 -92.2912 11.7681
v  -160.6472 -93.1642 11.9590
v  -157.7664 -92.4423 11.7857
v  -157.5166 -93.1474 11.7989
v  -156.0513 -92.6270 10.7272
v  -155.9653 -93.3090 10.7272
v  -162.3955 -92.6773 10.7272
v  -162.0500 -95.6508 13.2618
v  -161.6497 -95.7933 13.2962
v  -163.9575 -94.7248 13.9810
v  -163.1097 -97.5741 13.8409
v  -162.5681 -98.0252 13.8653
v  -164.1426 -98.3913 13.6912
v  -164.6372 -95.3997 14.0843
v  -165.6970 -94.6873 13.9466
v  -165.0140 -94.0225 13.9390
v  -163.4590 -92.1938 10.7272
v  -166.0737 -90.4372 10.7272
v  -166.8744 -93.3340 12.9974
v  -167.2277 -94.3549 13.4847
v  -170.3832 -94.4737 12.5572
v  -170.2184 -93.5239 12.4083
v  -170.6423 -90.2710 10.7272
v  -175.5168 -92.5030 10.7272
v  -173.0913 -93.5714 11.5550
v  -173.1147 -94.4974 11.6829
v  -175.9642 -93.8326 10.7272
v  -175.1401 -95.4946 10.7272
v  -173.7036 -96.3494 10.7272
v  -171.4193 -97.1092 10.7272
v  -167.0156 -96.9667 13.1583
v  -168.3108 -96.2544 12.9354
v  -169.7473 -98.4151 10.7272
v  -168.2166 -99.3886 10.7272
v  -166.7802 -100.8132 10.7272
v  -163.5540 -99.3648 13.7330
v  -165.3201 -103.1637 10.7272
v  -162.9653 -106.7965 10.7272
v  -161.8350 -104.0185 13.3943
v  -160.9872 -102.3802 14.0184
v  -160.4219 -96.2067 13.8907
v  -160.2100 -97.4652 14.1329
v  -159.3857 -96.0405 14.0359
v  -159.3622 -98.0587 14.3890
v  -158.3259 -95.8743 14.0372
v  -157.9021 -98.1062 14.7002
v  -157.3135 -96.0168 14.0162
v  -156.6776 -97.5364 14.4969
v  -154.9349 -100.5756 15.2606
v  -156.1831 -101.1217 15.4495
v  -155.4490 -101.7876 15.5394
v  -154.2002 -101.2503 15.3501
v  -154.8815 -102.7338 15.5184
v  -153.9836 -102.3416 15.4102
v  -152.0022 -98.8998 10.7272
v  -151.3761 -99.7621 11.5842
v  -150.8718 -100.7877 10.7272
v  -154.2334 -96.8347 10.7272
v  -155.2493 -95.5251 10.7272
v  -153.6658 -105.2019 15.2811
v  -151.1013 -104.7821 10.7272
v  -154.8147 -105.2858 15.3772
v  -158.2783 -105.2018 14.5093
v  -160.1267 -106.6121 13.2791
v  -156.3943 -108.9608 14.0462
v  -145.4719 -111.7381 13.3328
v  -145.3778 -112.4504 13.3121
v  -145.2129 -110.7884 12.9188
v  -150.4644 -110.8596 13.9659
v  -150.9119 -111.6906 13.6468
v  -150.5115 -109.7199 13.4893
v  -145.7781 -107.4880 10.7272
v  -150.0640 -105.9447 10.7272
v  -150.6827 -105.6881 10.7272
v  -151.5712 -109.4587 13.8863
v  -151.7361 -110.2423 14.0613
v  -153.0076 -109.7437 14.3646
v  -152.8428 -108.9601 14.5745
v  -153.1726 -106.4433 14.8748
v  -154.3960 -106.6619 15.2273
v  -154.0132 -108.5087 14.7715
v  -154.2961 -109.2139 14.6004
v  -155.2288 -108.7426 14.5608
v  -152.3313 -111.2106 13.8130
v  -153.6635 -110.8076 13.7842
v  -154.8958 -110.1361 13.9058
v  -161.5231 -108.9273 10.7272
v  -158.3427 -111.5800 10.7272
v  -154.7478 -113.6069 10.7272
v  -151.3096 -114.5567 10.7272
v  -145.1869 -114.6754 10.7272
v  -148.2579 -98.1284 14.6626
v  -148.9174 -96.6325 14.5865
v  -148.8231 -98.7457 13.9380
v  -149.6709 -97.1786 13.9092
v  -146.3740 -103.3994 10.7272
v  -149.0115 -101.7849 10.7272
v  -150.3773 -95.4454 13.6722
v  -152.8264 -96.8225 10.7272
v  -149.2705 -95.0417 14.5779
v  -150.5891 -93.6408 13.4668
v  -153.2031 -94.2581 10.7272
v  -149.4117 -93.5696 14.4886
v  -149.0115 -91.0290 14.0328
v  -147.5278 -89.2720 13.7181
v  -153.0618 -90.4117 10.7272
v  -150.4714 -87.1825 10.7272
v  -145.9500 -85.6629 10.7272
v  -147.6691 -85.7341 10.7272
v  -187.0129 -71.4585 10.7272
v  -183.6567 -59.1683 10.7272
v  -184.0896 -62.0896 11.9302
v  -184.2894 -63.0634 12.1104
v  -184.8557 -64.8766 11.9595
v  -184.3842 -68.4692 10.7272
v  -181.8484 -67.4123 10.7272
v  -183.1904 -64.5576 11.9079
v  -182.7241 -62.8451 11.9994
v  -178.5946 -65.2796 10.7272
v  -180.6261 -63.9364 11.5420
v  -180.7925 -62.7276 11.6016
v  -177.9285 -63.3320 10.7272
v  -182.4412 -61.7538 11.5986
v  -180.7926 -61.6531 11.0733
v  -179.2606 -60.6793 10.7272
v  -181.0256 -59.5376 10.7272
v  -187.5225 -103.1146 14.1788
v  -186.3921 -103.3758 14.0494
v  -186.7791 -104.5598 14.1326
v  -186.0154 -104.2543 13.9134
v  -184.5083 -104.5867 13.6639
v  -184.0372 -103.8506 13.6724
v  -183.6370 -101.2388 10.7272
v  -180.3401 -106.1300 13.3460
v  -180.8110 -106.8661 13.3209
v  -179.3040 -103.7319 10.7272
v  -177.1375 -108.6943 12.7908
v  -177.6084 -109.4304 12.6063
v  -175.6538 -106.3912 10.7272
v  -174.8552 -110.2492 11.5704
v  -175.3215 -110.9879 11.6785
v  -173.4897 -108.7718 10.7272
v  -172.8381 -111.9915 10.7272
v  -173.9919 -112.9175 10.7272
v  -183.5764 -107.0054 12.8765
v  -183.7883 -107.3378 12.7132
v  -180.4443 -110.0921 12.0306
v  -180.6799 -110.3532 11.9070
v  -179.1257 -111.8728 10.7272
v  -179.5731 -111.9678 10.7272
v  -176.6060 -112.5376 10.7272
v  -184.6615 -108.6137 14.3853
v  -187.6522 -105.8594 15.3860
v  -181.6001 -110.9168 12.2010
v  -180.6111 -112.6264 10.7272
v  -188.1938 -106.6192 15.4893
v  -185.2031 -109.3735 14.3536
v  -182.5657 -110.9643 12.6531
v  -181.7178 -112.6976 10.7272
v  -188.7777 -106.3412 15.5738
v  -188.2596 -105.1302 15.4053
v  -186.6160 -112.5552 10.7272
v  -186.4412 -110.5918 13.6522
v  -188.5371 -108.9723 14.4998
v  -76.9241 -75.6467 14.7673
v  -76.9241 -78.5756 12.6822
v  -76.9241 -79.0975 12.3773
v  -76.9241 -99.9555 15.0246
v  -76.9241 -101.0275 14.1699
v  -76.9241 -102.5617 10.7272
v  -76.9241 -81.4225 14.4254
v  -76.9241 -82.0566 15.0085
v  -76.9241 -86.9969 15.6027
v  -76.9241 -83.4927 15.6138
v  -76.9241 -85.2802 15.8065
v  -76.9241 -111.1699 13.1479
v  -76.9241 -113.4590 10.7272
v  -76.9241 -64.1982 12.4336
v  -76.9240 -66.2352 10.7272
v  -76.9241 -63.3017 13.0018
v  -76.9241 -61.7870 13.2575
v  -37.7910 -64.7330 12.7639
v  -35.7415 -63.5475 12.5322
v  -35.7415 -59.1326 10.7272
v  -39.3181 -61.3401 10.7272
v  -35.7415 -64.5149 12.5625
v  -37.5747 -65.6323 12.7419
v  -37.9801 -65.7277 12.8134
v  -38.2234 -64.8556 12.7824
v  -40.1433 -64.7090 13.0503
v  -39.6465 -65.4991 13.1045
v  -42.1541 -61.2187 10.7272
v  -43.6600 -61.5497 10.7272
v  -41.3474 -65.0751 13.0830
v  -40.6976 -65.8844 13.2783
v  -44.9169 -63.2121 10.7272
v  -42.1501 -66.4433 13.1408
v  -41.3857 -66.8480 13.3335
v  -41.6914 -72.3785 12.9665
v  -42.5515 -71.6463 12.8430
v  -46.1901 -67.7450 10.7569
v  -42.0713 -73.2981 13.0576
v  -42.8932 -72.3346 12.8396
v  -43.7915 -72.5466 13.2595
v  -42.9697 -73.5101 13.3239
v  -45.6646 -76.2009 14.7490
v  -46.0701 -75.6694 14.7519
v  -51.2961 -72.7545 14.7065
v  -50.4609 -72.7430 14.8413
v  -50.4443 -69.0067 13.7407
v  -51.1233 -69.3228 13.6589
v  -51.3468 -68.8492 13.5943
v  -50.7764 -68.1713 13.6245
v  -49.1752 -65.9380 10.7569
v  -52.1281 -66.9400 14.1311
v  -52.8491 -67.5055 14.2048
v  -51.6216 -66.0246 13.7876
v  -51.7649 -65.0611 13.2422
v  -49.4045 -64.6564 10.7272
v  -48.4741 -73.6096 14.9943
v  -47.2444 -70.3121 13.6296
v  -39.9207 -73.3997 12.4959
v  -40.2837 -76.8336 12.5871
v  -39.1600 -71.2445 12.4685
v  -36.9622 -72.7476 10.7272
v  -37.6509 -74.7514 10.7272
v  -37.2561 -69.5764 12.0261
v  -33.9878 -67.1485 11.7715
v  -46.5120 -76.0384 14.7583
v  -46.3093 -76.5017 14.7749
v  -48.7271 -76.4758 13.8720
v  -48.8499 -74.2398 14.9831
v  -50.4717 -73.4222 14.9160
v  -51.2285 -73.4494 14.7546
v  -53.0920 -74.0856 13.8187
v  -52.4846 -74.5738 14.0938
v  -51.2529 -75.0874 14.2055
v  -49.9216 -75.6869 13.9696
v  -53.5653 -72.0240 13.2303
v  -54.1680 -73.2700 13.0760
v  -52.9731 -70.7935 13.0807
v  -52.8960 -70.1316 13.1029
v  -53.9236 -68.7419 13.8278
v  -53.3407 -67.1039 14.2390
v  -54.4109 -68.3372 13.7654
v  -52.8877 -66.5202 14.2214
v  -52.2803 -65.5090 13.7407
v  -54.3433 -66.2335 13.7697
v  -55.5190 -67.2146 13.1018
v  -56.4895 -65.6312 11.5135
v  -54.4514 -65.4977 13.3965
v  -53.9379 -64.4757 12.9096
v  -55.9856 -63.4642 10.7569
v  -53.5034 -64.1890 12.7375
v  -55.4453 -63.0773 10.7569
v  -52.2708 -64.3817 12.8401
v  -51.2219 -62.7116 10.7272
v  -53.8446 -65.7286 13.8388
v  -52.8208 -64.8437 13.4035
v  -53.4270 -64.7671 13.3132
v  -52.9779 -64.2083 12.8220
v  -53.4923 -62.5208 10.7272
v  -54.6191 -68.7055 13.7490
v  -55.8433 -67.7021 13.0874
v  -57.0942 -66.9181 12.2415
v  -54.1128 -69.0620 13.7842
v  -55.0405 -71.2479 14.1518
v  -54.6582 -70.1881 14.0891
v  -55.1169 -69.4942 14.1079
v  -56.1777 -69.0992 14.0749
v  -57.2097 -69.2822 14.0014
v  -57.7927 -67.7406 12.9738
v  -58.9119 -68.4051 13.0691
v  -58.8821 -69.9278 13.5664
v  -59.3306 -68.4599 13.1286
v  -59.2787 -70.0244 13.5157
v  -59.3048 -70.5823 13.4939
v  -58.9033 -70.4859 13.5652
v  -58.8604 -72.4544 12.8766
v  -59.3848 -72.4264 12.8687
v  -58.2295 -72.8688 12.9782
v  -58.0911 -71.2664 13.7114
v  -57.0017 -71.6230 14.0857
v  -56.9993 -73.3935 13.2005
v  -55.4084 -73.4542 13.0379
v  -55.8359 -71.6422 14.1963
v  -55.4154 -70.3511 14.3452
v  -56.0270 -70.7172 14.3698
v  -56.8966 -70.8135 14.2722
v  -57.6038 -70.6305 14.0656
v  -57.7853 -70.2065 14.0207
v  -56.4856 -69.8404 14.2998
v  -61.0842 -70.6775 13.5649
v  -61.0651 -70.1187 13.5634
v  -62.5507 -70.6204 12.9570
v  -62.5237 -70.0618 12.9536
v  -64.7823 -69.5421 10.7272
v  -64.9022 -70.8044 10.7272
v  -62.5642 -71.5607 12.7353
v  -61.0371 -71.4789 13.4060
v  -60.9492 -73.0323 12.5803
v  -62.5034 -73.1140 11.7061
v  -64.8212 -71.6697 10.7272
v  -64.1113 -72.8877 10.7272
v  -60.8884 -68.4130 13.1159
v  -62.3278 -68.3108 12.5622
v  -64.2413 -68.2731 10.7272
v  -48.9696 -78.4489 14.3967
v  -46.6891 -78.1696 15.2689
v  -45.9728 -78.0742 15.2979
v  -45.5638 -80.0312 15.7046
v  -47.9392 -80.3702 14.6456
v  -44.8950 -79.8577 15.6997
v  -46.7871 -83.4902 14.7992
v  -44.4744 -83.0373 16.1684
v  -43.6909 -82.9602 16.1157
v  -44.4745 -85.8701 16.3637
v  -43.6021 -85.9531 16.3564
v  -46.6915 -84.6850 15.1521
v  -48.2511 -85.2990 15.4277
v  -48.6565 -83.2688 15.0705
v  -46.2239 -85.9667 15.8122
v  -47.1833 -86.8524 15.9775
v  -45.0481 -86.9887 16.3769
v  -44.3860 -87.7381 16.4214
v  -46.1428 -87.5746 16.3154
v  -46.1833 -88.4331 16.3574
v  -47.7375 -87.5610 15.8916
v  -48.8728 -85.7487 15.3171
v  -49.2646 -83.3778 14.9939
v  -50.2107 -80.5163 14.7719
v  -49.5620 -80.4345 14.7658
v  -51.5372 -78.4729 14.5893
v  -50.9448 -78.2802 14.6065
v  -52.5024 -76.6422 14.3925
v  -52.9807 -77.1221 14.3850
v  -54.6091 -75.4803 14.1240
v  -55.9706 -75.0238 13.9939
v  -54.7578 -75.9708 14.1875
v  -56.1044 -75.4960 14.0259
v  -57.3180 -74.8022 13.8305
v  -57.3657 -75.2744 13.8767
v  -58.7610 -74.6866 13.6303
v  -58.7800 -75.1567 13.6706
v  -60.9097 -74.7627 12.9870
v  -60.8140 -75.2349 13.0454
v  -62.7062 -75.4083 12.2700
v  -62.8018 -74.9361 12.2756
v  -63.8805 -75.3189 11.9590
v  -63.7096 -75.7455 12.0747
v  -65.4690 -73.8989 10.7272
v  -64.8588 -76.0175 11.8576
v  -64.3296 -76.4076 11.9692
v  -63.2231 -76.2894 11.8164
v  -63.8444 -76.9446 11.5351
v  -62.5925 -76.0967 12.0437
v  -60.8914 -76.0196 12.7492
v  -59.0831 -76.5890 12.9926
v  -57.5830 -77.4611 12.9196
v  -55.8125 -78.7692 12.9189
v  -54.5557 -79.9819 13.0630
v  -52.9230 -81.9447 13.0610
v  -52.0581 -83.8252 13.2749
v  -51.2742 -86.9319 13.7656
v  -49.6525 -89.3029 14.7544
v  -47.7064 -91.0470 15.4550
v  -43.0752 -89.9140 15.7170
v  -45.0576 -90.9108 15.8689
v  -41.8141 -86.8502 15.5961
v  -41.4628 -83.0076 15.0739
v  -41.7554 -79.5507 14.3054
v  -42.3860 -77.4695 14.0185
v  -37.4668 -76.8612 10.7272
v  -40.2295 -79.4653 13.1037
v  -37.5570 -79.7397 10.7272
v  -39.9695 -83.1006 13.6572
v  -37.6812 -83.1891 10.7272
v  -40.2938 -87.2157 14.3659
v  -38.0337 -87.6181 10.7272
v  -42.0210 -91.4674 14.5805
v  -40.2126 -92.3664 12.4512
v  -43.9697 -92.6389 14.8681
v  -42.9863 -94.8763 12.5993
v  -45.8533 -93.3732 14.6030
v  -48.5046 -92.8264 14.0998
v  -45.1653 -95.8976 12.0713
v  -50.6023 -90.7590 13.5168
v  -51.6835 -88.6793 13.0371
v  -62.4658 -77.9272 10.7272
v  -61.3441 -77.9953 10.7272
v  -59.9927 -78.6221 10.7272
v  -58.4520 -79.3852 10.7272
v  -57.1952 -80.4208 10.7272
v  -56.0601 -81.6062 10.7272
v  -55.3032 -82.6282 10.7272
v  -54.4788 -84.3179 10.7272
v  -54.2761 -86.5798 10.7272
v  -54.2627 -89.3731 10.7272
v  -52.8590 -92.5596 10.7272
v  -50.3149 -94.9923 10.7272
v  -46.8226 -95.9290 12.1023
v  -48.3325 -95.5628 11.7241
v  -44.7716 -96.6269 11.9670
v  -42.6362 -95.4290 12.3291
v  -39.8458 -92.7696 12.4443
v  -43.4965 -99.6593 12.4726
v  -38.2258 -96.4435 12.9070
v  -37.9133 -97.4687 12.8203
v  -43.1251 -100.3456 12.4651
v  -35.7415 -94.7131 13.2937
v  -35.7415 -95.9656 13.1487
v  -37.6733 -99.5398 11.7138
v  -42.4199 -101.0457 12.1838
v  -42.2456 -104.7598 15.2155
v  -37.2065 -105.1418 15.4730
v  -35.7415 -90.0172 12.8074
v  -35.7415 -85.7777 10.7272
v  -44.6272 -100.3140 12.3911
v  -44.2832 -101.2872 12.4129
v  -45.0959 -96.9812 11.9526
v  -45.3345 -100.3897 12.4052
v  -45.1763 -101.5571 12.4482
v  -45.6500 -97.1583 11.8811
v  -46.6797 -97.7646 13.0515
v  -46.9664 -100.0578 14.1445
v  -47.6354 -97.3985 13.2961
v  -48.1323 -99.6532 14.6076
v  -47.5588 -101.2141 14.1716
v  -48.8585 -100.9057 14.7011
v  -52.0009 -105.4224 13.8536
v  -50.5022 -105.1453 13.7826
v  -48.8585 -104.3649 13.5155
v  -45.4224 -105.0025 14.9485
v  -49.4680 -106.2273 14.5505
v  -34.3956 -99.5249 10.7272
v  -52.3158 -107.2679 14.2331
v  -54.4564 -106.1888 13.5935
v  -57.5718 -110.1199 13.6355
v  -49.3008 -107.0229 14.6822
v  -45.2607 -105.7452 15.1186
v  -52.1526 -108.0736 14.4008
v  -57.3782 -110.9692 13.6465
v  -42.2825 -105.3981 15.3374
v  -37.2822 -105.9976 15.5417
v  -49.5422 -100.5240 14.6491
v  -52.5830 -104.6459 13.8548
v  -48.9205 -99.4475 14.5935
v  -48.2854 -97.4036 13.4519
v  -48.3936 -95.8093 11.5832
v  -46.9069 -96.2318 11.8867
v  -45.4473 -96.3135 11.9292
v  -50.6257 -95.5374 10.7272
v  -53.0977 -99.6760 11.9096
v  -52.8679 -100.7116 12.5578
v  -52.9368 -102.4867 13.3351
v  -53.2329 -100.8342 12.4282
v  -53.3152 -102.5003 13.2306
v  693.1272 -99.6355 15.0920
v  693.1082 -98.5564 15.1367
v  693.1846 -100.6569 14.5429
v  693.5740 -102.1383 10.7272
v  695.2488 -97.1304 15.1909
v  695.7648 -97.9012 15.2136
v  696.2426 -98.8454 14.7129
v  697.2365 -99.5584 10.7272
v  696.6249 -98.5757 14.6694
v  696.1279 -97.6507 15.3139
v  695.6692 -96.8028 15.2761
v  697.6760 -97.1882 15.6570
v  697.1600 -96.3210 15.6574
v  698.3640 -97.9397 15.1701
v  699.3246 -99.0565 10.7272
v  698.0964 -95.3382 15.6067
v  698.6316 -95.8200 15.7251
v  699.6445 -95.7429 15.3340
v  699.4917 -96.2825 15.5547
v  698.9183 -95.3382 15.5425
v  698.4978 -94.7216 15.3576
v  699.5295 -94.0801 14.5295
v  698.2186 -92.3087 13.6479
v  697.4482 -92.7447 14.0620
v  696.7996 -93.0036 14.2414
v  695.5833 -91.0142 12.7658
v  696.2319 -90.7553 12.7541
v  696.9211 -90.4283 12.7331
v  696.0968 -90.4283 12.6828
v  695.4076 -90.7689 12.6582
v  693.7144 -94.8868 13.9485
v  694.1469 -94.5598 13.8601
v  693.2954 -91.8346 12.4929
v  693.7549 -91.7255 12.6179
v  695.4847 -93.6332 14.0647
v  694.7279 -91.4121 12.7351
v  693.3495 -91.4530 12.5444
v  694.4305 -91.1260 12.7234
v  698.9175 -70.7084 10.7272
v  696.0940 -69.0450 10.7272
v  698.4258 -75.3504 15.1111
v  700.6584 -70.9075 10.7272
v  700.3944 -74.8301 15.1384
v  701.9379 -71.4646 10.7272
v  701.2354 -75.3889 14.8208
v  702.8982 -72.7210 10.7272
v  697.0548 -86.2629 14.5940
v  696.7490 -87.2264 14.6374
v  696.9402 -84.2203 14.5647
v  696.0801 -82.6593 14.4929
v  694.3982 -81.5609 14.3462
v  694.0924 -89.4233 14.4756
v  695.8125 -88.5176 14.4424
v  694.1688 -82.1968 14.9299
v  695.4877 -83.0255 15.0776
v  696.3286 -84.4322 15.1418
v  696.3860 -86.4749 15.0864
v  695.4495 -87.6889 15.1228
v  694.0924 -88.5561 15.0342
v  694.2454 -87.0530 15.5820
v  694.5511 -84.4900 15.7080
v  694.7614 -85.7619 15.7195
v  701.7117 -107.5779 15.1699
v  701.1981 -106.9238 15.1455
v  698.2250 -108.4499 14.5298
v  698.4683 -109.2675 14.5320
v  698.5828 -114.4144 10.7272
v  699.3331 -112.2108 13.3414
v  697.1583 -103.9288 10.7272
v  695.2595 -104.8758 10.7272
v  699.1929 -101.9573 10.7272
v  699.8956 -99.9133 10.7272
v  697.3875 -66.1164 10.7272
v  697.4685 -64.2836 12.2365
v  697.3604 -63.3979 12.9218
v  697.3875 -61.9535 13.1159
v  697.4819 -61.2995 12.9760
v  702.3164 -62.9325 13.3325
v  702.4121 -62.2773 13.2182
v  701.8386 -64.4163 13.0261
v  706.9800 -63.8960 13.6352
v  706.6167 -64.4163 13.7104
v  708.8529 -65.7267 13.8501
v  709.2161 -65.2064 13.7656
v  705.3936 -65.7460 13.4001
v  706.7124 -66.3433 13.4660
v  701.6858 -65.0330 12.5886
v  705.0686 -66.2470 12.9917
v  706.3683 -66.8058 13.1142
v  709.2734 -66.3433 13.8149
v  709.7894 -65.7845 13.7531
v  707.7826 -66.8251 13.5490
v  707.0564 -67.0371 13.2285
v  700.8610 -66.4365 10.7272
v  703.7985 -67.6074 10.7272
v  702.5830 -60.6565 12.3664
v  698.0350 -57.0705 10.7272
v  707.3451 -62.3185 12.9182
v  708.5427 -59.1527 10.7272
v  703.5037 -57.8944 10.7272
v  709.7760 -63.5441 13.0569
v  710.6085 -64.0813 12.9714
v  712.4996 -61.2672 10.7272
v  711.2046 -60.1750 10.7272
v  710.1852 -66.7922 13.4907
v  710.5619 -66.2698 13.3825
v  711.1388 -65.5813 13.0898
v  711.6991 -65.0422 12.3447
v  711.5107 -64.2112 12.3574
v  845.4108 -72.6429 15.5230
v  845.4250 -73.7915 15.3809
v  846.1517 -73.7159 15.3481
v  846.1517 -72.6172 15.4697
v  846.1519 -71.7933 15.3508
v  845.2148 -71.7103 15.3755
v  843.1794 -73.3591 15.3279
v  843.6660 -74.3675 15.1116
v  842.5173 -72.5552 15.2032
v  841.1793 -74.5855 14.4612
v  841.8551 -75.4712 14.5330
v  840.4901 -73.8088 14.1363
v  844.3245 -75.7699 14.7105
v  842.6891 -76.7510 14.3338
v  845.7029 -75.5655 14.8379
v  845.4718 -78.5549 12.7491
v  841.5288 -75.5830 14.5872
v  842.3611 -76.8701 14.4128
v  840.8772 -74.6840 14.4370
v  840.1560 -73.9197 14.2028
v  843.8472 -78.9210 12.7434
v  843.5222 -79.0463 12.8016
v  844.2103 -79.3738 12.4168
v  845.6820 -79.0751 12.4148
v  843.7994 -79.5336 12.3863
v  837.8888 -74.4293 15.0328
v  838.5577 -75.1037 15.3894
v  839.6663 -75.8553 15.3797
v  841.2144 -77.2235 14.7847
v  838.9591 -76.7995 15.3777
v  840.2014 -78.0714 14.6246
v  837.7550 -75.7782 15.4310
v  837.0287 -75.1037 14.9798
v  835.6335 -76.2214 13.3623
v  836.3979 -77.1271 14.2337
v  837.9080 -78.2833 14.5066
v  839.3031 -79.5359 13.4717
v  842.1699 -79.9406 12.6998
v  841.0424 -81.1161 12.4559
v  842.4973 -80.3109 12.4002
v  841.2034 -81.7122 12.3416
v  836.0409 -77.4336 14.1849
v  837.5544 -78.5782 14.4168
v  835.1145 -76.3374 12.9192
v  839.0142 -80.0771 13.3506
v  840.6899 -81.6169 12.3775
v  836.4160 -79.3622 15.2056
v  835.1355 -78.5335 15.1431
v  833.4728 -77.5893 13.5718
v  838.1172 -81.1544 14.2647
v  840.0667 -82.7345 12.5086
v  835.7472 -79.9789 15.3497
v  834.6005 -79.1310 15.2295
v  832.8994 -78.3987 13.6846
v  833.6066 -80.9231 14.0589
v  834.7341 -81.7710 14.3838
v  833.3772 -81.2314 13.6709
v  834.5049 -82.0793 14.2024
v  832.2687 -79.5164 12.8819
v  832.2305 -79.9789 12.5877
v  837.4865 -81.6747 14.5313
v  836.5690 -82.9273 14.3702
v  836.4543 -83.2934 14.3499
v  839.6461 -83.5825 12.6111
v  839.4550 -84.3918 12.5171
v  839.4359 -84.8543 12.4544
v  840.3533 -83.2163 12.4275
v  840.0283 -84.8736 12.2825
v  833.9888 -83.9293 15.1324
v  834.9636 -84.4689 15.0384
v  832.0043 -83.3473 14.4500
v  829.6177 -82.4546 10.7272
v  831.3826 -85.4458 14.6556
v  829.3177 -85.9932 12.5806
v  833.7212 -85.4517 15.3172
v  834.7151 -85.5480 15.1915
v  835.0044 -87.2444 15.1727
v  834.0854 -87.4352 15.2764
v  832.0853 -88.1982 14.6185
v  830.6812 -88.9722 12.6775
v  835.4370 -89.8061 14.9051
v  836.3560 -89.4791 14.8680
v  834.2477 -90.5964 14.1668
v  830.9965 -93.4237 10.7272
v  835.7612 -90.4602 14.7967
v  836.6823 -90.0532 14.9074
v  834.4910 -91.1415 13.9441
v  831.4861 -93.8253 10.7272
v  840.4550 -88.3718 12.4336
v  840.0492 -87.6444 12.2579
v  839.4642 -86.3178 12.4864
v  840.0356 -86.2409 12.1641
v  840.4276 -87.4536 12.0792
v  840.8372 -88.1790 12.2283
v  837.1102 -91.9560 15.3741
v  836.1929 -92.3607 15.2642
v  834.7021 -93.1701 13.9341
v  832.1842 -95.3682 10.7272
v  834.1161 -96.6589 10.7272
v  835.6694 -94.4836 14.5525
v  836.2885 -96.3497 12.9082
v  837.3014 -95.0586 14.3631
v  837.5690 -95.6174 14.0408
v  836.5560 -96.9085 12.7659
v  838.3335 -95.0201 14.4983
v  838.0659 -94.4612 14.6692
v  836.5942 -93.5748 15.4402
v  837.7601 -92.8040 15.3802
v  839.1362 -93.6904 14.7476
v  839.5950 -94.1336 14.8186
v  842.4808 -90.4915 12.4600
v  842.0222 -90.0483 12.4222
v  842.2134 -89.7207 12.4478
v  842.8248 -90.1254 12.4925
v  841.1621 -89.3160 12.4222
v  841.4106 -89.0462 12.2894
v  839.5566 -96.3882 15.1499
v  840.5697 -95.4632 15.3169
v  841.4489 -96.0028 15.2845
v  840.8755 -97.0049 15.2820
v  843.1116 -95.9450 14.8858
v  842.4426 -97.0627 14.8169
v  838.8877 -97.1590 14.4605
v  840.3785 -97.9298 14.4546
v  841.9840 -98.1804 13.9854
v  838.0659 -98.2574 13.1072
v  839.3848 -99.2788 11.9473
v  841.2938 -99.8460 10.7272
v  843.4939 -96.3304 14.8711
v  842.8440 -97.4481 14.6368
v  842.1942 -98.5465 13.5118
v  843.5703 -100.1074 13.6775
v  842.8746 -101.5955 10.7272
v  844.0743 -99.1455 14.8699
v  844.8582 -98.1508 15.2378
v  845.5978 -102.7463 10.7272
v  845.7504 -101.1964 13.9996
v  845.8840 -100.0594 15.0027
v  846.1517 -98.8647 15.1697
v  844.7361 -94.6006 14.2767
v  844.3442 -94.4779 14.2811
v  844.9929 -91.6982 12.2837
v  845.5199 -91.9026 12.2764
v  846.1517 -95.2832 14.2940
v  842.2224 -94.1100 14.5726
v  843.8036 -91.2077 12.3531
v  844.0874 -90.8261 12.5030
v  845.6686 -91.5892 12.3548
v  846.1517 -91.9468 12.3011
v  846.1517 -91.5461 12.4148
v  832.4536 -76.5544 10.7272
v  833.7781 -75.0010 10.7272
v  831.8049 -77.6173 10.7272
v  831.3860 -78.8028 10.7272
v  831.3815 -79.6329 10.7272
v  835.1533 -72.7346 10.7272
v  834.2479 -74.5605 10.7272
v  836.3832 -71.5355 10.7272
v  838.4509 -71.0177 10.7272
v  840.6943 -69.2430 10.7272
v  839.0320 -70.9327 10.7272
v  844.2275 -68.0723 10.7272
v  846.1519 -67.9458 10.7272
v  828.9514 -82.9186 12.4173
v  829.5530 -79.1308 12.5772
v  828.8907 -79.5941 12.6365
v  828.3502 -79.8802 12.5401
v  828.2944 -83.0563 12.3949
v  830.9386 -79.5123 10.7272
v  830.9386 -78.7084 10.7272
v  829.0664 -76.8280 12.7234
v  828.5005 -77.4666 12.6563
v  829.7827 -76.8007 12.7110
v  831.4521 -77.4139 10.7272
v  828.5299 -76.4946 12.7298
v  828.2056 -76.9851 12.6900
v  831.4399 -73.9296 12.7247
v  830.9741 -73.6653 12.8071
v  832.9387 -75.3018 10.7272
v  823.3649 -81.3246 12.9935
v  824.1298 -82.6060 10.7272
v  825.3411 -85.5505 10.7272
v  827.2313 -88.2882 10.7272
v  828.3207 -91.1787 10.7272
v  836.0897 -96.9915 12.5513
v  837.7144 -98.5813 12.8157
v  845.6261 -81.3874 14.4454
v  843.8296 -82.1968 14.6434
v  842.5490 -84.0082 14.7820
v  842.2432 -85.8967 14.6612
v  843.0459 -87.9201 14.4944
v  845.1675 -89.3076 14.5027
v  846.1517 -90.3488 13.5523
v  846.1517 -89.3487 14.4931
v  845.9701 -82.0426 15.0162
v  844.1162 -82.8327 15.2205
v  845.6071 -88.5752 15.0979
v  846.1517 -88.5708 15.0830
v  843.6766 -87.3612 15.1390
v  843.2179 -85.6076 15.3531
v  843.1797 -84.1816 15.2417
v  845.4349 -86.9758 15.6104
v  845.0718 -85.0680 15.8448
v  840.7731 -108.1773 13.5503
v  840.5028 -108.7496 13.5743
v  846.1517 -109.7242 13.7327
v  846.1517 -108.8579 13.7319
v  833.2220 -105.8806 13.7305
v  834.2321 -105.6701 13.4368
v  839.7190 -109.4582 13.1887
v  832.3469 -106.6504 13.3439
v  831.6643 -108.4908 10.7272
v  839.1578 -111.5528 10.7272
v  841.7065 -105.3186 10.7272
v  837.7397 -104.0492 10.7272
v  846.1517 -105.3942 10.7272
v  838.9976 -99.6066 10.7272
v  834.0500 -105.1508 13.6126
v  833.8976 -103.7115 14.8152
v  834.6814 -103.9841 14.3274
v  836.7356 -102.5669 13.6329
v  835.8572 -102.1990 14.4390
v  836.3302 -100.8773 14.3917
v  837.2086 -101.2316 13.6160
v  838.8467 -102.0270 10.7272
v  836.1951 -100.1142 14.4087
v  837.2222 -100.2096 13.6565
v  836.5193 -99.0514 13.9349
v  835.7625 -99.2830 14.3480
v  834.3435 -98.2339 13.7381
v  835.4923 -98.0567 13.4378
v  833.9478 -100.5559 15.4224
v  834.1006 -101.3267 15.4034
v  831.9218 -100.9028 15.6800
v  832.0747 -101.6736 15.6473
v  833.5464 -99.9200 15.2559
v  831.9791 -100.2669 15.5052
v  829.7047 -100.6137 15.7681
v  829.7621 -99.9970 15.5169
v  829.6665 -101.5772 15.7413
v  827.2198 -99.3487 15.3523
v  826.8761 -99.8236 15.5369
v  826.6367 -100.7660 15.4759
v  833.2594 -98.5008 14.0601
v  830.4274 -96.3063 10.7272
v  826.3215 -99.1368 15.3799
v  826.6655 -98.6743 15.2510
v  829.0737 -98.1539 13.8248
v  828.4155 -97.7032 14.1668
v  830.4128 -98.9932 14.6099
v  831.9993 -98.9836 14.5918
v  821.4014 -97.1058 14.5679
v  823.5964 -93.4729 11.1149
v  822.6768 -93.5060 11.1706
v  819.7073 -96.6982 14.0905
v  821.2102 -97.6647 14.6751
v  819.3320 -97.3504 14.1387
v  824.6886 -97.8766 15.3082
v  824.8798 -97.3178 15.1778
v  825.5105 -98.0308 15.3848
v  825.9309 -97.6839 15.3028
v  825.6061 -95.3137 13.7068
v  827.1732 -94.3694 12.4961
v  826.0629 -92.3896 10.7272
v  826.9821 -96.3157 14.5362
v  828.1289 -95.0632 12.8309
v  828.0142 -93.7528 11.4717
v  828.0192 -92.3752 10.7272
v  828.9697 -94.2923 11.3267
v  829.6340 -93.5950 10.7272
v  829.4476 -94.9476 11.2352
v  830.1501 -94.6356 10.7272
v  829.2756 -95.7376 11.7525
v  827.9760 -97.1251 14.3946
v  826.2554 -101.6478 15.0899
v  825.3364 -103.0377 13.7447
v  828.9313 -105.0816 13.5525
v  829.5259 -103.3919 15.0010
v  832.3639 -103.6099 15.1119
v  820.4767 -99.3767 13.9239
v  818.6880 -98.4020 13.5492
v  824.0446 -99.8673 15.0687
v  821.8645 -93.1977 10.7272
v  815.6895 -95.0728 13.3912
v  814.9631 -96.2097 12.6963
v  816.0717 -94.5332 13.3387
v  819.0841 -90.9194 10.7272
v  810.7225 -89.6919 12.7767
v  810.3403 -90.2315 12.7784
v  809.8337 -91.3395 12.3714
v  814.5259 -87.0710 10.7272
v  807.0527 -86.2501 12.2911
v  806.8903 -85.1806 12.2927
v  811.2864 -84.8839 10.7272
v  806.9427 -82.8874 12.0986
v  807.3003 -89.2339 11.8951
v  807.7164 -91.9360 10.7272
v  809.6984 -93.4722 10.7272
v  814.4766 -97.8273 10.7272
v  817.4390 -100.0434 10.7272
v  819.2356 -101.2574 10.7272
v  824.2594 -104.8669 10.7272
v  827.8992 -106.7179 10.7272
v  820.0680 -82.8855 13.2815
v  815.5193 -83.6371 13.1521
v  815.2994 -85.0727 10.7272
v  819.9260 -84.3477 10.7272
v  812.0790 -83.3287 12.9461
v  807.5685 -81.7100 12.5763
v  804.0901 -78.7617 12.6143
v  803.5548 -79.7252 12.2592
v  812.2511 -82.3845 13.3924
v  815.6913 -82.6928 13.5318
v  819.8005 -81.9028 13.6077
v  822.7629 -80.4768 13.3508
v  827.2595 -76.3447 12.8182
v  827.4487 -75.8405 12.7720
v  808.1038 -80.7755 12.9728
v  804.3959 -78.2799 12.7293
v  808.3959 -80.1590 12.8990
v  804.7590 -77.7404 12.6482
v  812.2239 -81.5369 13.3152
v  815.5685 -81.8452 13.4529
v  819.3718 -81.1515 13.4405
v  822.2291 -80.0435 13.2905
v  826.5028 -76.2221 12.7989
v  826.7054 -75.7315 12.7369
v  823.8674 -76.6990 12.4070
v  824.1107 -76.2629 12.4603
v  821.6663 -76.4077 10.7272
v  821.5361 -78.4227 12.5831
v  818.9347 -79.1108 12.4969
v  818.7319 -76.9715 10.7272
v  815.5967 -79.2607 12.2483
v  815.7278 -77.1083 10.7272
v  811.4747 -78.6475 12.0249
v  812.5775 -76.9275 10.7272
v  808.8799 -77.9935 11.9747
v  809.8534 -76.1633 10.7272
v  805.9259 -76.4004 11.9175
v  807.2889 -74.7157 10.7272
v  819.3308 -74.7658 12.3365
v  818.4325 -75.7679 10.7272
v  821.7581 -75.1127 12.9201
v  818.1841 -74.0914 12.3028
v  816.6550 -74.9778 10.7272
v  817.2380 -72.5690 12.3604
v  814.6770 -72.9062 10.7272
v  821.9301 -73.9757 13.0506
v  820.2291 -73.7638 12.7032
v  819.5028 -73.2820 12.5726
v  818.8816 -72.3667 12.4753
v  823.9943 -75.0741 13.2205
v  823.8796 -73.9179 13.3736
v  825.9628 -74.1877 13.4402
v  825.5615 -73.1278 13.4690
v  829.2332 -71.4480 13.5009
v  828.8027 -70.4548 13.4046
v  829.7953 -72.8135 13.0212
v  830.0046 -73.2599 12.8965
v  833.3210 -71.4127 12.7193
v  834.7030 -72.4445 10.7272
v  832.7286 -71.2586 12.9031
v  836.6849 -68.5607 12.2933
v  836.1937 -71.0763 10.7272
v  836.2612 -67.9182 12.8204
v  838.4680 -70.4019 10.7272
v  832.4368 -70.7797 13.0186
v  831.8961 -69.0355 13.4732
v  835.4099 -66.2149 13.5096
v  831.5582 -68.1090 13.4024
v  835.0179 -65.3019 13.4336
v  838.9445 -66.7783 12.3816
v  840.1500 -68.7060 10.7272
v  838.6201 -66.0833 13.0042
v  838.0391 -64.4754 13.6370
v  837.8904 -63.4944 13.5584
v  842.8125 -64.6742 12.6536
v  843.6993 -66.4365 10.7272
v  842.5449 -63.8648 13.2642
v  842.2201 -62.4388 13.5628
v  842.3729 -61.5138 13.4024
v  821.4421 -71.9125 12.5398
v  824.0088 -70.7610 12.5522
v  827.0464 -68.0425 12.2737
v  829.6012 -64.9086 11.6924
v  833.1973 -60.2915 10.7272
v  835.5439 -59.0008 10.7272
v  840.2435 -57.1460 10.7272
v  846.1519 -61.0504 13.1025
v  846.1519 -56.4707 10.7272
v  813.9907 -70.9445 14.1965
v  818.7552 -70.0843 14.4527
v  822.5344 -68.3485 14.5220
v  825.2239 -66.1393 14.4321
v  827.7383 -63.5130 13.7636
v  830.1229 -60.9577 11.9787
v  832.0710 -58.5570 10.7272
v  817.8849 -68.3864 15.1858
v  813.8888 -69.8470 14.6386
v  820.5490 -66.3550 15.4654
v  821.5646 -64.9280 15.4036
v  823.6792 -65.2974 14.9842
v  822.0808 -63.9879 15.2461
v  823.6709 -64.2565 14.7880
v  825.8771 -62.4602 14.3235
v  826.6263 -62.8463 14.3482
v  828.8575 -60.2274 12.2747
v  827.7919 -59.9252 12.1841
v  830.3644 -57.5581 10.7272
v  828.0416 -57.8267 10.7272
v  823.7375 -62.3427 13.7247
v  823.8994 -59.7615 10.7272
v  822.2806 -62.0237 13.8853
v  822.3093 -59.5936 10.7272
v  814.1802 -69.0496 14.5474
v  817.5519 -67.7149 15.0035
v  819.6997 -66.0864 15.4026
v  820.7155 -64.9448 15.4302
v  821.2316 -64.0047 15.3223
v  821.5813 -62.2419 14.2134
v  816.0450 -66.5398 13.2863
v  816.9520 -64.1601 10.7272
v  817.8008 -62.5861 10.7272
v  819.1660 -60.6051 10.7272
v  820.3483 -59.6482 10.7272
v  813.4320 -66.6447 15.1229
v  812.5475 -67.3532 15.3699
v  814.2458 -65.1036 14.2930
v  814.4956 -63.3577 13.4014
v  816.5269 -61.8636 10.7272
v  815.5195 -60.5289 10.7272
v  814.5388 -61.5639 11.7989
v  813.7130 -59.6979 10.7272
v  813.9501 -61.4927 11.9183
v  813.8794 -62.7747 13.2613
v  813.5132 -64.5328 14.5271
v  812.8904 -66.0511 15.2725
v  812.0646 -66.5810 15.3921
v  808.6520 -68.2354 14.9610
v  808.7461 -68.9952 14.8912
v  806.0853 -69.0902 14.4251
v  805.9440 -68.1880 14.4046
v  807.3215 -62.7035 10.7272
v  807.9926 -62.3830 10.7272
v  811.3481 -60.2818 10.7272
v  812.7610 -59.6764 10.7272
v  809.0402 -70.1171 14.4168
v  805.9908 -70.0221 13.9037
v  800.0100 -67.8793 13.8475
v  799.8688 -66.9771 13.7801
v  791.8163 -65.5064 13.4123
v  790.6715 -64.1953 13.3610
v  799.8564 -62.1694 10.7272
v  791.9917 -60.2226 10.7272
v  799.9153 -68.7104 13.4858
v  794.5231 -67.7014 12.9231
v  809.5814 -72.5685 10.7272
v  805.8021 -71.8562 10.7272
v  801.4576 -71.1915 10.7272
v  801.5914 -80.0673 13.3990
v  803.0830 -83.5701 13.7769
v  795.0474 -72.7309 12.5459
v  794.0735 -73.6772 12.6277
v  795.5836 -71.9624 12.5927
v  795.6929 -71.3777 12.6158
v  800.2257 -72.1375 12.0604
v  795.2808 -69.5021 12.4624
v  794.2330 -68.4219 12.6480
v  803.5304 -86.5141 14.1275
v  803.7655 -89.3984 14.3616
v  805.7200 -91.3928 13.2569
v  805.2255 -94.7879 13.5770
v  807.7831 -95.9819 10.7272
v  802.8472 -94.2181 14.9239
v  802.2411 -96.7013 15.0511
v  804.3807 -97.3889 13.8946
v  802.0247 -97.7758 14.9185
v  803.8813 -98.2619 13.8772
v  804.8988 -98.2118 13.5113
v  804.1924 -98.9241 13.5713
v  804.9442 -100.0164 13.5608
v  804.0511 -100.3961 13.5584
v  808.2661 -99.1140 10.7272
v  805.3446 -103.3403 13.6644
v  804.4026 -103.7676 13.6563
v  809.2770 -102.2956 10.7272
v  806.7097 -106.8083 13.5855
v  805.9105 -107.3792 13.5308
v  808.1417 -108.7893 13.5018
v  806.8597 -110.1071 13.1793
v  810.1498 -104.1904 10.7272
v  811.4485 -105.6678 10.7272
v  810.7058 -111.0054 13.0733
v  811.2053 -110.1324 12.9725
v  813.1802 -107.1116 10.7272
v  815.7009 -111.2404 12.2605
v  815.6677 -112.2141 12.2178
v  816.3104 -108.4882 10.7272
v  820.6488 -112.9303 10.7272
v  820.5397 -111.0735 10.7272
v  802.6571 -104.6269 12.9698
v  804.1890 -108.2531 12.9500
v  799.7625 -106.7574 10.7272
v  801.3165 -109.9626 10.7272
v  802.2047 -101.3060 13.0533
v  800.6035 -102.1132 12.5350
v  802.0870 -100.2139 13.2120
v  800.2263 -100.8480 12.6990
v  804.8958 -112.6455 10.7272
v  807.2740 -112.5980 10.7272
v  809.8407 -113.0965 10.7272
v  815.9393 -114.0225 10.7272
v  798.6085 -104.9767 12.5796
v  797.9728 -105.6652 12.5240
v  799.7769 -102.9633 12.5975
v  798.8944 -102.9801 12.7857
v  798.0435 -104.4544 12.9356
v  797.1721 -105.1430 12.9285
v  797.3135 -104.2408 12.8609
v  796.4421 -104.9293 12.8677
v  798.1847 -103.3148 12.8262
v  791.4031 -109.1078 13.1673
v  791.4973 -108.3243 12.9966
v  791.9917 -110.0338 12.7137
v  793.0985 -111.1971 10.7272
v  790.6495 -109.0841 13.2901
v  790.7438 -108.3006 12.9273
v  789.9902 -110.6036 13.3069
v  790.2257 -112.2893 10.7272
v  790.0372 -109.0841 13.4485
v  789.3779 -110.6036 13.4483
v  790.2727 -108.1107 12.8658
v  789.3779 -112.7166 10.7272
v  787.5023 -109.8061 14.1175
v  787.7355 -109.1178 14.1509
v  786.8862 -109.4032 14.1649
v  787.1527 -108.6981 14.1580
v  790.5765 -107.3024 12.4957
v  790.0770 -107.4870 12.4939
v  786.2701 -107.7412 14.0745
v  785.7540 -108.3456 14.1297
v  783.7560 -112.0641 12.8112
v  783.6727 -111.3422 12.8163
v  782.9069 -110.3937 12.4882
v  784.3706 -113.9105 10.7272
v  784.3826 -106.6140 13.4996
v  780.7029 -107.7388 10.7272
v  784.1661 -105.7914 13.1114
v  785.2318 -106.3286 13.5752
v  785.1819 -105.6571 13.2020
v  788.6785 -106.2950 11.7620
v  788.4786 -105.7747 11.5677
v  789.2113 -106.2615 11.7654
v  789.1113 -105.8418 11.6136
v  788.1956 -104.0791 10.7272
v  788.8282 -104.1462 10.7272
v  787.2632 -103.1054 10.7272
v  786.9302 -102.6017 10.7272
v  785.2985 -101.7707 10.7272
v  784.1663 -102.2744 11.3512
v  780.8595 -103.9510 10.7272
v  797.9723 -102.2331 12.6147
v  798.6235 -101.9650 12.6138
v  799.5687 -100.7388 12.6978
v  800.0266 -100.3611 12.8274
v  801.9247 -99.6560 13.6792
v  801.2421 -98.1619 14.7027
v  799.5105 -98.7663 14.1802
v  798.9110 -98.8502 14.1846
v  798.6624 -98.2221 14.2942
v  799.2107 -97.9101 14.4002
v  800.8757 -97.1042 14.8919
v  801.9414 -94.2670 14.8924
v  803.0403 -89.4824 14.4278
v  802.8073 -86.6117 14.1863
v  802.2245 -83.6905 13.8719
v  801.0302 -80.4434 13.4463
v  793.7395 -74.1846 12.7935
v  792.9971 -72.9469 14.7051
v  792.7307 -73.7863 14.4566
v  791.9148 -72.7622 15.2537
v  791.9167 -73.6211 15.2149
v  791.8649 -70.8651 15.3526
v  793.6798 -71.7213 14.4366
v  793.5299 -69.7571 13.9900
v  791.3654 -69.2871 15.2369
v  792.8972 -68.7163 14.1124
v  789.7502 -67.5915 15.1485
v  791.2821 -67.0207 14.3401
v  787.0363 -65.1572 14.7693
v  788.5681 -64.5864 14.2151
v  793.9246 -103.0005 12.1500
v  790.3333 -103.1964 10.7272
v  793.6655 -101.6055 13.4292
v  791.1870 -101.0001 12.8600
v  795.2433 -102.8580 12.3764
v  794.7715 -101.4533 13.5450
v  795.7457 -102.6717 12.4357
v  795.0598 -101.2752 13.5564
v  795.5250 -101.3761 13.5079
v  796.4846 -102.7088 12.5070
v  796.3210 -101.1514 13.7176
v  797.4867 -100.3707 14.0306
v  797.1082 -99.8129 14.0701
v  796.1191 -100.6558 13.8978
v  795.3890 -100.7745 13.7737
v  794.8945 -100.5964 13.6954
v  794.5413 -100.9288 13.6265
v  793.6228 -101.1425 13.4605
v  791.2974 -100.5133 12.9363
v  789.0668 -100.1247 12.2186
v  789.0001 -100.6452 12.1575
v  788.6671 -103.0293 10.7272
v  787.3090 -101.9692 10.7272
v  787.8845 -102.6095 10.7272
v  787.0441 -100.2062 10.7272
v  789.4048 -99.4049 12.2293
v  787.9919 -99.1378 11.6813
v  791.4419 -99.7848 12.8399
v  793.7378 -100.4259 13.4515
v  794.9388 -100.1409 13.7183
v  796.5873 -99.3693 13.9576
v  798.2004 -97.8141 14.1302
v  799.1071 -97.2799 14.3773
v  791.7836 -75.1993 15.1631
v  792.4662 -75.4512 14.8589
v  793.3987 -75.7702 12.6570
v  792.0161 -77.8306 14.2828
v  793.1311 -80.0253 10.7272
v  791.4160 -77.3726 14.9402
v  791.2450 -79.1030 14.1419
v  792.0321 -81.0998 10.7272
v  790.9742 -78.2364 14.7732
v  797.7336 -79.8176 12.7549
v  795.2150 -81.1758 10.7272
v  799.5469 -83.9964 13.1551
v  796.3453 -84.6424 10.7272
v  799.7363 -86.9218 13.2161
v  799.7599 -89.3674 13.3919
v  799.1477 -91.6467 13.4175
v  797.2638 -94.6384 13.1480
v  794.6499 -97.2265 12.9126
v  796.5182 -86.8782 10.7272
v  796.1185 -89.7659 10.7272
v  794.6865 -92.7545 10.7272
v  792.5776 -94.7630 10.7272
v  790.4464 -96.4488 10.7272
v  786.9424 -98.1580 13.9395
v  788.6407 -96.3448 13.0013
v  788.0580 -95.8914 13.5633
v  786.7759 -97.6208 14.2703
v  788.9489 -94.6238 13.2950
v  788.3577 -94.5735 13.3532
v  791.0386 -94.5483 10.7272
v  787.4752 -94.6071 13.3747
v  787.2253 -95.5389 13.7225
v  785.5935 -96.3112 14.4544
v  785.9932 -96.9492 14.6670
v  782.4963 -97.2850 15.8033
v  782.5297 -96.6302 15.6329
v  785.1439 -98.7289 14.8648
v  785.8101 -99.1151 14.3316
v  784.2115 -100.3574 14.2725
v  782.9626 -100.9283 14.3834
v  783.7620 -99.8202 14.8069
v  782.6962 -100.3407 14.8521
v  785.1606 -94.7834 13.2842
v  783.6204 -94.8169 13.2977
v  781.1975 -96.5295 15.8748
v  780.8645 -97.1171 16.0193
v  780.1984 -95.9418 15.7764
v  779.8654 -96.5295 15.8592
v  779.7344 -98.2863 15.9163
v  780.7002 -98.2360 15.9319
v  781.8469 -97.9733 15.8685
v  782.6212 -94.5819 13.4803
v  781.7054 -94.0027 13.3660
v  784.3281 -93.6417 14.8550
v  782.6628 -92.8190 14.8221
v  786.5594 -93.2723 14.6490
v  787.5419 -92.8190 14.3992
v  788.2079 -92.0970 14.1170
v  787.8250 -91.5429 14.6675
v  787.1589 -92.2649 14.9344
v  786.2598 -92.5839 15.2288
v  784.4280 -92.8189 15.4222
v  783.2124 -92.1977 15.4388
v  791.3884 -92.0131 10.7272
v  791.4384 -90.6195 10.7272
v  783.8285 -90.0823 16.1866
v  785.0441 -90.7035 16.1392
v  786.0265 -90.4348 16.0245
v  784.0449 -88.1347 16.2083
v  784.9775 -88.2019 16.2701
v  786.1764 -88.6048 15.9222
v  788.1080 -88.5545 14.6153
v  791.4550 -88.2691 10.7272
v  784.2781 -85.0287 15.2017
v  785.2273 -84.7768 15.3855
v  786.2263 -84.8944 15.1998
v  787.9747 -84.6425 13.7950
v  790.9729 -84.1924 10.7272
v  790.0571 -82.0601 10.7272
v  787.5260 -82.8156 13.1141
v  785.8275 -83.0003 14.7244
v  785.0116 -83.0339 14.8516
v  784.0791 -83.3361 14.5882
v  788.5917 -81.3213 10.7272
v  786.7766 -81.9594 13.3147
v  784.0947 -81.2716 14.3362
v  784.6609 -80.9189 14.1209
v  785.4113 -80.5658 13.2220
v  786.3104 -80.0454 11.9673
v  783.2466 -81.6739 14.2063
v  790.1146 -79.4711 14.2291
v  790.3235 -81.3213 10.7272
v  788.7250 -79.4577 14.0345
v  787.4342 -78.4919 13.9786
v  789.9969 -78.6282 14.7955
v  788.7842 -78.5094 14.6429
v  783.9781 -77.8969 11.9646
v  783.4287 -78.3166 12.5838
v  782.8625 -79.1729 13.6775
v  782.4795 -79.8277 14.0787
v  782.1631 -80.5496 14.1124
v  782.7294 -76.4698 11.7881
v  781.6969 -78.5181 13.4839
v  781.4971 -79.1561 13.8665
v  781.2140 -79.8445 14.0091
v  790.7498 -74.8722 15.1597
v  790.8204 -73.1151 15.2247
v  783.0957 -75.3449 12.2217
v  790.6792 -70.2422 15.3843
v  783.0291 -73.3806 12.6543
v  788.9601 -68.4376 15.1233
v  786.2284 -66.0158 14.7801
v  790.4961 -77.4330 15.0064
v  789.0807 -77.3994 14.8616
v  781.9175 -71.3133 12.6348
v  779.6594 -69.4226 12.7640
v  782.1239 -64.2515 14.4739
v  780.7085 -71.7899 12.7300
v  778.9933 -69.7752 12.7247
v  776.6122 -67.6597 13.0137
v  775.9460 -67.9955 12.8582
v  777.7146 -63.1796 14.1949
v  782.7070 -63.2033 14.5806
v  777.9030 -62.0398 14.2610
v  783.2251 -62.0399 14.0611
v  778.0208 -60.8527 13.6558
v  781.5875 -73.3242 12.7876
v  781.6208 -74.9360 12.6111
v  781.2924 -76.3619 11.9314
v  774.8279 -68.8056 12.4249
v  777.8751 -70.5852 12.4461
v  779.3239 -72.7343 12.4373
v  780.2396 -74.1110 12.5184
v  780.7059 -74.8665 12.4939
v  780.1512 -76.1432 11.8248
v  779.1188 -75.4549 11.5722
v  777.2671 -74.4868 10.7272
v  775.7500 -72.1817 10.7272
v  773.9016 -70.6707 10.7272
v  780.0901 -77.6169 12.9358
v  778.0752 -77.2307 12.6041
v  773.2887 -75.2284 10.7272
v  774.6708 -77.5285 12.2698
v  779.9236 -78.3220 13.4541
v  778.1918 -78.0198 13.1917
v  774.9539 -78.3176 12.8077
v  779.6404 -79.2287 13.6890
v  778.1251 -79.0776 13.4581
v  775.2703 -79.3082 13.0726
v  780.6899 -100.7908 14.9009
v  780.8065 -101.6303 14.2059
v  777.6724 -101.3347 14.0486
v  778.0020 -100.5986 14.7903
v  776.2123 -99.2689 14.8985
v  775.8826 -100.0050 14.2769
v  778.5907 -95.9211 15.4505
v  777.7429 -97.2211 15.5264
v  779.0735 -98.9306 15.6710
v  777.0836 -97.8622 15.4996
v  780.9338 -98.8475 15.8118
v  782.1466 -98.6101 15.6995
v  776.8889 -96.2066 15.4097
v  776.2229 -96.8447 15.3592
v  778.1378 -95.4343 15.2083
v  776.6559 -95.5855 15.4187
v  777.8881 -94.8131 15.1526
v  779.2662 -94.9109 15.1412
v  780.6337 -92.9477 13.4662
v  779.1996 -94.2394 14.7774
v  778.9500 -93.6349 14.6070
v  775.9858 -95.8343 15.3799
v  775.8527 -94.2897 15.3834
v  776.5520 -94.3568 15.5135
v  777.6011 -92.1238 15.2256
v  776.5520 -91.5026 15.1058
v  777.4346 -89.8741 14.3663
v  778.3171 -91.3515 14.8377
v  779.7946 -90.0986 13.3743
v  779.4948 -88.3147 12.2571
v  781.6831 -92.0752 14.6062
v  781.1415 -89.7484 14.6639
v  782.2954 -91.3867 15.2840
v  782.0118 -89.7558 15.4441
v  781.3008 -88.3504 14.4434
v  782.2617 -88.3287 15.4754
v  782.2950 -85.4241 13.4915
v  781.4840 -85.5298 12.6080
v  779.0695 -85.8152 10.7272
v  781.8453 -84.0138 13.1104
v  781.2793 -84.2657 12.6546
v  781.2793 -82.6875 13.2618
v  780.7465 -82.9561 12.8133
v  780.5299 -81.7977 13.3179
v  777.9656 -80.4209 13.1626
v  775.2537 -80.2484 12.8650
v  777.7490 -80.9750 12.8489
v  775.2679 -80.8575 12.5005
v  780.1302 -82.2006 12.9229
v  778.8813 -84.1650 10.7272
v  775.2180 -82.5028 10.7272
v  777.1497 -82.5868 10.7272
v  778.3652 -83.4263 10.7272
v  769.4553 -67.0951 12.2551
v  772.0104 -69.8019 10.7272
v  772.6461 -66.8340 12.8636
v  772.0575 -63.0587 13.8335
v  765.0399 -64.1390 13.2068
v  771.9161 -61.9665 13.8404
v  763.8271 -63.4267 13.1944
v  771.5394 -60.8743 13.3592
v  762.3671 -62.7144 12.7208
v  770.0433 -69.9636 13.4649
v  767.5956 -69.8126 15.3321
v  763.6492 -66.5890 14.8946
v  761.4344 -66.3707 14.6124
v  761.0792 -67.6374 14.8575
v  763.2928 -67.8748 15.2515
v  766.2365 -70.1067 15.5799
v  766.4248 -71.4601 15.2981
v  767.7906 -71.1752 15.2418
v  770.1219 -71.0327 13.8226
v  771.8176 -71.1139 10.7272
v  783.9661 -57.8009 10.7272
v  779.0872 -56.8775 10.7272
v  771.3275 -57.0286 10.7272
v  761.6918 -58.7324 10.7272
v  757.4526 -60.9643 10.7272
v  758.9722 -67.0440 14.2596
v  759.2053 -68.0177 14.5149
v  753.0109 -70.7040 13.4385
v  753.9100 -71.4092 13.6768
v  749.4835 -66.0325 10.7272
v  750.2372 -76.4449 13.4081
v  748.7302 -76.9069 13.3003
v  743.5222 -71.9592 10.7272
v  740.1146 -76.7796 10.7272
v  745.1182 -84.7060 13.7920
v  756.1479 -74.7777 13.1824
v  752.6641 -76.2019 13.2705
v  767.8197 -72.1749 14.6902
v  766.4543 -72.4603 14.8370
v  763.5736 -72.6786 14.4930
v  763.7068 -73.6020 13.8689
v  761.4421 -72.9808 13.9952
v  761.9084 -73.8538 13.5982
v  760.5596 -73.3333 13.7376
v  761.2090 -73.9546 13.4224
v  761.0758 -74.4079 13.0926
v  762.0834 -74.9393 10.7272
v  760.6096 -75.0794 12.9197
v  756.8463 -75.7342 12.9002
v  761.2341 -76.4839 10.7272
v  757.5874 -77.2730 10.7272
v  759.7053 -72.7415 13.8526
v  754.2570 -77.0606 12.7956
v  755.8723 -77.5585 10.7272
v  763.4025 -71.4593 14.8575
v  761.1653 -72.1004 14.2132
v  769.9763 -71.7325 13.5582
v  771.2251 -72.3370 10.7272
v  768.8440 -73.6633 10.7272
v  767.3120 -74.2174 10.7272
v  764.2814 -75.0736 10.7272
v  753.2913 -79.2710 14.2955
v  752.3420 -79.2038 14.4161
v  751.1432 -79.6755 14.4068
vt 2.2217 -0.2457 -74.1443
vt 2.5773 -0.4652 -74.0328
vt -74.2043 -0.1999 2.1560
vt -74.1443 -0.2457 2.2217
vt 2.2358 -0.3730 -74.2214
vt 2.5773 -0.5726 -74.1427
vt -74.2485 -0.2863 2.1727
vt -74.2214 -0.3730 2.2358
vt -74.0060 -0.0397 2.3843
vt -73.5725 -0.4444 2.3745
vt -73.8244 -0.5802 2.5773
vt -74.0328 -0.4652 2.5773
vt -73.3912 -0.8623 2.3345
vt -73.7113 -0.9269 2.5773
vt -73.3722 -1.1548 2.3284
vt -73.3699 -1.3994 2.3108
vt -73.4311 -1.6273 2.3083
vt -73.6195 -1.9265 2.3352
vt -73.8809 -2.1853 2.3588
vt -73.6941 -1.1505 2.5773
vt -73.7340 -1.4393 2.5773
vt -73.8772 -1.7381 2.5773
vt -74.0881 -1.9390 2.5773
vt -74.3012 -2.1075 2.5773
vt 2.2561 -2.2785 -74.6516
vt 2.4819 -2.3764 -74.5467
vt 2.5773 -2.1075 -74.3012
vt 2.3499 -2.0971 -74.4818
vt -74.5401 -2.0518 2.2937
vt -74.6683 -2.2247 2.2230
vt -74.6516 -2.2785 2.2561
vt -74.4818 -2.0971 2.3499
vt 2.3205 -1.9251 -74.4510
vt -74.4510 -1.9251 2.3205
vt -74.5101 -1.9200 2.3147
vt 2.5773 -1.9175 -74.2420
vt -74.5984 -1.9234 2.3126
vt -74.6233 -2.0166 2.2778
vt -74.7865 -2.0938 2.2046
vt -74.7466 -2.1576 2.1833
vt -75.0962 -2.1912 2.0697
vt -75.0929 -2.1257 2.0867
vt -74.8315 -2.3356 2.1635
vt -74.7649 -2.3742 2.2169
vt 75.6415 2.5773 -2.4833
vt 75.5467 2.4819 -2.3764
vt 75.6516 2.2561 -2.2785
vt 75.7649 2.2169 -2.3742
vt 75.9247 2.2228 -2.4984
vt 75.8160 2.5773 -2.6397
vt 76.0496 2.2117 -2.5555
vt 75.9293 2.5149 -2.6901
vt -74.9697 -2.4447 2.1693
vt -74.9247 -2.4984 2.2228
vt -75.0763 -2.4967 2.1648
vt -75.0496 -2.5555 2.2117
vt -74.8298 -1.9410 2.3216
vt -74.7865 2.2046 -2.0938
vt -74.8298 2.3216 -1.9410
vt -74.9838 2.3203 -1.9444
vt -75.0929 2.0867 -2.1257
vt -75.2261 -2.1156 2.0625
vt -75.2594 -2.1744 2.0481
vt -75.3260 -2.0568 2.0724
vt -75.3593 -2.1156 2.0641
vt -75.3724 -2.2913 2.0584
vt -75.2759 -2.2863 2.0568
vt -75.1612 -2.2600 2.0632
vt -75.0837 2.3020 -1.9209
vt -75.2261 2.0625 -2.1156
vt -75.0837 -1.9209 2.3020
vt -75.1753 -1.8629 2.3134
vt -74.9131 -1.8268 2.1645
vt -75.0796 -1.7446 2.1678
vt 75.9131 2.1645 -1.8268
vt 76.0837 2.3020 -1.9209
vt 75.9838 2.3203 -1.9444
vt 75.8298 2.3216 -1.9410
vt 75.6899 2.1851 -1.7899
vt 75.5984 2.3126 -1.9234
vt -74.5917 -1.7446 2.2101
vt -74.6899 -1.7899 2.1851
vt -74.5251 -1.6724 2.2383
vt -74.5634 -1.6170 2.1833
vt -74.6300 -1.6892 2.1566
vt -74.7199 -1.7211 2.1271
vt -74.9031 -1.7446 2.1078
vt -75.0246 -1.6824 2.1061
vt 2.5773 -1.6640 -74.2070
vt 2.2383 -1.6724 -74.5251
vt 2.5773 -1.5246 -74.2020
vt 2.1833 -1.6170 -74.5634
vt -74.9630 -1.4709 2.0314
vt -74.8415 -1.5330 2.0361
vt -74.7432 -1.5062 2.0476
vt -74.9414 -1.2761 2.0292
vt -74.8481 -1.2829 2.0230
vt -74.7282 -1.3231 2.0578
vt -74.5351 -1.3181 2.1885
vt 2.1885 -1.3181 -74.5351
vt 2.5773 -1.2896 -74.2004
vt -74.9181 -0.9655 2.1299
vt -74.8232 -0.9404 2.1115
vt -74.7232 -0.9521 2.1301
vt -74.5484 -0.9269 2.2705
vt 2.5773 -0.8819 -74.2486
vt 2.2705 -0.9269 -74.5484
vt -74.2486 -0.8819 2.5773
vt -74.3402 -0.6687 2.5773
vt -74.5933 -0.7442 2.3386
vt -74.7631 -0.7627 2.1776
vt -74.8447 -0.7661 2.1649
vt -74.9380 -0.7963 2.1912
vt -74.3402 2.5773 -0.6687
vt -74.4867 2.5773 -0.5948
vt -74.6682 2.3186 -0.6586
vt -74.5933 2.3386 -0.7442
vt -74.6682 -0.6586 2.3186
vt -74.9364 -0.5898 2.2164
vt -74.8798 -0.5546 2.2379
vt -74.8048 -0.5193 2.3278
vt 2.5773 -0.5948 -74.4867
vt 2.4533 -0.4672 -74.7148
vt 2.3278 -0.5193 -74.8048
vt 2.3186 -0.6586 -74.6682
vt -75.0212 -0.6301 2.2294
vt 75.3344 2.2271 -0.4098
vt 75.3135 2.5773 -0.5948
vt 75.1427 2.5773 -0.5726
vt 75.2214 2.2358 -0.3730
vt 75.4734 2.2466 -0.4084
vt 75.4867 2.5773 -0.5948
vt 75.6025 2.2522 -0.3119
vt 75.7148 2.4533 -0.4672
vt -74.3462 -0.3255 2.1705
vt -74.3344 -0.4098 2.2271
vt -74.4675 -0.3136 2.1857
vt -74.4734 -0.4084 2.2466
vt -74.6025 -0.3119 2.2522
vt -74.7148 -0.4672 2.4533
vt -74.9481 -0.2524 2.4536
vt -75.0030 -0.2943 2.3916
vt -75.0596 -0.3800 2.2823
vt -75.0979 -0.4454 2.2422
vt -75.1296 -0.5176 2.2388
vt -75.0729 -0.1096 2.4712
vt -75.1762 -0.3145 2.3016
vt -75.1962 -0.3783 2.2634
vt -75.2245 -0.4471 2.2491
vt -74.2709 0.0501 2.1341
vt -74.2638 0.2258 2.1276
vt -75.0363 0.0028 2.4279
vt -74.2780 0.5131 2.1116
vt -75.0430 0.1993 2.3846
vt -74.4499 0.6936 2.1377
vt -74.7230 0.9358 2.1720
vt -74.2963 -0.2060 2.1494
vt -74.4378 -0.2026 2.1639
vt -75.1541 0.4060 2.3865
vt -75.3799 0.5951 2.3736
vt -75.1335 1.1122 2.2026
vt -75.2750 0.3583 2.3770
vt -75.4465 0.5598 2.3776
vt -75.6847 0.7714 2.3487
vt -75.7513 0.7378 2.3642
vt -75.5744 1.2194 2.2305
vt -75.0752 1.2170 2.1920
vt -75.5556 1.3333 2.2239
vt -75.0234 1.3333 2.2439
vt -75.5438 1.4521 2.2844
vt -75.1871 0.2049 2.3713
vt -75.1838 0.0437 2.3889
vt -75.2166 -0.0989 2.4569
vt -75.8631 0.6568 2.4075
vt -75.5584 0.4788 2.4054
vt -75.4135 0.2639 2.4063
vt -75.3219 0.1262 2.3982
vt -75.2753 0.0507 2.4006
vt -75.3308 -0.0770 2.4676
vt -75.4340 -0.0082 2.4928
vt -75.6192 0.0887 2.5773
vt -75.7709 0.3192 2.5773
vt -75.9557 0.4703 2.5773
vt -75.3369 -0.2244 2.3564
vt -75.5384 -0.1857 2.3896
vt -76.0170 0.0145 2.5773
vt -75.8788 -0.2155 2.4230
vt -75.3535 -0.2949 2.3046
vt -75.5267 -0.2646 2.3309
vt -75.8505 -0.2944 2.3693
vt -75.3818 -0.3855 2.2811
vt -75.5334 -0.3704 2.3042
vt -75.8188 -0.3935 2.3428
vt -75.2769 -2.5417 2.1599
vt -75.2652 -2.6257 2.2294
vt 76.2652 2.2294 -2.6257
vt 76.2599 2.5773 -2.8578
vt -75.5786 -2.5961 2.2452
vt -75.5457 -2.5225 2.1710
vt -75.7246 -2.3896 2.1602
vt -75.7576 -2.4632 2.2223
vt -75.4868 -2.0548 2.1050
vt -75.5716 -2.1848 2.0974
vt -75.4385 -2.3557 2.0829
vt -75.6375 -2.2489 2.1001
vt -75.2525 -2.3474 2.0688
vt -75.1312 -2.3237 2.0801
vt -75.6570 -2.0833 2.1091
vt -75.7236 -2.1471 2.1141
vt -75.5321 -2.0061 2.1292
vt -75.6803 -2.0212 2.1082
vt -75.5571 -1.9440 2.1348
vt -75.4192 -1.9538 2.1359
vt -75.2825 -1.7574 2.3034
vt -75.4259 -1.8866 2.1723
vt -75.4509 -1.8262 2.1893
vt -75.7473 -2.0461 2.1120
vt -75.7606 -1.8916 2.1117
vt -75.6907 -1.8983 2.0987
vt -75.5858 -1.6750 2.1275
vt -75.6907 -1.6129 2.1395
vt -75.6024 -1.4501 2.2134
vt -75.5142 -1.5978 2.1663
vt -75.3664 -1.4725 2.3126
vt -75.3964 -1.2941 2.4243
vt -75.1776 -1.6702 2.1894
vt -75.2317 -1.4375 2.1836
vt -75.1163 -1.6013 2.1216
vt -75.1447 -1.4382 2.1056
vt -1.3126 -1.4725 -75.3664
vt -1.1836 -1.4375 -75.2317
vt -1.2057 -1.2977 -75.2158
vt -1.4243 -1.2941 -75.3964
vt -75.2158 -1.2977 2.2057
vt -75.1197 -1.2955 2.1025
vt -75.1164 -1.0051 2.3009
vt -1.1025 -1.2955 -75.1197
vt -1.3009 -1.0051 -75.1164
vt -1.3892 -1.0156 -75.1975
vt -75.1975 -1.0156 2.3892
vt -75.4389 -1.0442 2.5773
vt -75.1613 -0.8640 2.3390
vt -75.2179 -0.8892 2.3846
vt -75.2179 -0.7314 2.3238
vt -75.2712 -0.7583 2.3687
vt -75.2929 -0.6424 2.3182
vt -75.5493 -0.5048 2.3338
vt -75.8205 -0.4875 2.3635
vt -75.5710 -0.5602 2.3651
vt -75.8191 -0.5484 2.4000
vt -75.3329 -0.6827 2.3577
vt -75.4577 -0.8792 2.5773
vt 76.8241 2.5773 -0.7129
vt 76.6309 2.5773 -0.7213
vt 76.5710 2.3651 -0.5602
vt 76.8191 2.4000 -0.5484
vt 76.5094 2.5773 -0.8053
vt 76.3329 2.3577 -0.6827
vt -75.5094 -0.8053 2.5773
vt -76.4003 0.8278 2.4245
vt -76.1448 0.5571 2.5773
vt -76.0813 0.8539 2.3637
vt -76.1401 1.2315 2.2667
vt -76.8419 1.1234 2.3293
vt -76.1543 1.3407 2.2660
vt -76.9632 1.1947 2.3306
vt -76.1919 1.4499 2.3141
vt -77.1092 1.2659 2.3780
vt 2.5773 0.5571 -76.1448
vt 2.4245 0.8278 -76.4003
vt 2.3035 0.5410 -76.3415
vt -76.5863 0.5561 2.1168
vt -76.3415 0.5410 2.3035
vt -76.9810 0.8784 2.1606
vt -77.2024 0.9003 2.1888
vt -77.2380 0.7736 2.1643
vt -77.0166 0.7499 2.1249
vt -76.7222 0.5267 2.0920
vt -76.7034 0.3913 2.1202
vt -76.5668 0.4198 2.1259
vt -76.3337 0.4341 2.2678
vt 2.2678 0.4341 -76.3337
vt 2.5773 0.4259 -76.1641
vt -74.9493 1.7572 2.5773
vt -75.4372 1.8496 2.5773
vt -76.2131 1.8345 2.5773
vt -77.1767 1.6641 2.5773
vt -77.6006 1.4409 2.5773
vt -77.4486 0.8329 2.2241
vt -77.4253 0.7356 2.1985
vt -78.0448 0.4669 2.3062
vt -77.9549 0.3964 2.2823
vt -78.3975 0.9341 2.5773
vt -78.3222 -0.1072 2.3092
vt -78.4729 -0.1534 2.3200
vt -78.9937 0.3414 2.5773
vt -79.3344 -0.1406 2.5773
vt -78.8341 -0.9333 2.2708
vt -77.7311 0.0596 2.3318
vt -78.0795 -0.0829 2.3230
vt -76.5639 0.3198 2.1810
vt -76.7004 0.2913 2.1663
vt -76.9885 0.2695 2.2007
vt -76.9752 0.1771 2.2631
vt -77.2017 0.2393 2.2505
vt -77.1550 0.1520 2.2902
vt -77.2899 0.2040 2.2763
vt -77.2250 0.1419 2.3078
vt -77.2383 0.0965 2.3408
vt 2.5773 0.0434 -77.1375
vt 2.3078 0.1419 -77.2250
vt 2.3408 0.0965 -77.2383
vt 78.1550 2.2902 0.1520
vt 78.2250 2.3078 0.1419
vt 78.1375 2.5773 0.0434
vt -77.2849 0.0294 2.3581
vt -77.6612 -0.0361 2.3600
vt 2.5773 -0.1111 -77.2225
vt 2.3581 0.0294 -77.2849
vt 78.2849 2.3581 0.0294
vt 78.6612 2.3600 -0.0361
vt 78.5871 2.5773 -0.1900
vt 78.2225 2.5773 -0.1111
vt -77.3753 0.2632 2.2648
vt -77.9202 -0.1687 2.3705
vt 78.9202 2.3705 -0.1687
vt 78.7586 2.5773 -0.2185
vt -77.0056 0.3914 2.1643
vt -77.2293 0.3273 2.2287
vt -76.3482 0.3641 2.2942
vt 2.5773 0.3036 -76.2234
vt 2.2942 0.3641 -76.3482
vt 77.4615 2.5773 0.1710
vt 77.2234 2.5773 0.3036
vt 77.3482 2.2942 0.3641
vt 77.5639 2.1810 0.3198
vt 77.6147 2.5773 0.1156
vt 77.7004 2.1663 0.2913
vt 77.9177 2.5773 0.0300
vt 77.9752 2.2631 0.1771
vt -78.0168 -0.3898 2.2205
vt -78.1117 -0.3830 2.2084
vt -78.2316 -0.4302 2.2093
vt -78.3714 -0.5494 2.2082
vt 2.2205 -0.3898 -78.0168
vt 2.5773 -0.2185 -77.7586
vt 2.3705 -0.1687 -77.9202
vt -77.2783 -0.6876 2.5773
vt -77.2992 -0.4822 2.5773
vt -78.0468 -0.4696 2.2018
vt -77.4889 -0.9844 2.5773
vt -78.1775 -0.5208 2.1963
vt -78.2974 -0.6467 2.2041
vt -78.7587 -1.0282 2.2624
vt -79.4295 -1.4477 2.3028
vt -79.3778 -1.5430 2.3060
vt -78.6439 -1.4154 2.5773
vt -79.2534 -1.8773 2.5773
vt -78.1847 -1.1803 2.5773
vt -77.8559 -1.1316 2.5773
vt -79.7198 -0.7397 2.5773
vt -76.2135 -0.4388 2.4002
vt -76.1386 -0.5076 2.3719
vt -76.1062 -0.6099 2.4027
vt 77.1062 2.4027 -0.6099
vt 77.0546 2.5773 -0.7711
vt -76.5758 -0.6956 2.4246
vt -76.5091 -0.7627 2.4030
vt -76.4542 -0.8232 2.4192
vt -76.3093 -0.9273 2.5773
vt -76.0546 -0.7711 2.5773
vt -76.2751 -0.3834 2.4484
vt -76.6631 -0.6621 2.4669
vt -76.4266 -0.1651 2.5773
vt -76.8013 -0.4774 2.5773
vt -77.1170 -0.8663 2.5773
vt -76.8971 -0.9822 2.4764
vt -76.8077 -1.0392 2.4339
vt -76.7099 -1.0997 2.4243
vt -76.6381 -1.1413 2.4534
vt -76.5062 -1.2279 2.5773
vt -76.8889 -1.5241 2.4481
vt -76.9931 -1.4852 2.4521
vt -77.0750 -1.4457 2.4831
vt -76.8065 -1.5431 2.4768
vt -76.6464 -1.6120 2.5773
vt -77.2893 -1.3294 2.5773
vt -77.0081 -1.6884 2.4429
vt -76.8932 -1.6985 2.4396
vt -76.8982 -1.7623 2.4273
vt -77.0131 -1.7522 2.4258
vt -77.1030 -1.6918 2.4732
vt -77.1030 -1.7791 2.4541
vt -76.8149 -1.7069 2.4715
vt -76.7900 -1.7774 2.4701
vt -76.6434 -1.7253 2.5773
vt -76.6348 -1.7935 2.5773
vt -77.2778 -1.7304 2.5773
vt -77.2433 -2.0277 2.3239
vt -77.2033 -2.0420 2.3204
vt -77.4341 -1.9351 2.2519
vt -77.3493 -2.2200 2.2659
vt -77.2951 -2.2652 2.2635
vt -77.4526 -2.3018 2.2809
vt -77.5020 -2.0026 2.2416
vt -77.6080 -1.9314 2.2554
vt -77.5397 -1.8649 2.2561
vt -77.2778 2.5773 -1.7304
vt -77.3842 2.5773 -1.6820
vt -77.5397 2.2561 -1.8649
vt -77.4341 2.2519 -1.9351
vt -77.3842 -1.6820 2.5773
vt -77.6457 -1.5064 2.5773
vt -77.7257 -1.7960 2.3503
vt -77.7611 -1.8981 2.3016
vt -78.0766 -1.9100 2.3943
vt -78.0601 -1.8150 2.4092
vt -78.1025 -1.4897 2.5773
vt -78.5900 -1.7129 2.5773
vt -78.3474 -1.8198 2.4945
vt -78.3498 -1.9124 2.4817
vt -78.6347 -1.8459 2.5773
vt -78.5523 -2.0121 2.5773
vt -78.4086 -2.0976 2.5773
vt -78.1802 -2.1736 2.5773
vt -77.7399 -2.1593 2.3342
vt -77.8694 -2.0881 2.3565
vt -78.0130 -2.3041 2.5773
vt -77.8600 -2.4015 2.5773
vt -77.7163 -2.5440 2.5773
vt -77.3937 -2.3991 2.2767
vt -77.5703 -2.7790 2.5773
vt -77.3348 -3.1423 2.5773
vt -77.2218 -2.8645 2.3106
vt -77.1370 -2.7007 2.2482
vt -77.0805 -2.0833 2.2610
vt -77.0593 -2.2092 2.2367
vt -76.9769 -2.0667 2.2464
vt -76.9745 -2.2685 2.2111
vt -76.8709 -2.0501 2.2463
vt -76.8285 -2.2733 2.1800
vt -76.7696 -2.0643 2.2484
vt -76.7060 -2.2163 2.2003
vt -76.5318 -2.5202 2.1240
vt -76.6566 -2.5748 2.1051
vt -76.5832 -2.6414 2.0961
vt -76.4583 -2.5877 2.1150
vt -76.5264 -2.7360 2.0982
vt -76.4367 -2.6968 2.1090
vt -76.2385 2.5773 -2.3526
vt -76.5318 2.1240 -2.5202
vt -76.4583 2.1150 -2.5877
vt -76.1759 2.4916 -2.4389
vt 2.5773 -2.5414 -76.1255
vt 2.4916 -2.4389 -76.1759
vt 2.1150 -2.5877 -76.4583
vt 2.1090 -2.6968 -76.4367
vt 2.1240 -2.5202 -76.5318
vt 2.5773 -2.3526 -76.2385
vt 2.5773 -2.1461 -76.4616
vt 2.2003 -2.2163 -76.7060
vt 2.5773 -2.0152 -76.5632
vt 2.2484 -2.0643 -76.7696
vt 2.5773 -1.7935 -76.6348
vt 2.4701 -1.7774 -76.7900
vt 2.1219 -2.9828 -76.4049
vt 2.5773 -2.9409 -76.1484
vt -76.5198 -2.9912 2.1123
vt -76.4049 -2.9828 2.1219
vt -76.8661 -2.9828 2.1991
vt -77.0510 -3.1239 2.3221
vt -76.6777 -3.3587 2.2454
vt -75.5855 -3.6364 2.3167
vt -75.5761 -3.7077 2.3188
vt -75.5596 -3.5415 2.3582
vt -76.0847 -3.5486 2.2534
vt -76.1295 -3.6317 2.2853
vt -76.0894 -3.4346 2.3011
vt -75.6161 -3.2114 2.5773
vt -76.0447 -3.0571 2.5773
vt -76.1066 -3.0315 2.5773
vt -76.1954 -3.4085 2.2614
vt -76.2119 -3.4869 2.2439
vt -76.3391 -3.4370 2.2136
vt -76.3226 -3.3586 2.1926
vt 2.1625 -3.1070 -76.3555
vt 2.1926 -3.3586 -76.3226
vt 2.2614 -3.4085 -76.1954
vt 2.5773 -3.0315 -76.1066
vt -76.4779 -3.1288 2.1273
vt -76.3555 -3.1070 2.1625
vt -76.4396 -3.3135 2.1729
vt -76.4679 -3.3840 2.1900
vt -76.5612 -3.3369 2.1939
vt -76.2714 -3.5837 2.2687
vt -76.4046 -3.5434 2.2716
vt -76.5279 -3.4762 2.2594
vt -77.1906 -3.3554 2.5773
vt -76.8726 -3.6206 2.5773
vt -76.5131 -3.8233 2.5773
vt 77.2714 2.2687 -3.5837
vt 77.5131 2.5773 -3.8233
vt 77.1693 2.5773 -3.9183
vt 77.1295 2.2853 -3.6317
vt 76.5570 2.5773 -3.9302
vt 76.5761 2.3188 -3.7077
vt -75.8641 -2.2755 2.1838
vt -75.9300 -2.1259 2.1914
vt -75.9206 -2.3372 2.2562
vt -76.0054 -2.1805 2.2591
vt 76.5786 2.2452 -2.5961
vt 76.6757 2.5773 -2.8026
vt 76.7576 2.2223 -2.4632
vt 76.9394 2.5773 -2.6411
vt 76.9206 2.2562 -2.3372
vt 77.1255 2.5773 -2.5414
vt -76.1759 -2.4389 2.4916
vt -76.1255 -2.5414 2.5773
vt -1.5773 -2.3526 -76.2385
vt -1.4916 -2.4389 -76.1759
vt -1.2591 -2.1805 -76.0054
vt -1.2828 -2.0072 -76.0760
vt -1.5773 -2.1449 -76.3209
vt -75.9653 -1.9668 2.1922
vt -76.0760 -2.0072 2.2828
vt -1.3033 -1.8267 -76.0972
vt -1.5773 -1.8885 -76.3586
vt -75.9795 -1.8196 2.2012
vt -76.0972 -1.8267 2.3033
vt -75.9394 -1.5655 2.2467
vt -75.7911 -1.3898 2.2782
vt -76.3445 -1.5038 2.5773
vt -76.3586 -1.8885 2.5773
vt -76.0854 -1.1809 2.5773
vt -75.6333 -1.0289 2.5773
vt -75.8052 -1.0361 2.5773
vt -79.7396 0.3915 2.5773
vt -79.4040 1.6205 2.5773
vt -79.4473 1.3284 2.4570
vt -79.4672 1.2310 2.4390
vt -79.5239 1.0497 2.4541
vt -79.4767 0.6904 2.5773
vt -79.2231 0.7961 2.5773
vt -79.3573 1.0816 2.4592
vt -79.3107 1.2528 2.4501
vt -78.8977 1.0094 2.5773
vt -79.1009 1.1437 2.4958
vt -79.1175 1.2646 2.4899
vt -78.8311 1.2042 2.5773
vt -79.2824 1.3620 2.4902
vt -79.1175 1.3721 2.5427
vt -78.9644 1.4694 2.5773
vt -79.1409 1.5836 2.5773
vt -79.7905 2.2322 -2.7741
vt -79.6775 2.2451 -2.8002
vt -79.8625 2.5773 -2.4151
vt -79.7162 -2.9186 2.2368
vt -79.6398 -2.8881 2.2587
vt -79.6775 -2.8002 2.2451
vt -79.7905 -2.7741 2.2322
vt -79.4891 -2.9213 2.2836
vt -79.4420 -2.8477 2.2828
vt -79.4420 2.2828 -2.8477
vt -79.4020 2.5773 -2.5865
vt -79.0723 -3.0756 2.3154
vt -79.1194 -3.1492 2.3179
vt -78.9687 -2.8358 2.5773
vt -79.4020 -2.5865 2.5773
vt -78.7520 -3.3321 2.3709
vt -78.7991 -3.4057 2.3894
vt -78.6037 -3.1018 2.5773
vt -78.5238 -3.4876 2.4930
vt -78.5704 -3.5614 2.4822
vt -78.3873 -3.3398 2.5773
vt -78.3221 -3.6618 2.5773
vt -78.4375 -3.7544 2.5773
vt -79.3959 -3.1632 2.3624
vt -79.4171 -3.1964 2.3787
vt -79.0827 -3.4718 2.4470
vt -79.1063 -3.4980 2.4593
vt -78.9509 -3.6499 2.5773
vt -78.9956 -3.6594 2.5773
vt -78.6989 -3.7164 2.5773
vt -79.5044 -3.3240 2.2115
vt -79.8035 -3.0486 2.1114
vt -79.1983 -3.5543 2.4299
vt -79.0994 -3.7253 2.5773
vt -79.8577 -3.1246 2.1011
vt -79.5586 -3.4000 2.2147
vt -79.2949 -3.5591 2.3847
vt -79.2101 -3.7324 2.5773
vt -79.9161 -3.0968 2.0926
vt -79.8643 -2.9757 2.1095
vt 80.6999 2.5773 -3.7182
vt 80.2101 2.5773 -3.7324
vt 80.2949 2.3847 -3.5591
vt 80.6824 2.2848 -3.5218
vt -79.8920 -3.3599 2.2000
vt -79.6824 -3.5218 2.2848
vt -83.8272 2.1321 0.2621
vt -83.7365 2.5773 0.6328
vt -68.7307 -0.0273 2.1733
vt -68.7307 -0.3202 2.3818
vt -68.7307 -0.3724 2.4123
vt -68.7307 -2.4582 2.1476
vt -68.7307 -2.5654 2.2330
vt 69.7307 2.5773 -2.7188
vt 69.7307 2.2330 -2.5654
vt -68.7307 -0.6049 2.2075
vt -68.7307 -0.6683 2.1492
vt -68.7307 -1.1623 2.0898
vt -68.7307 -0.8119 2.0886
vt -68.7307 -0.9907 2.0694
vt 69.7307 2.3352 -3.5796
vt 69.7307 2.5773 -3.8085
vt -68.7307 -3.5796 2.3352
vt -68.7307 1.1175 2.4067
vt -68.7307 0.9138 2.5773
vt -68.7307 1.2072 2.3498
vt -68.7307 1.3587 2.3243
vt -77.2992 2.5773 -0.4822
vt -77.7586 2.5773 -0.2185
vt -78.0168 2.2205 -0.3898
vt -64.8174 1.0641 2.3736
vt -64.6124 1.1826 2.3968
vt -64.6124 1.6241 2.5773
vt -64.9701 1.4034 2.5773
vt -64.6124 1.0859 2.3938
vt -64.7958 0.9741 2.3758
vt -64.8363 0.9646 2.3687
vt -64.8606 1.0518 2.3718
vt -65.0526 1.0665 2.3450
vt -65.0029 0.9875 2.3396
vt -65.2537 1.4155 2.5773
vt -65.4043 1.3824 2.5773
vt -65.1730 1.0299 2.3417
vt -65.1081 0.9489 2.3222
vt -65.5300 1.2162 2.5773
vt -65.2533 0.8930 2.3359
vt -65.1769 0.8526 2.3167
vt -65.2074 0.2995 2.3534
vt -65.2934 0.3727 2.3657
vt -65.6573 0.7629 2.5743
vt -65.2454 0.2075 2.3443
vt -65.3276 0.3039 2.3661
vt -65.4174 0.2827 2.3241
vt -65.3353 0.1864 2.3176
vt -65.6048 -0.0827 2.1751
vt -65.6453 -0.0296 2.1748
vt -66.1679 0.2619 2.1794
vt -66.0844 0.2631 2.1659
vt -66.0827 0.6367 2.2760
vt -66.1506 0.6051 2.2841
vt -66.1730 0.6524 2.2906
vt -66.1159 0.7202 2.2876
vt -65.9558 0.9436 2.5743
vt -66.2511 0.8434 2.2369
vt -66.3232 0.7868 2.2295
vt 2.2876 0.7202 -66.1159
vt 2.5743 0.9436 -65.9558
vt 2.2713 0.9349 -66.2004
vt 2.2369 0.8434 -66.2511
vt 2.3258 1.0313 -66.2148
vt 2.5773 1.0717 -65.9787
vt -65.8857 0.1764 2.1506
vt -65.7627 0.5062 2.2871
vt -65.0304 0.1974 2.4004
vt -65.0667 -0.1460 2.3913
vt -64.9543 0.4129 2.4032
vt -64.7345 0.2626 2.5773
vt -64.8034 0.0622 2.5773
vt -64.7639 0.5797 2.4474
vt -64.4371 0.8225 2.4729
vt -65.6895 -0.0665 2.1742
vt -65.6692 -0.1128 2.1725
vt -65.9110 -0.1102 2.2628
vt -65.9233 0.1134 2.1517
vt -66.0855 0.1951 2.1584
vt -66.1611 0.1924 2.1746
vt -66.3475 0.1288 2.2682
vt -66.2868 0.0800 2.2406
vt -66.1636 0.0286 2.2295
vt -66.0305 -0.0313 2.2531
vt -66.3948 0.3350 2.3270
vt -66.4551 0.2104 2.3424
vt -66.3356 0.4580 2.3420
vt -66.3279 0.5242 2.3397
vt -66.4307 0.6632 2.2672
vt -66.3724 0.8270 2.2261
vt -66.4794 0.7036 2.2735
vt -66.3271 0.8853 2.2279
vt -66.2663 0.9865 2.2760
vt -66.2004 0.9349 2.2713
vt -66.4726 0.9140 2.2730
vt -66.5902 0.8159 2.3398
vt -66.6872 0.9742 2.4987
vt -66.4834 0.9876 2.3104
vt -66.4321 1.0898 2.3591
vt -66.6368 1.1909 2.5743
vt -66.3886 1.1185 2.3763
vt -66.5828 1.2296 2.5743
vt -66.2654 1.0992 2.3660
vt -66.2148 1.0313 2.3258
vt -65.9787 1.0717 2.5773
vt -66.1605 1.2662 2.5773
vt -66.4227 0.9645 2.2661
vt -66.3204 1.0530 2.3097
vt -66.3810 1.0607 2.3187
vt -66.3886 2.3763 1.1185
vt -66.3361 2.3678 1.1165
vt -66.3875 2.5773 1.2853
vt -66.5828 2.5743 1.2296
vt -66.2654 2.3660 1.0992
vt -66.1605 2.5773 1.2662
vt -66.3361 1.1165 2.3678
vt -66.5002 0.6668 2.2751
vt -66.6226 0.7672 2.3413
vt -66.7477 0.8456 2.4259
vt -66.4496 0.6312 2.2716
vt -66.5424 0.4126 2.2348
vt -66.5041 0.5186 2.2411
vt -66.5500 0.5879 2.2392
vt -66.6561 0.6274 2.2425
vt -66.7593 0.6091 2.2499
vt -66.8176 0.7633 2.3526
vt -66.9295 0.6969 2.3431
vt -66.9265 0.5446 2.2934
vt -66.9714 0.6914 2.3372
vt -66.9662 0.5349 2.2985
vt -66.9688 0.4791 2.3006
vt -66.9286 0.4888 2.2935
vt -66.9243 0.2919 2.3624
vt -66.9768 0.2947 2.3632
vt -66.8612 0.2505 2.3522
vt -66.8474 0.4107 2.2789
vt -66.7385 0.3751 2.2415
vt -66.7382 0.1980 2.3300
vt -66.5791 0.1919 2.3462
vt -66.6219 0.3731 2.2304
vt -66.5798 0.5023 2.2155
vt -66.6410 0.4656 2.2130
vt -66.7280 0.4560 2.2228
vt -66.7987 0.4743 2.2435
vt -66.8168 0.5167 2.2480
vt -66.6869 0.5533 2.2200
vt -67.1467 0.4696 2.2935
vt -67.1448 0.5255 2.2937
vt -67.2934 0.4753 2.3543
vt -67.2907 0.5312 2.3547
vt -67.5165 0.5831 2.5773
vt -67.5285 0.4569 2.5773
vt -67.2947 0.3813 2.3765
vt -67.1420 0.3895 2.3094
vt -67.1332 0.2341 2.3920
vt -67.2886 0.2260 2.4794
vt -67.5204 0.3704 2.5773
vt -67.4494 0.2486 2.5773
vt -67.1271 0.6961 2.3384
vt -67.2711 0.7063 2.3938
vt -67.4624 0.7100 2.5773
vt -65.9353 -0.3075 2.2104
vt -65.7072 -0.2796 2.1231
vt -65.6356 -0.2701 2.1202
vt -65.5947 -0.4658 2.0796
vt -65.8322 -0.4997 2.1855
vt -65.5278 -0.4484 2.0801
vt -65.7170 -0.8117 2.1701
vt -65.4857 -0.7664 2.0332
vt -65.4074 -0.7587 2.0385
vt -65.4857 -1.0496 2.0137
vt -65.3985 -1.0579 2.0144
vt -65.7074 -0.9311 2.1348
vt -65.8634 -0.9925 2.1073
vt -65.9039 -0.7895 2.1430
vt -65.6607 -1.0593 2.0688
vt -65.7566 -1.1479 2.0523
vt -65.5431 -1.1615 2.0123
vt -65.4769 -1.2365 2.0079
vt -65.6526 -1.2201 2.0185
vt -65.6566 -1.3059 2.0143
vt -65.8120 -1.2187 2.0609
vt -65.9256 -1.0375 2.1183
vt -65.9648 -0.8004 2.1506
vt -66.0594 -0.5143 2.1728
vt -65.9945 -0.5061 2.1734
vt -66.1920 -0.3099 2.1911
vt -66.1328 -0.2907 2.1894
vt -66.2885 -0.1269 2.2108
vt -66.3364 -0.1748 2.2115
vt -66.4992 -0.0107 2.2376
vt -66.6353 0.0350 2.2506
vt -66.5141 -0.0597 2.2313
vt -66.6487 -0.0122 2.2474
vt -66.7701 0.0571 2.2670
vt -66.7749 0.0099 2.2624
vt -66.9144 0.0687 2.2870
vt -66.9163 0.0217 2.2830
vt -67.1293 0.0611 2.3513
vt -67.1197 0.0139 2.3455
vt -67.3089 -0.0035 2.4230
vt -67.3185 0.0437 2.4225
vt -67.4263 0.0055 2.4541
vt -67.4092 -0.0372 2.4426
vt -67.5852 0.1475 2.5773
vt -67.5242 -0.0644 2.4643
vt -67.4713 -0.1034 2.4531
vt -67.3606 -0.0916 2.4684
vt -67.4227 -0.1571 2.4965
vt -67.2975 -0.0723 2.4457
vt -67.1274 -0.0646 2.3751
vt -66.9466 -0.1215 2.3508
vt -66.7966 -0.2087 2.3581
vt -66.6195 -0.3396 2.3581
vt -66.4939 -0.4608 2.3437
vt -66.3306 -0.6571 2.3439
vt -66.2441 -0.8452 2.3225
vt -66.1657 -1.1558 2.2735
vt -66.0035 -1.3929 2.1746
vt -65.8089 -1.5673 2.1045
vt -65.3458 -1.4540 2.0783
vt -65.5440 -1.5537 2.0631
vt -65.2197 -1.1477 2.0904
vt -65.1846 -0.7634 2.1426
vt -65.2138 -0.4177 2.2195
vt -65.2769 -0.2096 2.2482
vt -64.7850 -0.1488 2.5773
vt -65.0612 -0.4092 2.3397
vt -64.7940 -0.4366 2.5773
vt -65.0352 -0.7727 2.2843
vt 2.3397 -0.4092 -65.0612
vt 2.2843 -0.7727 -65.0352
vt 2.5773 -0.7815 -64.8064
vt 2.5773 -0.4366 -64.7940
vt -65.0677 -1.1842 2.2134
vt 2.2134 -1.1842 -65.0677
vt 2.5773 -1.2245 -64.8417
vt -65.2404 -1.6094 2.1920
vt 2.1920 -1.6094 -65.2404
vt 2.4049 -1.6993 -65.0596
vt -65.4353 -1.7265 2.1632
vt -65.3369 -1.9503 2.3901
vt -65.0596 -1.6993 2.4049
vt -65.6236 -1.8000 2.1897
vt -65.8887 -1.7453 2.2400
vt -65.5548 -2.0524 2.4429
vt -66.0985 -1.5385 2.2983
vt -66.2066 -1.3306 2.3463
vt -67.2849 -0.2554 2.5773
vt -67.1727 -0.2622 2.5773
vt -67.0376 -0.3249 2.5773
vt -66.8835 -0.4012 2.5773
vt -66.7578 -0.5047 2.5773
vt -66.6443 -0.6233 2.5773
vt -66.5686 -0.7255 2.5773
vt -66.4862 -0.8944 2.5773
vt -1.3225 -0.8452 -66.2441
vt -1.5773 -0.8944 -66.4862
vt -1.5773 -1.1206 -66.4659
vt -1.2735 -1.1558 -66.1657
vt -66.4659 -1.1206 2.5773
vt -66.4646 -1.4000 2.5773
vt -66.3242 -1.7186 2.5773
vt -66.0698 -1.9619 2.5773
vt -65.7206 -2.0555 2.4398
vt -65.8716 -2.0189 2.4776
vt -65.5155 -2.1253 2.4533
vt -65.3019 -2.0055 2.4171
vt -65.0229 -1.7396 2.4056
vt -64.8417 -1.2245 2.5773
vt -65.3879 -2.4286 2.4028
vt -64.8609 -2.1070 2.3593
vt -64.8296 -2.2095 2.3680
vt -65.3508 -2.4972 2.4035
vt -64.6124 -1.9339 2.3207
vt -64.6124 -2.0592 2.3352
vt -64.8056 -2.4166 2.4786
vt -65.2803 -2.5672 2.4316
vt -65.2629 -2.9386 2.1285
vt -64.7589 -2.9768 2.1027
vt -64.6124 -1.4644 2.3693
vt -64.6124 -1.0404 2.5773
vt -65.5010 -2.4940 2.4109
vt -65.4666 -2.5914 2.4087
vt -65.5479 -2.1608 2.4548
vt -65.5717 -2.5016 2.4095
vt -65.5559 -2.6184 2.4052
vt -65.6033 -2.1785 2.4619
vt 2.3449 -2.2391 -65.7063
vt 2.2356 -2.4684 -65.7349
vt 2.4095 -2.5016 -65.5717
vt 2.4619 -2.1785 -65.6033
vt -65.8018 -2.2025 2.3204
vt -65.8515 -2.4280 2.1893
vt -65.7349 -2.4684 2.2356
vt -65.7063 -2.2391 2.3449
vt -65.7942 -2.5840 2.2329
vt -65.9241 -2.5532 2.1799
vt -66.2384 -3.0049 2.2647
vt -66.0885 -2.9772 2.2718
vt -65.9241 -2.8991 2.2985
vt -65.5805 -2.9629 2.1552
vt -65.9851 -3.0854 2.1950
vt -64.4779 -2.4151 2.5773
vt -66.2699 -3.1894 2.2267
vt -66.4839 -3.0815 2.2907
vt -66.7955 -3.4746 2.2865
vt -65.9684 -3.1649 2.1818
vt -65.5644 -3.0372 2.1382
vt -66.2536 -3.2700 2.2099
vt -66.7761 -3.5596 2.2854
vt -65.2665 -3.0024 2.1163
vt -64.7665 -3.0624 2.0958
vt -65.9925 -2.5150 2.1851
vt -66.2966 -2.9272 2.2645
vt -65.9304 -2.4074 2.1907
vt -65.8668 -2.2030 2.3048
vt -65.8776 -2.0436 2.4917
vt -65.7290 -2.0858 2.4614
vt -65.7290 2.4614 -2.0858
vt -65.8776 2.4917 -2.0436
vt -65.8668 2.3048 -2.2030
vt -65.8018 2.3204 -2.2025
vt -65.5830 -2.0940 2.4571
vt -66.1009 -2.0164 2.5773
vt -66.3481 -2.4302 2.4591
vt -66.3251 -2.5338 2.3942
vt -66.3320 -2.7113 2.3165
vt -66.3616 -2.5461 2.4072
vt -66.3698 -2.7127 2.3270
vt -66.3872 -2.4520 2.4727
vt -66.4428 -2.2235 2.5773
vt -66.2671 -2.0872 2.5773
vt -66.0252 -2.2167 2.3243
vt -66.1009 2.5773 -2.0164
vt -66.0252 2.3243 -2.2167
vt -66.8345 -3.4566 2.2801
vt -66.5237 -3.0642 2.2832
vt -66.4196 -2.9797 2.2901
vt -66.4561 -2.9647 2.2939
vt -66.9410 -3.3971 2.1991
vt -66.7287 -3.1096 2.1492
vt -66.6161 -2.8942 2.1261
vt -66.5683 -2.7458 2.1457
vt -66.5697 -2.6006 2.1743
vt -66.7937 -3.0711 2.1272
vt -67.0022 -3.3541 2.1674
vt -66.6819 -2.8663 2.1174
vt -66.6481 -2.7545 2.1338
vt -66.6454 -2.6305 2.1544
vt -66.6521 -2.4916 2.1846
vt -66.7076 -2.5406 2.1703
vt -66.7508 -2.5106 2.1676
vt -66.6954 -2.4616 2.1804
vt -66.7803 -2.6934 2.1538
vt -66.8224 -2.6625 2.1555
vt -66.9180 -2.9400 2.1462
vt -66.9543 -2.9053 2.1499
vt -67.0957 -3.1867 2.1516
vt -67.1206 -3.1385 2.1515
vt -67.3219 -3.6815 2.2805
vt -67.1619 -3.6933 2.2964
vt -67.0096 -3.7013 2.3190
vt -65.9690 -3.4088 2.2632
vt -65.5215 -3.2907 2.2313
vt -66.1586 -3.5160 2.3012
vt -65.2516 -3.2768 2.2303
vt -64.8021 -3.3225 2.2113
vt -65.8996 -3.5995 2.3580
vt -65.5030 -3.5593 2.3715
vt -65.2754 -3.5365 2.3640
vt -64.7523 -3.5542 2.3369
vt 66.2776 2.5773 -3.7505
vt 65.7477 2.5773 -3.7702
vt 65.7523 2.3369 -3.5542
vt 66.2754 2.3640 -3.5365
vt 66.4973 2.5773 -3.7582
vt 66.5030 2.3715 -3.5593
vt 66.8932 2.5773 -3.8115
vt 66.8996 2.3580 -3.5995
vt -66.1693 -3.6494 2.3658
vt -66.7612 -3.7148 2.3409
vt 67.1693 2.3658 -3.6494
vt 67.1818 2.5773 -3.8375
vt 67.7612 2.3409 -3.7148
vt 67.7475 2.5773 -3.9155
vt 68.0096 2.3190 -3.7013
vt 68.0131 2.5773 -3.9232
vt 68.1619 2.2964 -3.6933
vt 68.1966 2.5773 -3.9232
vt 68.3219 2.2805 -3.6815
vt 68.3476 2.5773 -3.9136
vt 68.6802 2.5773 -3.9329
vt 68.6397 2.3123 -3.6962
vt -67.4899 -3.4680 2.1911
vt -67.2818 -3.4912 2.1974
vt -67.6397 -3.6962 2.3123
vt -67.0594 -2.4082 2.0733
vt -67.0824 -2.5649 2.0702
vt -67.1702 -2.7489 2.0722
vt -67.3068 -2.8522 2.0743
vt -5.9061 -1.1695 2.0850
vt -6.0291 -0.9474 2.0954
vt -5.9858 -1.0728 2.0905
vt -5.9731 -1.1414 2.0916
vt -6.0480 -1.2921 2.1025
vt -5.9453 -1.2799 2.0964
vt -6.1980 -1.4161 2.1322
vt -6.2237 -1.3603 2.1389
vt -6.1061 -1.4747 2.1513
vt -5.9944 -1.5372 2.2170
vt -6.1061 -1.5197 2.1728
vt -5.9992 -1.5776 2.2495
vt -6.2345 -1.4543 2.1388
vt -6.2764 -1.3930 2.1486
vt -6.2744 -1.5093 2.1221
vt -6.3393 -1.5189 2.1341
vt -6.1231 -1.5897 2.1376
vt -6.0212 -1.6740 2.1798
vt -6.2177 -1.6429 2.0806
vt -6.1487 -1.7028 2.0854
vt -6.0794 -1.7848 2.1305
vt -6.2069 -1.7532 2.0825
vt -6.1865 -1.8378 2.1262
vt -6.2623 -1.6946 2.0807
vt -6.2771 -1.7750 2.0986
vt -6.2983 -1.8397 2.1456
vt -6.3096 -1.7369 2.0983
vt -6.3582 -1.7778 2.1355
vt -6.4474 -1.8459 2.2000
vt -6.5799 -1.6578 2.2966
vt -6.4907 -1.5897 2.2371
vt -6.4109 -1.5815 2.1629
vt -6.6988 -1.4793 2.3696
vt -6.6204 -1.3894 2.3464
vt -6.5434 -1.2627 2.3575
vt -6.0271 -1.2095 2.1085
vt -6.0933 -1.2436 2.1230
vt -6.2461 -1.2968 2.1605
vt -6.5163 -1.1537 2.3941
vt -6.5001 -1.0201 2.3943
vt -6.2365 -1.0932 2.2133
vt -6.0947 -1.1223 2.1336
vt -6.7499 -0.5167 2.3974
vt -6.7320 -1.4538 2.3811
vt -6.6536 -1.3638 2.3682
vt -6.5847 -1.2494 2.3803
vt -6.5550 -1.1540 2.4107
vt -6.5415 -1.0218 2.4141
vt -6.5550 -0.8828 2.4165
vt -6.5874 -0.7752 2.4019
vt -6.6374 -0.6893 2.4053
vt -6.7036 -0.6117 2.4123
vt -6.7861 -0.5490 2.4223
vt -6.8401 -0.4577 2.4006
vt -6.8696 -0.4870 2.4168
vt -6.7401 -0.1784 2.1928
vt -6.6509 -0.2383 2.1776
vt -6.7939 -0.1041 2.1927
vt -6.9315 -0.3739 2.3887
vt -6.8455 -0.1002 2.2040
vt -6.9678 -0.3604 2.3929
vt -6.9628 -0.4095 2.4184
vt -6.4758 -0.1725 2.1075
vt -6.3826 -0.1139 2.1081
vt -6.4353 -0.0403 2.0962
vt -6.5272 -0.0989 2.1018
vt -6.6177 -0.1330 2.1302
vt -6.6975 -0.1235 2.1644
vt -6.7394 -0.0390 2.1773
vt -6.7745 -0.0049 2.1841
vt -6.6961 0.0114 2.1849
vt -6.7313 0.0455 2.1892
vt -7.0056 0.0768 2.1445
vt -6.9502 0.1818 2.1246
vt -6.9042 0.2622 2.1320
vt -7.0710 -0.0492 2.1923
vt -7.0998 -0.3230 2.3909
vt -7.0960 -0.3769 2.4200
vt -7.1101 -2.4262 2.1408
vt -7.1120 -2.3183 2.1363
vt -7.1044 -2.5283 2.1957
vt 8.0655 2.5773 -2.6765
vt 8.1044 2.1957 -2.5283
vt -6.8980 -2.1757 2.1309
vt -6.8464 -2.2528 2.1287
vt -6.7986 -2.3472 2.1787
vt 7.6992 2.5773 -2.4185
vt 7.7986 2.1787 -2.3472
vt 7.7604 2.1831 -2.3202
vt -6.7604 -2.3202 2.1831
vt -6.8101 -2.2277 2.1186
vt -6.8559 -2.1429 2.1224
vt -6.6553 -2.1815 2.0843
vt -6.7069 -2.0947 2.0843
vt -6.5865 -2.2566 2.1330
vt 7.4904 2.5773 -2.3683
vt 7.5865 2.1330 -2.2566
vt -6.6132 -1.9965 2.0893
vt -6.5597 -2.0446 2.0775
vt 2.1166 -2.0369 -6.4584
vt 2.0945 -2.0909 -6.4737
vt 2.4195 -2.1787 -6.3049
vt 2.4226 -2.1256 -6.2901
vt 7.3049 2.4195 -2.1787
vt 7.4737 2.0945 -2.0909
vt -6.4737 -2.0909 2.0945
vt -6.5310 -1.9965 2.0958
vt -6.4584 -2.0369 2.1166
vt -6.5731 -1.9348 2.1142
vt 2.2327 -1.9226 -6.4049
vt -6.4699 -1.8706 2.1971
vt -6.6010 -1.6935 2.2852
vt -6.6780 -1.7371 2.2438
vt -6.7429 -1.7630 2.2259
vt -6.8645 -1.5641 2.3734
vt -6.7997 -1.5382 2.3746
vt -6.7308 -1.5055 2.3767
vt -6.8132 -1.5055 2.3817
vt -6.8821 -1.5395 2.3842
vt -7.0514 -1.9513 2.2552
vt -7.0082 -1.9186 2.2640
vt -7.0933 -1.6461 2.4007
vt -7.0474 -1.6352 2.3882
vt -6.8744 -1.8260 2.2435
vt -6.9501 -1.6039 2.3765
vt -7.0879 -1.6079 2.3956
vt -6.9798 -1.5752 2.3777
vt -6.5311 0.4665 2.5773
vt -6.8135 0.6329 2.5773
vt -6.5803 0.0023 2.1389
vt -6.3570 0.4466 2.5773
vt -6.3834 0.0544 2.1362
vt -6.5803 2.1389 0.0023
vt -6.3834 2.1362 0.0544
vt -6.2291 2.5773 0.3909
vt -6.3570 2.5773 0.4466
vt -6.2993 -0.0015 2.1679
vt 2.1362 0.0544 -6.3834
vt 2.1679 -0.0015 -6.2993
vt 2.5773 0.2653 -6.1330
vt 2.5773 0.3909 -6.2291
vt 2.2495 -0.1386 -6.2199
vt 2.4098 -0.0442 -6.1530
vt 2.5773 0.1475 -6.0468
vt 2.1906 -1.0889 -6.7174
vt 2.1863 -1.1853 -6.7480
vt 2.3803 -1.2494 -6.5847
vt 2.4107 -1.1540 -6.5550
vt -6.7480 -1.1853 2.1863
vt 2.4141 -1.0218 -6.5415
vt 2.1935 -0.8847 -6.7289
vt 2.4165 -0.8828 -6.5550
vt 2.4019 -0.7752 -6.5874
vt 2.2007 -0.7286 -6.8149
vt 2.4053 -0.6893 -6.6374
vt -6.8149 -0.7286 2.2007
vt -6.9830 2.2154 -0.6187
vt -6.8149 2.2007 -0.7286
vt -6.7036 2.4123 -0.6117
vt -6.7861 2.4223 -0.5490
vt -6.9830 -0.6187 2.2154
vt -7.0136 -1.4050 2.2025
vt -6.8416 -1.3144 2.2058
vt -7.0060 -0.6823 2.1570
vt -6.8741 -0.7652 2.1422
vt -6.7900 -0.9059 2.1358
vt -6.7289 -0.8847 2.1935
vt -6.7843 -1.1101 2.1414
vt -6.7174 -1.0889 2.1906
vt -6.8779 -1.2315 2.1377
vt -7.0136 -1.3182 2.1466
vt -6.9983 -1.1679 2.0918
vt -6.9678 -0.9116 2.0792
vt -6.9467 -1.0388 2.0781
vt -6.2517 -3.2204 2.1330
vt -6.3031 -3.1550 2.1355
vt -6.6004 -3.3076 2.1970
vt -6.5761 -3.3894 2.1968
vt 7.5646 2.5773 -3.9041
vt 7.4896 2.3159 -3.6837
vt -6.4896 -3.6837 2.3159
vt -6.7070 -2.8555 2.5773
vt -6.8969 -2.9502 2.5773
vt -6.5036 -2.6584 2.5773
vt -1.5773 -2.6584 -6.5036
vt -1.1051 -2.8007 -6.0949
vt -1.1678 -2.6249 -6.1019
vt -1.5773 -2.4540 -6.4333
vt -1.3020 -2.3994 -6.1249
vt -6.4333 -2.4540 2.5773
vt -6.4904 -2.3683 2.5773
vt 7.2698 2.4504 -2.1937
vt -6.6841 0.9257 2.5773
vt -6.6760 1.1090 2.4264
vt -6.6868 1.1976 2.3578
vt -6.6841 1.3420 2.3384
vt -6.6747 1.4074 2.3524
vt -6.1912 1.2441 2.3168
vt -6.1817 1.3096 2.3282
vt -6.2390 1.0957 2.3474
vt -5.7249 1.1478 2.2865
vt -5.7612 1.0957 2.2790
vt -5.5376 0.9647 2.2650
vt -5.5013 1.0167 2.2735
vt -5.8835 0.9628 2.3100
vt -5.7516 0.9030 2.3034
vt -6.2543 1.0341 2.3912
vt -5.9160 0.9127 2.3508
vt -5.7860 0.8568 2.3386
vt -5.4955 0.9030 2.2685
vt -5.4439 0.9589 2.2747
vt -5.6446 0.8548 2.2951
vt -5.7172 0.8337 2.3272
vt -6.3368 0.8937 2.5773
vt 7.2543 2.3912 1.0341
vt 7.3368 2.5773 0.8937
vt 7.0430 2.5773 0.7766
vt 6.9160 2.3508 0.9127
vt 6.7172 2.3272 0.8337
vt 6.7860 2.3386 0.8568
vt 6.9240 2.5773 0.7101
vt -6.1646 1.4717 2.4134
vt -6.6194 1.8303 2.5773
vt -5.6884 1.3055 2.3582
vt -5.5686 1.6221 2.5773
vt -6.0725 1.7479 2.5773
vt -5.4453 1.1830 2.3443
vt -5.3620 1.1292 2.3529
vt -5.1729 1.4106 2.5773
vt -5.3024 1.5199 2.5773
vt -5.4044 0.8581 2.3009
vt -5.3667 0.9104 2.3118
vt -5.3090 0.9792 2.3410
vt -5.2530 1.0331 2.4155
vt -5.2718 1.1162 2.4143
vt 8.1182 0.2731 2.0977
vt 8.1196 0.1582 2.1119
vt 8.1923 0.1658 2.1152
vt 8.1923 0.2756 2.1030
vt 8.1923 0.3580 2.1149
vt 8.0986 0.3663 2.1125
vt 7.8951 0.2014 2.1172
vt 7.9437 0.1006 2.1388
vt 7.8289 0.2818 2.1297
vt 7.6951 0.0788 2.2039
vt 7.7626 -0.0098 2.1967
vt 7.6261 0.1565 2.2364
vt 8.0096 -0.0396 2.1790
vt 7.8460 -0.1377 2.2166
vt 8.1474 -0.0192 2.1662
vt 8.1243 -0.3181 2.3751
vt 7.7300 -0.0209 2.1913
vt 7.8132 -0.1497 2.2087
vt 7.6648 0.0690 2.2063
vt 7.5927 0.1454 2.2297
vt 7.9619 -0.3547 2.3757
vt 7.9294 -0.3673 2.3699
vt 7.9982 -0.4000 2.4083
vt 8.1453 -0.3702 2.4085
vt 7.9571 -0.4160 2.4114
vt 7.3660 0.0944 2.1467
vt 7.4329 0.0270 2.1111
vt 7.5437 -0.0482 2.1120
vt 7.6986 -0.1850 2.1715
vt 7.4730 -0.1426 2.1122
vt 7.5973 -0.2698 2.1876
vt 7.3526 -0.0405 2.1069
vt 7.2800 0.0270 2.1520
vt 7.1405 -0.0848 2.3138
vt 7.2169 -0.1754 2.2266
vt 7.3679 -0.2910 2.1993
vt 7.5074 -0.4162 2.3028
vt 7.7941 -0.4567 2.3800
vt 7.6814 -0.5743 2.4044
vt 7.8269 -0.4937 2.4100
vt 7.6975 -0.6339 2.4158
vt 7.1812 -0.2060 2.2315
vt 7.3326 -0.3205 2.2083
vt 7.0886 -0.0964 2.3581
vt 7.4785 -0.4704 2.3149
vt 7.6461 -0.6243 2.4123
vt 7.2187 -0.3989 2.1294
vt 7.0907 -0.3160 2.1357
vt 6.9244 2.2928 -0.2216
vt 7.0907 2.1357 -0.3160
vt 7.1812 2.2315 -0.2060
vt 7.0886 2.3581 -0.0964
vt 7.3888 -0.5781 2.2235
vt 7.5838 -0.7361 2.3991
vt 7.1518 -0.4605 2.1150
vt 7.0372 -0.3757 2.1271
vt 6.8671 -0.3025 2.2815
vt 6.9244 -0.2216 2.2928
vt 6.9378 -0.5550 2.2441
vt 7.0505 -0.6397 2.2116
vt 6.9149 -0.5858 2.2829
vt 7.0276 -0.6706 2.2298
vt 6.8040 -0.4143 2.3618
vt -1.2441 -0.5550 6.9378
vt -1.3618 -0.4143 6.8040
vt -1.3912 -0.4605 6.8002
vt -1.2829 -0.5858 6.9149
vt 7.3258 -0.6301 2.1969
vt 7.2340 -0.7554 2.2130
vt 7.2226 -0.7920 2.2150
vt 7.5417 -0.8209 2.3889
vt 7.5226 -0.9018 2.3983
vt 7.5207 -0.9481 2.4046
vt 7.6125 -0.7843 2.4073
vt 7.5800 -0.9500 2.4218
vt 6.9760 -0.8556 2.1368
vt 7.0735 -0.9095 2.1462
vt 6.7776 -0.7974 2.2050
vt 6.5389 -0.7081 2.5773
vt 6.8002 -0.4605 2.3912
vt -1.1845 -1.0072 6.7154
vt -1.2050 -0.7974 6.7776
vt -1.5773 -0.7081 6.5389
vt -1.3919 -1.0620 6.5089
vt 6.7154 -1.0072 2.1845
vt 6.9493 -1.0078 2.1183
vt 7.0486 -1.0174 2.1309
vt 7.0776 -1.1871 2.1327
vt 6.9857 -1.2062 2.1224
vt 6.7857 -1.2825 2.1882
vt -1.3823 -1.3599 6.6452
vt -1.1882 -1.2825 6.7857
vt 7.1208 -1.4433 2.1595
vt 7.2127 -1.4106 2.1632
vt 7.0019 -1.5223 2.2333
vt 6.6768 -1.8050 2.5773
vt 6.6452 -1.3599 2.3823
vt 7.1533 -1.5087 2.1703
vt 7.2454 -1.4680 2.1593
vt 7.0262 -1.5768 2.2556
vt 6.7257 -1.8452 2.5773
vt 7.6226 -1.2998 2.4066
vt 7.5820 -1.2271 2.4242
vt 7.5235 -1.0944 2.4014
vt 7.5807 -1.0867 2.4336
vt 7.6199 -1.2080 2.4421
vt 7.6609 -1.2805 2.4272
vt 7.2882 -1.6582 2.1126
vt 7.1964 -1.6987 2.1236
vt 7.0474 -1.7796 2.2566
vt 6.7956 -1.9995 2.5773
vt 6.9887 -2.1285 2.5773
vt 7.1441 -1.9110 2.1948
vt -6.1441 2.1948 -1.9110
vt -5.9887 2.5773 -2.1285
vt -6.2060 2.3592 -2.0976
vt -6.3073 2.2137 -1.9685
vt 7.3340 -2.0244 2.2459
vt 7.3073 -1.9685 2.2137
vt 7.2060 -2.0976 2.3592
vt 7.2327 -2.1535 2.3734
vt 7.4105 -1.9646 2.2002
vt 7.3837 -1.9088 2.1831
vt 7.2366 -1.8201 2.1060
vt 7.3531 -1.7430 2.1120
vt 7.4907 -1.8317 2.1752
vt 7.5366 -1.8760 2.1681
vt 7.8252 -1.5118 2.4040
vt 7.7793 -1.4675 2.4078
vt 7.7985 -1.4347 2.4052
vt 7.8596 -1.4752 2.4008
vt 7.6933 -1.3942 2.4078
vt 7.7182 -1.3673 2.4211
vt 7.5328 -2.1015 2.1350
vt 7.6341 -2.0090 2.1183
vt 7.7220 -2.0629 2.1216
vt 7.6647 -2.1631 2.1218
vt 7.8883 -2.0571 2.1614
vt 7.8214 -2.1689 2.1683
vt 7.4659 -2.1785 2.2040
vt 7.6150 -2.2556 2.2045
vt 7.7755 -2.2807 2.2515
vt 7.3837 -2.2884 2.3393
vt -6.4659 2.2040 -2.1785
vt -6.3837 2.3393 -2.2884
vt -6.5156 2.4553 -2.3905
vt -6.6150 2.2045 -2.2556
vt -6.7065 2.5773 -2.4472
vt -6.7755 2.2515 -2.2807
vt 7.9265 -2.0957 2.1629
vt 7.8615 -2.2074 2.1863
vt 7.7965 -2.3173 2.2988
vt -6.7965 2.2988 -2.3173
vt -1.2823 -2.4734 7.9342
vt -1.2988 -2.3173 7.7965
vt -1.5773 -2.4472 7.7065
vt -1.5773 -2.6222 7.8646
vt 7.9342 -2.4734 2.2823
vt 7.9846 -2.3772 2.1630
vt 8.0630 -2.2777 2.1262
vt -7.1369 2.5773 -2.7373
vt -7.1522 2.2501 -2.5823
vt -6.9342 2.2823 -2.4734
vt -6.8646 2.5773 -2.6222
vt 8.1522 -2.5823 2.2501
vt 8.1655 -2.4686 2.1497
vt 8.1923 -2.3491 2.1330
vt 8.0507 -1.9227 2.2223
vt 8.0115 -1.9104 2.2219
vt 8.0764 -1.6325 2.4216
vt 8.1291 -1.6529 2.4224
vt 8.1923 -1.9910 2.2206
vt 7.7994 -1.8736 2.1928
vt 7.9575 -1.5834 2.4147
vt 7.9859 -1.5453 2.3997
vt 8.1440 -1.6216 2.4145
vt 8.1923 -1.6573 2.4199
vt 8.1923 -1.6173 2.4085
vt 6.8225 2.5773 -0.1181
vt 6.9549 2.5773 0.0373
vt -1.2928 -0.2216 6.9244
vt -1.5773 -0.1181 6.8225
vt -1.5773 -0.2244 6.7576
vt -1.2815 -0.3025 6.8671
vt -1.5773 -0.3429 6.7157
vt -1.5773 -0.4259 6.7153
vt -1.5773 0.2639 7.0925
vt -1.5773 0.0813 7.0019
vt -1.3138 -0.0848 7.1405
vt -1.1520 0.0270 7.2800
vt 7.0019 0.0813 2.5773
vt 6.9549 0.0373 2.5773
vt 7.2155 2.5773 0.3838
vt 7.0925 2.5773 0.2639
vt 7.2800 2.1520 0.0270
vt 7.3660 2.1467 0.0944
vt 7.4222 2.5773 0.4356
vt 7.5927 2.2297 0.1454
vt 7.6466 0.6131 2.5773
vt 7.4803 0.4441 2.5773
vt 7.4803 2.5773 0.4441
vt 7.6261 2.2364 0.1565
vt 8.0986 2.1125 0.3663
vt 7.9999 2.5773 0.7301
vt 7.6466 2.5773 0.6131
vt 7.8289 2.1297 0.2818
vt 8.1923 2.1149 0.3580
vt 8.1923 2.5773 0.7428
vt 2.4083 -0.7545 6.4723
vt 2.3919 -1.0620 6.5089
vt 2.5773 -0.7081 6.5389
vt 2.3923 -0.3757 6.5324
vt 2.3864 -0.4220 6.4662
vt 6.4723 -0.7545 2.4083
vt 6.4662 -0.4220 2.3864
vt 6.4121 -0.4507 2.3960
vt 6.4066 -0.7683 2.4105
vt 2.5773 -0.4139 6.6710
vt 2.5773 -0.3335 6.6710
vt 6.4838 -0.1454 2.3777
vt 6.4272 -0.2093 2.3844
vt 6.5554 -0.1427 2.3789
vt 6.5324 -0.3757 2.3923
vt 2.3789 -0.1427 6.5554
vt 2.5773 -0.2040 6.7223
vt 6.4301 -0.1121 2.3770
vt 6.3977 -0.1612 2.3810
vt 6.7211 0.1444 2.3775
vt 6.6745 0.1708 2.3693
vt 6.7223 -0.2040 2.5773
vt 6.8710 0.0072 2.5773
vt 5.9136 -0.5951 2.3507
vt 5.9901 -0.7232 2.5773
vt 6.1112 -1.0177 2.5773
vt 6.3003 -1.2915 2.5773
vt 6.4092 -1.5805 2.5773
vt 6.5089 -1.0620 2.3919
vt 7.1861 -2.1618 2.3949
vt 7.3486 -2.3208 2.3684
vt 8.1397 -0.6014 2.2055
vt 7.9601 -0.6823 2.1857
vt 7.8320 -0.8635 2.1718
vt -1.4073 -0.7843 7.6125
vt -1.4218 -0.9500 7.5800
vt -1.1718 -0.8635 7.8320
vt -1.1839 -1.0523 7.8015
vt -1.4336 -1.0867 7.5807
vt -1.4421 -1.2080 7.6199
vt -1.4272 -1.2805 7.6609
vt 7.8817 -1.2547 2.2006
vt 7.8015 -1.0523 2.1839
vt 8.0939 -1.3934 2.1997
vt 8.1923 -1.4975 2.2948
vt 8.1923 -1.3975 2.2007
vt 8.1741 -0.6669 2.1484
vt 7.9888 -0.7459 2.1280
vt 8.1378 -1.3202 2.1402
vt 8.1923 -1.3197 2.1417
vt 7.9448 -1.1988 2.1361
vt 7.8989 -1.0234 2.1147
vt 7.8951 -0.8808 2.1258
vt 8.1206 -1.1602 2.0890
vt 8.0843 -0.9694 2.0655
vt 7.6544 -3.2804 2.2950
vt 7.6274 -3.3376 2.2926
vt 8.1923 -3.4351 2.2767
vt 8.1923 -3.3484 2.2768
vt 6.8993 -3.0507 2.2770
vt 7.0003 -3.0297 2.3063
vt 7.5490 -3.4085 2.3311
vt 6.8118 -3.1277 2.3156
vt -5.7436 2.5773 -3.3117
vt -6.4929 2.5773 -3.6179
vt -6.5490 2.3311 -3.4085
vt -5.8118 2.3156 -3.1277
vt 7.7478 -2.9945 2.5773
vt 7.3511 -2.8676 2.5773
vt 8.1923 -3.0021 2.5773
vt -6.3486 2.3684 -2.3208
vt -6.4769 2.5773 -2.4233
vt 6.9821 -2.9777 2.2887
vt 6.9669 -2.8338 2.1685
vt 7.0453 -2.8610 2.2173
vt -6.0453 2.2173 -2.8610
vt -5.9821 2.2887 -2.9777
vt -6.3511 2.5773 -2.8676
vt 7.2507 -2.7193 2.2867
vt 7.1628 -2.6825 2.2061
vt -6.2507 2.2867 -2.7193
vt 7.2101 -2.5504 2.2108
vt 7.2980 -2.5858 2.2884
vt 2.5773 -2.8676 7.3511
vt 2.5773 -2.6653 7.4618
vt 2.2884 -2.5858 7.2980
vt 2.2867 -2.7193 7.2507
vt 7.1966 -2.4741 2.2091
vt 7.2993 -2.4836 2.2844
vt 2.5773 -2.4233 7.4769
vt 2.2844 -2.4836 7.2993
vt 2.2565 -2.3678 7.2291
vt 2.3684 -2.3208 7.3486
vt 7.2291 -2.3678 2.2565
vt 7.1534 -2.3909 2.2152
vt 7.0115 -2.2860 2.2762
vt 7.1264 -2.2683 2.3062
vt 6.9887 2.5773 -2.1285
vt 7.0115 2.2762 -2.2860
vt 7.1264 2.3062 -2.2683
vt 7.1861 2.3949 -2.1618
vt 6.9719 -2.5182 2.1078
vt 6.9872 -2.5953 2.1097
vt 6.7693 -2.5529 2.0820
vt 6.7846 -2.6300 2.0853
vt 6.9318 -2.4546 2.1244
vt 6.7750 -2.4893 2.0995
vt 6.5476 -2.5240 2.0732
vt 6.5533 -2.4623 2.0983
vt 6.5438 -2.6204 2.0759
vt 6.2991 -2.3975 2.1148
vt 6.2647 -2.4450 2.0963
vt 6.2408 -2.5392 2.1024
vt 6.9031 -2.3127 2.2440
vt 6.6199 2.5773 -2.0933
vt 6.9031 2.2440 -2.3127
vt 6.2093 -2.3763 2.1120
vt 6.2437 -2.3301 2.1249
vt 6.4845 -2.2780 2.2675
vt 6.4187 -2.2330 2.2333
vt 2.5773 -2.0933 6.6199
vt 2.2333 -2.2330 6.4187
vt 2.2675 -2.2780 6.4845
vt 6.6184 -2.3620 2.1890
vt 6.7771 -2.3610 2.1908
vt 6.6184 2.1890 -2.3620
vt 6.7771 2.1908 -2.3610
vt 6.4845 2.2675 -2.2780
vt 5.7173 -2.1732 2.1932
vt 5.9368 -1.8099 2.5385
vt 5.8448 -1.8132 2.5329
vt 5.5479 -2.1325 2.2410
vt 5.6981 -2.2291 2.1825
vt 5.5103 -2.1977 2.2361
vt 6.0460 -2.2503 2.1192
vt 6.0651 -2.1944 2.1322
vt 6.1282 -2.2657 2.1115
vt 6.1702 -2.2310 2.1197
vt 6.1377 -1.9940 2.2793
vt 5.9368 2.5385 -1.8099
vt 6.1377 2.2793 -1.9940
vt 6.2944 2.4004 -1.8996
vt 6.1834 2.5773 -1.7016
vt 6.2753 -2.0942 2.1964
vt 6.2753 2.1964 -2.0942
vt 6.3900 2.3669 -1.9690
vt 6.1834 -1.7016 2.5773
vt 6.2944 -1.8996 2.4004
vt 6.3786 -1.8379 2.5028
vt 6.3791 -1.7002 2.5773
vt 6.4741 2.5173 -1.8919
vt 6.3786 2.5028 -1.8379
vt 6.5405 -1.8221 2.5773
vt 6.4741 -1.8919 2.5173
vt 6.5219 -1.9574 2.5265
vt 6.5921 -1.9262 2.5773
vt 2.4748 -2.0364 6.5047
vt 2.5265 -1.9574 6.5219
vt 2.5173 -1.8919 6.4741
vt 2.3669 -1.9690 6.3900
vt 6.6199 -2.0933 2.5773
vt 6.5047 -2.0364 2.4748
vt 2.2105 -2.1752 6.3747
vt 2.1964 -2.0942 6.2753
vt 6.3747 -2.1752 2.2105
vt 6.2027 -2.6274 2.1410
vt 6.1108 -2.7664 2.2755
vt 6.4703 -2.9708 2.2948
vt 6.5297 -2.8018 2.1499
vt 6.8135 -2.8236 2.1388
vt 5.6248 -2.4003 2.2576
vt 5.4459 -2.3028 2.2951
vt 5.9816 -2.4494 2.1431
vt 5.5479 2.2410 -2.1325
vt 5.8448 2.5329 -1.8132
vt 5.7636 2.5773 -1.7824
vt 5.1461 -1.9699 2.3109
vt 5.0734 -2.0836 2.3804
vt 5.1843 -1.9160 2.3161
vt 5.4855 -1.5546 2.5773
vt 5.7636 -1.7824 2.5773
vt 4.6494 -1.4318 2.3723
vt 4.6112 -1.4858 2.3722
vt 4.5605 -1.5966 2.4129
vt 5.0297 -1.1697 2.5773
vt 4.2824 -1.0877 2.4209
vt 4.2661 -0.9807 2.4207
vt 4.7058 -0.9510 2.5773
vt 4.2714 -0.7514 2.4401
vt 4.3072 -1.3860 2.4605
vt 4.3488 -1.6562 2.5773
vt 4.5470 -1.8099 2.5773
vt 5.0248 -2.2454 2.5773
vt -4.3210 2.5773 -2.4670
vt -4.4459 2.2951 -2.3028
vt -4.0734 2.3804 -2.0836
vt -4.0248 2.5773 -2.2454
vt -4.5007 2.5773 -2.5884
vt -4.6248 2.2576 -2.4003
vt -5.0031 2.5773 -2.9493
vt -5.1108 2.2755 -2.7664
vt -5.3670 2.5773 -3.1344
vt -5.4703 2.2948 -2.9708
vt -4.5839 2.3219 -0.7512
vt -4.1291 2.3348 -0.8263
vt -4.1071 2.5773 -0.9699
vt -4.5697 2.5773 -0.8974
vt -3.7850 2.3554 -0.7955
vt -3.7058 2.5773 -0.9510
vt 4.7850 -0.7955 2.3554
vt 4.3340 -0.6336 2.3924
vt 3.9861 -0.3388 2.3886
vt 3.9326 -0.4352 2.4241
vt -4.9136 2.3507 -0.5951
vt -4.9901 2.5773 -0.7232
vt 4.8022 -0.7011 2.3108
vt 5.1291 -0.8263 2.3348
vt 5.1463 -0.7319 2.2968
vt 5.5572 -0.6529 2.2892
vt 5.5839 -0.7512 2.3219
vt 5.8534 -0.5103 2.3149
vt 6.3031 -0.0971 2.3682
vt 6.3220 -0.0467 2.3728
vt 4.3875 -0.5402 2.3527
vt 4.0167 -0.2906 2.3771
vt 4.4167 -0.4785 2.3601
vt 4.0530 -0.2367 2.3852
vt 4.7995 -0.6163 2.3185
vt 5.1340 -0.6472 2.3047
vt 5.5143 -0.5778 2.3060
vt 5.8000 -0.4670 2.3210
vt 6.2274 -0.0848 2.3701
vt 6.2477 -0.0358 2.3763
vt 5.9639 -0.1325 2.4093
vt 5.9882 -0.0889 2.4040
vt 5.7437 -0.1034 2.5773
vt 5.7307 -0.3049 2.3917
vt 5.4706 -0.3737 2.4003
vt 5.4503 -0.1598 2.5773
vt 5.1368 -0.3887 2.4252
vt 5.1499 -0.1735 2.5773
vt 4.7246 -0.3274 2.4475
vt 4.8349 -0.1554 2.5773
vt 4.4651 -0.2620 2.4525
vt 4.5625 -0.0790 2.5773
vt 4.1697 -0.1027 2.4583
vt 4.3060 0.0658 2.5773
vt -4.5102 2.4164 0.0608
vt -4.4204 2.5773 -0.0394
vt -4.7437 2.5773 -0.1034
vt -4.7529 2.3580 0.0261
vt -4.3955 2.4197 0.1282
vt -4.2426 2.5773 0.0396
vt 5.3009 0.2805 2.4140
vt 5.0448 0.2467 2.5773
vt 5.2426 0.0396 2.5773
vt 5.3955 0.1282 2.4197
vt 5.7529 0.0261 2.3580
vt 5.7701 0.1398 2.3449
vt 5.6000 0.1610 2.3797
vt 5.5102 0.0608 2.4164
vt 5.5274 0.2092 2.3928
vt 5.4653 0.3007 2.4025
vt -4.9765 2.3280 0.0299
vt -4.9882 2.4040 -0.0889
vt 5.9765 0.0299 2.3280
vt 5.9651 0.1456 2.3126
vt 6.1734 0.1186 2.3060
vt 6.1333 0.2246 2.3031
vt 6.5005 0.3926 2.2999
vt 6.4574 0.4919 2.3095
vt 6.5567 0.2560 2.3479
vt 6.5776 0.2114 2.3604
vt 6.9092 0.3961 2.3781
vt 7.0474 0.2929 2.5773
vt 6.8500 0.4115 2.3597
vt 7.2456 0.6813 2.4207
vt 7.1965 0.4297 2.5773
vt 7.2033 0.7455 2.3680
vt 7.4239 0.4972 2.5773
vt 6.8208 0.4594 2.3481
vt 6.7667 0.6338 2.3027
vt 7.1181 0.9159 2.2991
vt 6.7329 0.7265 2.3098
vt 7.0789 1.0072 2.3066
vt 7.4716 0.8595 2.4118
vt 7.5921 0.6668 2.5773
vt 7.4391 0.9290 2.3496
vt 7.3810 1.0898 2.2863
vt 7.3662 1.1879 2.2942
vt 7.8584 1.0699 2.3846
vt 7.9471 0.8937 2.5773
vt 7.8316 1.1509 2.3236
vt 7.7991 1.2935 2.2937
vt 7.8144 1.3860 2.3098
vt 5.7213 0.3461 2.3960
vt 5.9780 0.4613 2.3948
vt 6.2818 0.7331 2.4226
vt 6.5373 1.0465 2.4808
vt 6.8969 1.5082 2.5773
vt 7.1315 1.6373 2.5773
vt 7.6015 1.8228 2.5773
vt 8.1923 1.4323 2.3398
vt 8.1923 1.8903 2.5773
vt -3.9762 2.2304 0.4429
vt -4.0448 2.5773 0.2467
vt -4.3009 2.4140 0.2805
vt 5.4526 0.5289 2.2047
vt 4.9762 0.4429 2.2304
vt 5.8306 0.7025 2.1978
vt 6.0995 0.9234 2.2068
vt 6.3510 1.1861 2.2736
vt 6.5894 1.4416 2.4521
vt 6.7842 1.6817 2.5773
vt 5.3656 0.6987 2.1314
vt 4.9660 0.5527 2.1861
vt 5.6320 0.9019 2.1035
vt 5.7336 1.0446 2.1096
vt 5.9451 1.0076 2.1516
vt 5.7852 1.1386 2.1254
vt 5.9442 1.1117 2.1712
vt 6.1648 1.2913 2.2177
vt 6.2398 1.2527 2.2152
vt 6.4629 1.5146 2.4225
vt 6.3563 1.5448 2.4316
vt 6.6136 1.7816 2.5773
vt 6.3813 1.7547 2.5773
vt 5.9509 1.3031 2.2775
vt 5.9671 2.5773 1.5612
vt 5.9509 2.2775 1.3031
vt 6.1648 2.2177 1.2913
vt 6.3563 2.4316 1.5448
vt 5.9671 1.5612 2.5773
vt 5.8052 1.3350 2.2615
vt 5.8081 2.5773 1.5780
vt 5.8052 2.2615 1.3350
vt 4.9952 0.6324 2.1953
vt 5.3323 0.7659 2.1497
vt 5.5471 0.9287 2.1097
vt 5.6487 1.0429 2.1070
vt 5.7003 1.1369 2.1178
vt 5.7353 1.3132 2.2287
vt 5.7353 2.2287 1.3132
vt 5.1816 0.8834 2.3214
vt 5.2723 2.5773 1.1214
vt 5.1816 2.3214 0.8834
vt 5.5471 2.1097 0.9287
vt 5.6487 2.1070 1.0429
vt -1.1178 1.1369 5.7003
vt -1.5773 1.2787 5.3572
vt -1.5773 1.1214 5.2723
vt -1.1070 1.0429 5.6487
vt 5.4937 1.4768 2.5773
vt 5.3572 1.2787 2.5773
vt 5.6119 2.5773 1.5725
vt 5.4937 2.5773 1.4768
vt 4.9203 0.8729 2.1377
vt 4.8319 0.8020 2.1130
vt 5.0017 1.0270 2.2207
vt 2.3099 1.2016 5.0267
vt 2.2207 1.0270 5.0017
vt 2.3214 0.8834 5.1816
vt 2.5773 1.1214 5.2723
vt 2.5773 1.3510 5.2298
vt 5.1291 1.4845 2.5773
vt 5.0310 1.3810 2.4701
vt 5.0267 1.2016 2.3099
vt 5.2298 1.3510 2.5773
vt 4.9484 1.5676 2.5773
vt 4.9721 1.3881 2.4582
vt 4.9651 1.2599 2.3239
vt 4.9285 1.0841 2.1973
vt 4.8662 0.9322 2.1228
vt 4.7836 0.8793 2.1108
vt 4.4423 0.7138 2.1539
vt 4.4517 0.6378 2.1609
vt 4.1857 0.6283 2.2075
vt 4.1715 0.7186 2.2095
vt 4.3093 1.2670 2.5773
vt 4.3764 1.2991 2.5773
vt 4.7119 1.5092 2.5773
vt 4.8532 1.5697 2.5773
vt 4.4811 0.5257 2.2083
vt 4.1762 0.5351 2.2596
vt 3.5781 0.7494 2.2653
vt 3.5640 0.8396 2.2720
vt 2.7588 0.9867 2.3088
vt 2.6443 1.1178 2.3139
vt 3.5628 1.3204 2.5773
vt 2.7763 1.5151 2.5773
vt 3.5687 0.6663 2.3014
vt 3.0294 0.7672 2.3577
vt -3.4811 2.2083 0.5257
vt -3.5353 2.5773 0.2805
vt -3.1762 2.2596 0.5351
vt -3.1573 2.5773 0.3517
vt -2.7229 2.5773 0.4182
vt -2.5687 2.3014 0.6663
vt -2.0294 2.3577 0.7672
vt 3.7363 -0.4694 2.3101
vt 3.8854 -0.8196 2.2723
vt 3.0819 0.2643 2.3954
vt 2.9845 0.1696 2.3872
vt 3.1355 0.3411 2.3907
vt 3.1464 0.3996 2.3884
vt 3.7229 0.4182 2.5773
vt 3.5997 0.3236 2.4440
vt 3.1464 2.3884 0.3996
vt 3.5997 2.4440 0.3236
vt 3.7229 2.5773 0.4182
vt 3.1052 0.5871 2.4038
vt 3.0004 0.6952 2.3852
vt 3.9302 -1.1140 2.2373
vt 3.9537 -1.4025 2.2138
vt 4.1491 -1.6019 2.3243
vt 2.5773 -1.6562 4.3488
vt 2.4605 -1.3860 4.3072
vt 2.3243 -1.6019 4.1491
vt 2.2923 -1.9414 4.0997
vt 2.5773 -2.0608 4.3554
vt 3.8619 -1.8844 2.1576
vt 4.0997 -1.9414 2.2923
vt 3.8012 -2.1328 2.1449
vt 4.0152 -2.2015 2.2605
vt 3.7796 -2.2402 2.1582
vt 3.9653 -2.2888 2.2623
vt 4.0670 -2.2838 2.2989
vt 3.9964 -2.3551 2.2929
vt 4.3554 -2.0608 2.5773
vt 4.0716 -2.4643 2.2939
vt 3.9822 -2.5023 2.2942
vt 4.4037 -2.3740 2.5773
vt 4.1116 -2.7967 2.2836
vt 4.0174 -2.8394 2.2844
vt 4.5048 -2.6922 2.5773
vt 4.2481 -3.1435 2.2915
vt 4.1682 -3.2006 2.2969
vt 4.3913 -3.3416 2.2998
vt 4.2631 -3.4734 2.3321
vt 4.5921 -2.8817 2.5773
vt 4.7220 -3.0294 2.5773
vt 4.6477 -3.5632 2.3427
vt 4.6977 -3.4759 2.3528
vt 4.8951 -3.1738 2.5773
vt 5.1472 -3.5867 2.4240
vt 5.1439 -3.6841 2.4282
vt 5.2082 -3.3115 2.5773
vt 5.6420 -3.7557 2.5773
vt 5.6311 -3.5700 2.5773
vt 3.8428 -2.9253 2.3530
vt 3.9960 -3.2880 2.3550
vt 3.5534 -3.1384 2.5773
vt 3.7088 -3.4589 2.5773
vt 3.7976 -2.5932 2.3447
vt 3.6375 -2.6740 2.3965
vt 3.7858 -2.4840 2.3288
vt 3.5998 -2.5474 2.3801
vt 4.0667 -3.7272 2.5773
vt 4.3045 -3.7224 2.5773
vt -3.2631 2.3321 -3.4734
vt -3.3045 2.5773 -3.7224
vt -3.5612 2.5773 -3.7723
vt -3.6477 2.3427 -3.5632
vt 4.5612 -3.7723 2.5773
vt 5.1711 -3.8649 2.5773
vt 3.4380 -2.9603 2.3920
vt 3.3744 -3.0292 2.3976
vt 3.5548 -2.7590 2.3903
vt 3.4666 -2.7606 2.3714
vt 3.3815 -2.9081 2.3564
vt 3.2943 -2.9769 2.3572
vt 3.3085 -2.8867 2.3639
vt 3.2213 -2.9556 2.3632
vt 3.3956 -2.7941 2.3674
vt 2.7174 -3.3734 2.3333
vt 2.7269 -3.2951 2.3503
vt 2.7763 -3.4660 2.3786
vt 2.8870 -3.5824 2.5773
vt 2.6421 -3.3711 2.3210
vt 2.6515 -3.2927 2.3573
vt 2.5761 -3.5230 2.3193
vt -1.7763 2.3786 -3.4660
vt -1.5761 2.3193 -3.5230
vt -1.5997 2.5773 -3.6916
vt -1.8870 2.5773 -3.5824
vt 2.5809 -3.3711 2.3052
vt 2.5149 -3.5230 2.3052
vt 2.6044 -3.2737 2.3634
vt -1.5149 2.3052 -3.5230
vt -1.5149 2.5773 -3.7343
vt 2.3274 -3.4433 2.2383
vt 2.3507 -3.3744 2.2349
vt 2.2658 -3.4030 2.2335
vt 2.2924 -3.3324 2.2342
vt 2.6348 -3.1929 2.4004
vt 2.5848 -3.2113 2.4006
vt 2.2042 -3.2368 2.2426
vt 2.1525 -3.2972 2.2370
vt 1.9527 -3.6691 2.3689
vt 1.9444 -3.5969 2.3684
vt 1.8678 -3.5020 2.4012
vt -1.3274 2.2383 -3.4433
vt -1.0142 2.5773 -3.8537
vt -0.9527 2.3689 -3.6691
vt 2.0154 -3.1240 2.3001
vt 1.6474 -3.2365 2.5773
vt 1.9937 -3.0418 2.3389
vt 2.1003 -3.0955 2.2925
vt 2.0953 -3.0284 2.3298
vt 2.4450 -3.0921 2.4738
vt 2.4250 -3.0401 2.4932
vt 2.4983 -3.0888 2.4735
vt 2.4883 -3.0468 2.4886
vt 2.3967 -2.8705 2.5773
vt 2.4600 -2.8773 2.5773
vt 2.3034 -2.7732 2.5773
vt 2.2701 -2.7228 2.5773
vt 2.1070 -2.6397 2.5773
vt 1.9937 -2.6901 2.5149
vt 1.6631 -2.8577 2.5773
vt 3.3744 -2.6860 2.3885
vt 3.4395 -2.6591 2.3886
vt 3.5340 -2.5365 2.3802
vt 3.5798 -2.4988 2.3673
vt 3.7696 -2.4282 2.2821
vt 3.7013 -2.2788 2.1797
vt 3.5282 -2.3393 2.2320
vt 3.4682 -2.3477 2.2315
vt 3.4434 -2.2848 2.2206
vt 3.4982 -2.2536 2.2100
vt 3.6647 -2.1731 2.1608
vt 3.7713 -1.8893 2.1608
vt 3.8812 -1.4109 2.2072
vt 3.8578 -1.1238 2.2314
vt 3.7996 -0.8317 2.2628
vt 3.6802 -0.5070 2.3054
vt 2.9511 0.1189 2.3707
vt 2.1795 0.2427 2.8768
vt 2.2043 0.1587 2.8502
vt 2.3707 0.1189 2.9511
vt 2.3872 0.1696 2.9845
vt 2.7686 0.2611 2.1246
vt 2.7688 0.1752 2.1285
vt 2.8502 0.1587 2.2043
vt 2.8768 0.2427 2.1795
vt 2.7636 0.4508 2.1147
vt 2.9451 0.3652 2.2064
vt 2.2064 0.3652 2.9451
vt 2.3954 0.2643 3.0819
vt 2.9301 0.5616 2.2510
vt 2.7137 0.6087 2.1263
vt 2.8669 0.6657 2.2388
vt 2.5522 0.7782 2.1352
vt 2.7053 0.8353 2.2160
vt 2.2808 1.0216 2.1731
vt 2.4339 1.0787 2.2285
vt 2.9696 -2.7627 2.4350
vt 63.9939 -0.3136 2.1857
vt 63.9880 -0.4084 2.2465
vt 63.8589 -0.3118 2.2521
vt 63.7466 -0.4672 2.4533
vt 63.5133 -0.2523 2.4535
vt 63.4584 -0.2943 2.3916
vt 63.4018 -0.3799 2.2822
vt 63.3635 -0.4454 2.2421
vt 63.3318 -0.5176 2.2388
vt 63.3885 -0.1096 2.4712
vt 63.2852 -0.3144 2.3016
vt 63.2652 -0.3782 2.2633
vt 63.2369 -0.4471 2.2491
vt 64.1905 0.0502 2.1340
vt 64.1976 0.2259 2.1275
vt 63.4251 0.0029 2.4278
vt 64.1834 0.5132 2.1116
vt 63.4184 0.1993 2.3846
vt 64.0115 0.6936 2.1377
vt 63.7384 0.9358 2.1720
vt 64.1651 -0.2059 2.1494
vt 64.0236 -0.2026 2.1638
vt 63.3073 0.4061 2.3865
vt 63.0815 0.5951 2.3736
vt 63.3279 1.1122 2.2026
vt 63.1864 0.3584 2.3770
vt 63.0148 0.5599 2.3775
vt 62.7767 0.7714 2.3486
vt 62.7101 0.7378 2.3642
vt 62.8870 1.2194 2.2305
vt 63.3862 1.2170 2.1919
vt 62.9058 1.3334 2.2239
vt 63.4380 1.3334 2.2439
vt 62.9176 1.4521 2.2844
vt 63.2743 0.2050 2.3712
vt 63.2776 0.0438 2.3889
vt 63.2448 -0.0988 2.4568
vt 62.5983 0.6568 2.4075
vt 62.9030 0.4789 2.4054
vt 63.0479 0.2639 2.4063
vt 63.1395 0.1263 2.3982
vt 63.1861 0.0507 2.4006
vt 63.1306 -0.0769 2.4675
vt 63.0274 -0.0081 2.4928
vt 62.8422 0.0887 2.5773
vt 62.6905 0.3192 2.5773
vt 62.5057 0.4703 2.5773
vt 63.1245 -0.2243 2.3564
vt 62.9230 -0.1857 2.3896
vt 62.4444 0.0145 2.5773
vt 62.5826 -0.2155 2.4230
vt 63.1079 -0.2948 2.3046
vt 62.9347 -0.2646 2.3308
vt 62.6109 -0.2944 2.3692
vt 63.0796 -0.3855 2.2811
vt 62.9280 -0.3704 2.3042
vt 62.6425 -0.3934 2.3427
vt 63.1845 -2.5417 2.1599
vt 63.1962 -2.6257 2.2294
vt -62.1962 2.2294 -2.6257
vt -62.2015 2.5773 -2.8577
vt 62.8828 -2.5961 2.2451
vt 62.9157 -2.5225 2.1710
vt 62.7367 -2.3895 2.1601
vt 62.7038 -2.4631 2.2223
vt 62.9746 -2.0547 2.1049
vt 62.8898 -2.1847 2.0974
vt 63.0229 -2.3557 2.0829
vt 62.8239 -2.2488 2.1000
vt 63.2089 -2.3474 2.0688
vt 63.3302 -2.3236 2.0800
vt 62.8044 -2.0833 2.1090
vt 62.7378 -2.1471 2.1141
vt 62.9293 -2.0061 2.1292
vt 62.7811 -2.0212 2.1081
vt 62.9043 -1.9439 2.1347
vt 63.0421 -1.9537 2.1359
vt 63.1789 -1.7574 2.3034
vt 63.0355 -1.8866 2.1723
vt 63.0105 -1.8261 2.1893
vt 62.7141 -2.0461 2.1120
vt 62.7008 -1.8916 2.1117
vt 62.7707 -1.8983 2.0986
vt 62.8756 -1.6750 2.1274
vt 62.7707 -1.6129 2.1394
vt 62.8590 -1.4500 2.2134
vt 62.9472 -1.5978 2.1662
vt 63.0950 -1.4725 2.3126
vt 63.0650 -1.2941 2.4243
vt 63.2838 -1.6701 2.1894
vt 63.2297 -1.4375 2.1836
vt 63.3451 -1.6013 2.1216
vt 63.3167 -1.4382 2.1056
vt -1.3126 -1.4725 63.0950
vt -1.1836 -1.4375 63.2297
vt -1.2057 -1.2977 63.2456
vt -1.4243 -1.2941 63.0650
vt 63.2456 -1.2977 2.2057
vt 63.3417 -1.2955 2.1025
vt 63.3450 -1.0050 2.3008
vt -1.1025 -1.2955 63.3417
vt -1.3008 -1.0050 63.3450
vt -1.3892 -1.0156 63.2639
vt 63.2639 -1.0156 2.3892
vt 63.0225 -1.0441 2.5773
vt 63.3000 -0.8640 2.3390
vt 63.2434 -0.8892 2.3845
vt 63.2434 -0.7314 2.3238
vt 63.1902 -0.7582 2.3687
vt 63.1685 -0.6424 2.3182
vt 62.9121 -0.5047 2.3337
vt 62.6409 -0.4875 2.3635
vt 62.8904 -0.5601 2.3651
vt 62.6423 -0.5484 2.3999
vt 63.1285 -0.6827 2.3577
vt 63.0037 -0.8791 2.5773
vt -61.6373 2.5773 -0.7129
vt -61.8305 2.5773 -0.7213
vt -61.8904 2.3651 -0.5601
vt -61.6423 2.3999 -0.5484
vt -61.9520 2.5773 -0.8052
vt -62.1285 2.3577 -0.6827
vt 62.9520 -0.8052 2.5773
vt 62.0611 0.8279 2.4245
vt 62.3166 0.5572 2.5773
vt 62.3801 0.8540 2.3636
vt 62.3213 1.2315 2.2666
vt 61.6195 1.1235 2.3293
vt 62.3071 1.3407 2.2660
vt 61.4982 1.1947 2.3306
vt 62.2695 1.4499 2.3141
vt 61.3522 1.2659 2.3779
vt 2.5773 0.5572 62.3166
vt 2.4245 0.8279 62.0611
vt 2.3035 0.5410 62.1199
vt 61.8751 0.5561 2.1168
vt 62.1199 0.5410 2.3035
vt 61.4804 0.8785 2.1605
vt 61.2590 0.9003 2.1888
vt 61.2234 0.7736 2.1642
vt 61.4448 0.7499 2.1248
vt 61.7392 0.5267 2.0920
vt 61.7580 0.3914 2.1202
vt 61.8946 0.4199 2.1258
vt 62.1277 0.4341 2.2677
vt 2.2677 0.4341 62.1277
vt 2.5773 0.4260 62.2973
vt 63.5121 1.7573 2.5773
vt 63.0242 1.8496 2.5773
vt 62.2483 1.8345 2.5773
vt 61.2847 1.6641 2.5773
vt 60.8608 1.4409 2.5773
vt 61.0127 0.8330 2.2240
vt 61.0360 0.7356 2.1985
vt 60.4166 0.4670 2.3061
vt 60.5065 0.3965 2.2823
vt 60.0639 0.9341 2.5773
vt 60.1392 -0.1071 2.3092
vt 59.9885 -0.1533 2.3200
vt 59.4677 0.3415 2.5773
vt 59.1270 -0.1406 2.5773
vt 59.6273 -0.9332 2.2708
vt 60.7303 0.0596 2.3318
vt 60.3819 -0.0828 2.3229
vt 61.8975 0.3199 2.1810
vt 61.7610 0.2913 2.1663
vt 61.4729 0.2695 2.2007
vt 61.4862 0.1772 2.2631
vt 61.2597 0.2393 2.2505
vt 61.3064 0.1520 2.2902
vt 61.1715 0.2040 2.2762
vt 61.2364 0.1419 2.3078
vt 61.2231 0.0966 2.3407
vt 2.5773 0.0434 61.3239
vt 2.3078 0.1419 61.2364
vt 2.3407 0.0966 61.2231
vt -60.3064 2.2902 0.1520
vt -60.2364 2.3078 0.1419
vt -60.3239 2.5773 0.0434
vt 61.1765 0.0294 2.3580
vt 60.8001 -0.0360 2.3600
vt 2.5773 -0.1110 61.2389
vt 2.3580 0.0294 61.1765
vt -60.1765 2.3580 0.0294
vt -59.8001 2.3600 -0.0360
vt -59.8743 2.5773 -0.1899
vt -60.2389 2.5773 -0.1110
vt 61.0860 0.2632 2.2647
vt 60.5412 -0.1687 2.3704
vt -59.5412 2.3704 -0.1687
vt -59.7027 2.5773 -0.2185
vt 61.4558 0.3914 2.1642
vt 61.2320 0.3273 2.2287
vt 62.1131 0.3641 2.2942
vt 2.5773 0.3037 62.2380
vt 2.2942 0.3641 62.1131
vt -60.9999 2.5773 0.1710
vt -61.2380 2.5773 0.3037
vt -61.1131 2.2942 0.3641
vt -60.8975 2.1810 0.3199
vt -60.8467 2.5773 0.1156
vt -60.7610 2.1663 0.2913
vt -60.5437 2.5773 0.0300
vt -60.4862 2.2631 0.1772
vt 60.4446 -0.3897 2.2204
vt 60.3497 -0.3830 2.2084
vt 60.2298 -0.4302 2.2093
vt 60.0900 -0.5494 2.2081
vt 2.2204 -0.3897 60.4446
vt 2.5773 -0.2185 60.7027
vt 2.3704 -0.1687 60.5412
vt 61.1831 -0.6876 2.5773
vt 61.1622 -0.4822 2.5773
vt 60.4146 -0.4695 2.2018
vt 60.9725 -0.9843 2.5773
vt 60.2839 -0.5207 2.1963
vt 60.1640 -0.6466 2.2041
vt 59.7027 -1.0282 2.2623
vt 59.0318 -1.4477 2.3028
vt 59.0836 -1.5430 2.3060
vt 59.8175 -1.4153 2.5773
vt 59.2080 -1.8772 2.5773
vt 60.2767 -1.1803 2.5773
vt 60.6055 -1.1316 2.5773
vt 58.7416 -0.7397 2.5773
vt 62.2479 -0.4388 2.4001
vt 62.3228 -0.5076 2.3718
vt 62.3552 -0.6099 2.4026
vt -61.3552 2.4026 -0.6099
vt -61.4068 2.5773 -0.7711
vt 61.8856 -0.6955 2.4245
vt 61.9522 -0.7627 2.4030
vt 62.0072 -0.8231 2.4192
vt 62.1521 -0.9272 2.5773
vt 62.4068 -0.7711 2.5773
vt 62.1863 -0.3834 2.4484
vt 61.7983 -0.6621 2.4669
vt 62.0348 -0.1651 2.5773
vt 61.6601 -0.4774 2.5773
vt 61.3443 -0.8663 2.5773
vt 61.5642 -0.9822 2.4764
vt 61.6537 -1.0391 2.4339
vt 61.7515 -1.0997 2.4243
vt 61.8233 -1.1412 2.4534
vt 61.9552 -1.2279 2.5773
vt 61.5725 -1.5241 2.4481
vt 61.4683 -1.4852 2.4521
vt 61.3864 -1.4457 2.4830
vt 61.6549 -1.5431 2.4768
vt 61.8150 -1.6119 2.5773
vt 61.1721 -1.3294 2.5773
vt 61.4533 -1.6884 2.4429
vt 61.5682 -1.6984 2.4396
vt 61.5632 -1.7622 2.4272
vt 61.4483 -1.7522 2.4258
vt 61.3584 -1.6917 2.4732
vt 61.3584 -1.7790 2.4541
vt 61.6465 -1.7068 2.4714
vt 61.6714 -1.7773 2.4701
vt 61.8180 -1.7253 2.5773
vt 61.8266 -1.7935 2.5773
vt 61.1835 -1.7303 2.5773
vt 61.2181 -2.0277 2.3238
vt 61.2581 -2.0419 2.3204
vt 61.0273 -1.9351 2.2519
vt 61.1121 -2.2200 2.2659
vt 61.1663 -2.2651 2.2635
vt 61.0088 -2.3017 2.2809
vt 60.9594 -2.0026 2.2416
vt 60.8534 -1.9313 2.2553
vt 60.9217 -1.8648 2.2561
vt 61.1835 2.5773 -1.7303
vt 61.0772 2.5773 -1.6820
vt 60.9217 2.2561 -1.8648
vt 61.0273 2.2519 -1.9351
vt 61.0772 -1.6820 2.5773
vt 60.8157 -1.5063 2.5773
vt 60.7357 -1.7960 2.3503
vt 60.7003 -1.8981 2.3015
vt 60.3848 -1.9100 2.3943
vt 60.4013 -1.8150 2.4092
vt 60.3589 -1.4897 2.5773
vt 59.8714 -1.7129 2.5773
vt 60.1140 -1.8197 2.4945
vt 60.1116 -1.9123 2.4817
vt 59.8267 -1.8459 2.5773
vt 59.9091 -2.0121 2.5773
vt 60.0527 -2.0975 2.5773
vt 60.2812 -2.1735 2.5773
vt 60.7215 -2.1593 2.3342
vt 60.5920 -2.0880 2.3565
vt 60.4484 -2.3041 2.5773
vt 60.6014 -2.4015 2.5773
vt 60.7451 -2.5439 2.5773
vt 61.0677 -2.3991 2.2767
vt 60.8911 -2.7790 2.5773
vt 61.1266 -3.1422 2.5773
vt 61.2396 -2.8644 2.3106
vt 61.3244 -2.7006 2.2482
vt 61.3809 -2.0833 2.2609
vt 61.4021 -2.2091 2.2367
vt 61.4845 -2.0666 2.2464
vt 61.4869 -2.2685 2.2111
vt 61.5905 -2.0500 2.2463
vt 61.6329 -2.2732 2.1800
vt 61.6918 -2.0643 2.2484
vt 61.7553 -2.2162 2.2003
vt 61.9296 -2.5202 2.1239
vt 61.8048 -2.5748 2.1050
vt 61.8782 -2.6414 2.0961
vt 62.0031 -2.5876 2.1150
vt 61.9350 -2.7360 2.0982
vt 62.0247 -2.6968 2.1090
vt 62.2229 2.5773 -2.3526
vt 61.9296 2.1239 -2.5202
vt 62.0031 2.1150 -2.5876
vt 62.2855 2.4916 -2.4388
vt 2.5773 -2.5414 62.3359
vt 2.4916 -2.4388 62.2855
vt 2.1150 -2.5876 62.0031
vt 2.1090 -2.6968 62.0247
vt 2.1239 -2.5202 61.9296
vt 2.5773 -2.3526 62.2229
vt 2.5773 -2.1461 61.9997
vt 2.2003 -2.2162 61.7553
vt 2.5773 -2.0151 61.8982
vt 2.2484 -2.0643 61.6918
vt 2.5773 -1.7935 61.8266
vt 2.4701 -1.7773 61.6714
vt 2.1219 -2.9828 62.0565
vt 2.5773 -2.9408 62.3130
vt 61.9416 -2.9912 2.1123
vt 62.0565 -2.9828 2.1219
vt 61.5953 -2.9828 2.1991
vt 61.4104 -3.1238 2.3221
vt 61.7837 -3.3587 2.2454
vt 62.8759 -3.6364 2.3167
vt 62.8853 -3.7076 2.3188
vt 62.9018 -3.5414 2.3581
vt 62.3767 -3.5486 2.2534
vt 62.3319 -3.6317 2.2853
vt 62.3719 -3.4346 2.3011
vt 62.8453 -3.2114 2.5773
vt 62.4167 -3.0571 2.5773
vt 62.3548 -3.0314 2.5773
vt 62.2660 -3.4085 2.2614
vt 62.2495 -3.4868 2.2439
vt 62.1223 -3.4370 2.2135
vt 62.1388 -3.3586 2.1925
vt 2.1625 -3.1069 62.1059
vt 2.1925 -3.3586 62.1388
vt 2.2614 -3.4085 62.2660
vt 2.5773 -3.0314 62.3548
vt 61.9835 -3.1288 2.1273
vt 62.1059 -3.1069 2.1625
vt 62.0218 -3.3135 2.1728
vt 61.9935 -3.3840 2.1900
vt 61.9002 -3.3369 2.1939
vt 62.1900 -3.5837 2.2687
vt 62.0568 -3.5434 2.2716
vt 61.9335 -3.4762 2.2594
vt 61.2708 -3.3553 2.5773
vt 61.5888 -3.6206 2.5773
vt 61.9483 -3.8233 2.5773
vt -61.1900 2.2687 -3.5837
vt -60.9483 2.5773 -3.8233
vt -61.2921 2.5773 -3.9183
vt -61.3319 2.2853 -3.6317
vt -61.9044 2.5773 -3.9301
vt -61.8853 2.3188 -3.7076
vt 62.5973 -2.2754 2.1837
vt 62.5314 -2.1258 2.1913
vt 62.5408 -2.3372 2.2562
vt 62.4560 -2.1805 2.2591
vt -61.8828 2.2451 -2.5961
vt -61.7857 2.5773 -2.8025
vt -61.7038 2.2223 -2.4631
vt -61.5219 2.5773 -2.6411
vt -61.5408 2.2562 -2.3372
vt -61.3359 2.5773 -2.5414
vt 62.2855 -2.4388 2.4916
vt 62.3359 -2.5414 2.5773
vt -1.5773 -2.3526 62.2229
vt -1.4916 -2.4388 62.2855
vt -1.2591 -2.1805 62.4560
vt -1.2828 -2.0071 62.3854
vt -1.5773 -2.1448 62.1405
vt 62.4960 -1.9668 2.1922
vt 62.3854 -2.0071 2.2828
vt -1.3033 -1.8267 62.3642
vt -1.5773 -1.8884 62.1028
vt 62.4819 -1.8196 2.2011
vt 62.3642 -1.8267 2.3033
vt 62.5219 -1.5655 2.2467
vt 62.6703 -1.3898 2.2782
vt 62.1169 -1.5038 2.5773
vt 62.1028 -1.8884 2.5773
vt 62.3760 -1.1808 2.5773
vt 62.8281 -1.0289 2.5773
vt 62.6562 -1.0360 2.5773
vt 58.7218 0.3916 2.5773
vt 59.0574 1.6206 2.5773
vt 59.0141 1.3284 2.4570
vt 58.9942 1.2311 2.4390
vt 58.9375 1.0497 2.4540
vt 58.9847 0.6905 2.5773
vt 59.2383 0.7962 2.5773
vt 59.1041 1.0816 2.4592
vt 59.1507 1.2529 2.4501
vt 59.5636 1.0094 2.5773
vt 59.3605 1.1438 2.4958
vt 59.3438 1.2646 2.4898
vt 59.6302 1.2042 2.5773
vt 59.1790 1.3620 2.4901
vt 59.3438 1.3721 2.5427
vt 59.4970 1.4695 2.5773
vt 59.3205 1.5836 2.5773
vt 58.6709 2.2321 -2.7741
vt 58.7839 2.2451 -2.8002
vt 58.5989 2.5773 -2.4151
vt 58.7452 -2.9186 2.2367
vt 58.8216 -2.8880 2.2587
vt 58.7839 -2.8002 2.2451
vt 58.6709 -2.7741 2.2321
vt 58.9723 -2.9213 2.2836
vt 59.0194 -2.8477 2.2828
vt 59.0194 2.2828 -2.8477
vt 59.0594 2.5773 -2.5865
vt 59.3891 -3.0756 2.3154
vt 59.3420 -3.1492 2.3179
vt 59.4927 -2.8358 2.5773
vt 59.0594 -2.5865 2.5773
vt 59.7094 -3.3320 2.3709
vt 59.6623 -3.4056 2.3894
vt 59.8577 -3.1017 2.5773
vt 59.9376 -3.4875 2.4930
vt 59.8910 -3.5614 2.4821
vt 60.0741 -3.3398 2.5773
vt 60.1393 -3.6617 2.5773
vt 60.0239 -3.7543 2.5773
vt 59.0655 -3.1631 2.3623
vt 59.0443 -3.1964 2.3787
vt 59.3787 -3.4718 2.4469
vt 59.3551 -3.4979 2.4593
vt 59.5105 -3.6499 2.5773
vt 59.4658 -3.6594 2.5773
vt 59.7625 -3.7164 2.5773
vt 58.9569 -3.3240 2.2115
vt 58.6579 -3.0485 2.1114
vt 59.2631 -3.5543 2.4299
vt 59.3620 -3.7252 2.5773
vt 58.6037 -3.1245 2.1011
vt 58.9028 -3.3999 2.2146
vt 59.1665 -3.5590 2.3847
vt 59.2513 -3.7324 2.5773
vt 58.5453 -3.0967 2.0926
vt 58.5971 -2.9756 2.1095
vt -57.7615 2.5773 -3.7181
vt -58.2513 2.5773 -3.7324
vt -58.1665 2.3847 -3.5590
vt -57.7790 2.2848 -3.5218
vt 58.5694 -3.3598 2.2000
vt 58.7790 -3.5218 2.2848
vt 54.6341 2.1320 0.2622
vt 54.7249 2.5773 0.6329
vt 69.7307 -0.0273 2.1733
vt 69.7307 -0.3202 2.3818
vt 69.7307 -0.3724 2.4123
vt 69.7307 -2.4581 2.1475
vt 69.7307 -2.5653 2.2330
vt -68.7307 2.5773 -2.7188
vt -68.7307 2.2330 -2.5653
vt 69.7307 -0.6048 2.2074
vt 69.7307 -0.6683 2.1491
vt 69.7307 -1.1623 2.0897
vt 69.7307 -0.8119 2.0886
vt 69.7307 -0.9906 2.0693
vt -68.7307 2.3352 -3.5796
vt -68.7307 2.5773 -3.8085
vt 69.7307 -3.5796 2.3352
vt 69.7307 1.1176 2.4066
vt 69.7307 0.9139 2.5773
vt 69.7307 1.2072 2.3498
vt 69.7307 1.3587 2.3242
vt 61.1622 2.5773 -0.4822
vt 60.7027 2.5773 -0.2185
vt 60.4446 2.2204 -0.3897
vt 73.6440 1.0641 2.3736
vt 73.8489 1.1827 2.3968
vt 73.8489 1.6241 2.5773
vt 73.4913 1.4034 2.5773
vt 73.8489 1.0859 2.3937
vt 73.6656 0.9742 2.3758
vt 73.6251 0.9646 2.3686
vt 73.6008 1.0518 2.3717
vt 73.4088 1.0665 2.3450
vt 73.4584 0.9875 2.3395
vt 73.2077 1.4155 2.5773
vt 73.0571 1.3824 2.5773
vt 73.2883 1.0299 2.3417
vt 73.3533 0.9490 2.3222
vt 72.9314 1.2162 2.5773
vt 73.2081 0.8931 2.3359
vt 73.2845 0.8526 2.3166
vt 73.2539 0.2996 2.3533
vt 73.1679 0.3728 2.3657
vt 72.8041 0.7629 2.5743
vt 73.2160 0.2076 2.3442
vt 73.1338 0.3039 2.3660
vt 73.0439 0.2827 2.3240
vt 73.1261 0.1864 2.3176
vt 72.8566 -0.0827 2.1751
vt 72.8161 -0.0295 2.1748
vt 72.2935 0.2620 2.1793
vt 72.3770 0.2631 2.1659
vt 72.3787 0.6367 2.2759
vt 72.3108 0.6051 2.2841
vt 72.2884 0.6525 2.2906
vt 72.3455 0.7203 2.2875
vt 72.5056 0.9436 2.5743
vt 72.2103 0.8434 2.2369
vt 72.1382 0.7869 2.2295
vt 2.2875 0.7203 72.3455
vt 2.5743 0.9436 72.5056
vt 2.2712 0.9349 72.2609
vt 2.2369 0.8434 72.2103
vt 2.3258 1.0313 72.2466
vt 2.5773 1.0718 72.4826
vt 72.5757 0.1764 2.1506
vt 72.6987 0.5062 2.2870
vt 73.4310 0.1974 2.4004
vt 73.3947 -0.1460 2.3913
vt 73.5071 0.4130 2.4031
vt 73.7269 0.2626 2.5773
vt 73.6580 0.0623 2.5773
vt 73.6975 0.5798 2.4474
vt 74.0243 0.8225 2.4728
vt 72.7719 -0.0664 2.1742
vt 72.7922 -0.1128 2.1725
vt 72.5504 -0.1102 2.2628
vt 72.5381 0.1134 2.1517
vt 72.3759 0.1952 2.1584
vt 72.3002 0.1925 2.1745
vt 72.1139 0.1288 2.2681
vt 72.1746 0.0800 2.2406
vt 72.2978 0.0287 2.2294
vt 72.4309 -0.0313 2.2530
vt 72.0666 0.3350 2.3270
vt 72.0063 0.2104 2.3424
vt 72.1258 0.4581 2.3419
vt 72.1335 0.5242 2.3397
vt 72.0307 0.6632 2.2672
vt 72.0890 0.8270 2.2261
vt 71.9820 0.7037 2.2735
vt 72.1343 0.8854 2.2279
vt 72.1951 0.9865 2.2759
vt 72.2609 0.9349 2.2712
vt 71.9888 0.9141 2.2730
vt 71.8712 0.8159 2.3398
vt 71.7741 0.9743 2.4986
vt 71.9780 0.9876 2.3103
vt 72.0293 1.0898 2.3590
vt 71.8245 1.1910 2.5743
vt 72.0727 1.1185 2.3762
vt 71.8786 1.2297 2.5743
vt 72.1960 1.0992 2.3660
vt 72.2466 1.0313 2.3258
vt 72.4826 1.0718 2.5773
vt 72.3009 1.2662 2.5773
vt 72.0386 0.9645 2.2661
vt 72.1410 1.0530 2.3096
vt 72.0804 1.0607 2.3187
vt 72.0727 2.3762 1.1185
vt 72.1253 2.3678 1.1166
vt 72.0739 2.5773 1.2853
vt 71.8786 2.5743 1.2297
vt 72.1960 2.3660 1.0992
vt 72.3009 2.5773 1.2662
vt 72.1253 1.1166 2.3678
vt 71.9612 0.6669 2.2751
vt 71.8388 0.7672 2.3413
vt 71.7137 0.8456 2.4258
vt 72.0118 0.6312 2.2716
vt 71.9190 0.4126 2.2348
vt 71.9573 0.5186 2.2411
vt 71.9114 0.5880 2.2392
vt 71.8053 0.6275 2.2425
vt 71.7021 0.6092 2.2498
vt 71.6438 0.7633 2.3526
vt 71.5319 0.6969 2.3431
vt 71.5349 0.5446 2.2934
vt 71.4900 0.6914 2.3371
vt 71.4952 0.5350 2.2984
vt 71.4926 0.4792 2.3006
vt 71.5328 0.4888 2.2935
vt 71.5370 0.2920 2.3623
vt 71.4846 0.2948 2.3631
vt 71.6001 0.2505 2.3522
vt 71.6140 0.4108 2.2789
vt 71.7229 0.3751 2.2414
vt 71.7232 0.1981 2.3299
vt 71.8822 0.1920 2.3462
vt 71.8395 0.3732 2.2304
vt 71.8816 0.5023 2.2155
vt 71.8204 0.4657 2.2130
vt 71.7334 0.4560 2.2228
vt 71.6627 0.4744 2.2434
vt 71.6446 0.5168 2.2479
vt 71.7745 0.5534 2.2200
vt 71.3147 0.4697 2.2935
vt 71.3166 0.5255 2.2936
vt 71.1680 0.4754 2.3543
vt 71.1707 0.5312 2.3546
vt 70.9449 0.5832 2.5773
vt 70.9329 0.4570 2.5773
vt 71.1667 0.3813 2.3765
vt 71.3194 0.3895 2.3094
vt 71.3282 0.2342 2.3920
vt 71.1727 0.2260 2.4794
vt 70.9410 0.3704 2.5773
vt 71.0120 0.2486 2.5773
vt 71.3342 0.6961 2.3384
vt 71.1903 0.7063 2.3938
vt 70.9989 0.7101 2.5773
vt 72.5261 -0.3075 2.2103
vt 72.7542 -0.2796 2.1231
vt 72.8258 -0.2700 2.1202
vt 72.8667 -0.4657 2.0795
vt 72.6292 -0.4996 2.1854
vt 72.9336 -0.4484 2.0800
vt 72.7444 -0.8116 2.1701
vt 72.9756 -0.7663 2.0331
vt 73.0540 -0.7586 2.0384
vt 72.9756 -1.0496 2.0136
vt 73.0629 -1.0579 2.0143
vt 72.7539 -0.9311 2.1348
vt 72.5980 -0.9925 2.1072
vt 72.5574 -0.7895 2.1429
vt 72.8007 -1.0593 2.0688
vt 72.7048 -1.1478 2.0522
vt 72.9183 -1.1615 2.0123
vt 72.9845 -1.2364 2.0079
vt 72.8088 -1.2201 2.0185
vt 72.8047 -1.3059 2.0143
vt 72.6493 -1.2187 2.0608
vt 72.5358 -1.0375 2.1183
vt 72.4966 -0.8004 2.1506
vt 72.4020 -0.5142 2.1728
vt 72.4669 -0.5060 2.1734
vt 72.2694 -0.3099 2.1911
vt 72.3286 -0.2906 2.1893
vt 72.1728 -0.1268 2.2107
vt 72.1250 -0.1748 2.2115
vt 71.9622 -0.0106 2.2376
vt 71.8260 0.0350 2.2506
vt 71.9473 -0.0597 2.2312
vt 71.8126 -0.0122 2.2474
vt 71.6913 0.0572 2.2669
vt 71.6865 0.0100 2.2623
vt 71.5470 0.0687 2.2870
vt 71.5451 0.0217 2.2829
vt 71.3321 0.0611 2.3513
vt 71.3417 0.0139 2.3455
vt 71.1525 -0.0034 2.4230
vt 71.1429 0.0438 2.4224
vt 71.0350 0.0055 2.4541
vt 71.0521 -0.0371 2.4425
vt 70.8762 0.1475 2.5773
vt 70.9372 -0.0643 2.4642
vt 70.9901 -0.1034 2.4531
vt 71.1008 -0.0915 2.4684
vt 71.0387 -0.1571 2.4965
vt 71.1638 -0.0723 2.4456
vt 71.3339 -0.0646 2.3751
vt 71.5148 -0.1215 2.3507
vt 71.6648 -0.2087 2.3580
vt 71.8418 -0.3395 2.3581
vt 71.9675 -0.4608 2.3437
vt 72.1308 -0.6571 2.3439
vt 72.2173 -0.8451 2.3225
vt 72.2957 -1.1558 2.2734
vt 72.4578 -1.3929 2.1746
vt 72.6525 -1.5673 2.1045
vt 73.1156 -1.4540 2.0783
vt 72.9173 -1.5537 2.0631
vt 73.2417 -1.1476 2.0904
vt 73.2768 -0.7634 2.1426
vt 73.2476 -0.4177 2.2195
vt 73.1845 -0.2095 2.2481
vt 73.6764 -0.1487 2.5773
vt 73.4001 -0.4091 2.3396
vt 73.6674 -0.4366 2.5773
vt 73.4261 -0.7727 2.2843
vt 2.3396 -0.4091 73.4001
vt 2.2843 -0.7727 73.4261
vt 2.5773 -0.7815 73.6550
vt 2.5773 -0.4366 73.6674
vt 73.3937 -1.1842 2.2134
vt 2.2134 -1.1842 73.3937
vt 2.5773 -1.2244 73.6197
vt 73.2210 -1.6093 2.1919
vt 2.1919 -1.6093 73.2210
vt 2.4049 -1.6992 73.4018
vt 73.0261 -1.7265 2.1632
vt 73.1245 -1.9502 2.3901
vt 73.4018 -1.6992 2.4049
vt 72.8378 -1.7999 2.1897
vt 72.5726 -1.7452 2.2400
vt 72.9066 -2.0524 2.4429
vt 72.3629 -1.5385 2.2983
vt 72.2547 -1.3305 2.3463
vt 71.1765 -0.2553 2.5773
vt 71.2887 -0.2621 2.5773
vt 71.4238 -0.3248 2.5773
vt 71.5779 -0.4011 2.5773
vt 71.7036 -0.5047 2.5773
vt 71.8171 -0.6232 2.5773
vt 71.8928 -0.7254 2.5773
vt 71.9752 -0.8944 2.5773
vt -1.3225 -0.8451 72.2173
vt -1.5773 -0.8944 71.9752
vt -1.5773 -1.1206 71.9955
vt -1.2734 -1.1558 72.2957
vt 71.9955 -1.1206 2.5773
vt 71.9968 -1.3999 2.5773
vt 72.1372 -1.7186 2.5773
vt 72.3916 -1.9618 2.5773
vt 72.7408 -2.0555 2.4398
vt 72.5898 -2.0189 2.4776
vt 72.9459 -2.1253 2.4533
vt 73.1595 -2.0055 2.4171
vt 73.4385 -1.7396 2.4056
vt 73.6197 -1.2244 2.5773
vt 73.0734 -2.4285 2.4027
vt 73.6005 -2.1069 2.3593
vt 73.6318 -2.2095 2.3680
vt 73.1106 -2.4972 2.4035
vt 73.8489 -1.9339 2.3206
vt 73.8489 -2.0592 2.3351
vt 73.6557 -2.4166 2.4786
vt 73.1811 -2.5672 2.4316
vt 73.1985 -2.9386 2.1284
vt 73.7024 -2.9768 2.1027
vt 73.8489 -1.4643 2.3693
vt 73.8489 -1.0404 2.5773
vt 72.9604 -2.4940 2.4109
vt 72.9948 -2.5913 2.4087
vt 72.9135 -2.1607 2.4547
vt 72.8896 -2.5016 2.4095
vt 72.9055 -2.6183 2.4052
vt 72.8581 -2.1784 2.4619
vt 2.3448 -2.2391 72.7551
vt 2.2355 -2.4684 72.7264
vt 2.4095 -2.5016 72.8896
vt 2.4619 -2.1784 72.8581
vt 72.6596 -2.2024 2.3204
vt 72.6099 -2.4279 2.1892
vt 72.7264 -2.4684 2.2355
vt 72.7551 -2.2391 2.3448
vt 72.6672 -2.5840 2.2328
vt 72.5372 -2.5532 2.1799
vt 72.2230 -3.0048 2.2646
vt 72.3729 -2.9771 2.2717
vt 72.5372 -2.8991 2.2984
vt 72.8809 -2.9628 2.1551
vt 72.4763 -3.0853 2.1949
vt 73.9835 -2.4151 2.5773
vt 72.1915 -3.1894 2.2267
vt 71.9775 -3.0815 2.2906
vt 71.6659 -3.4746 2.2864
vt 72.4930 -3.1649 2.1818
vt 72.8970 -3.0371 2.1381
vt 72.2078 -3.2700 2.2099
vt 71.6853 -3.5595 2.2853
vt 73.1948 -3.0024 2.1163
vt 73.6949 -3.0624 2.0958
vt 72.4689 -2.5150 2.1851
vt 72.1648 -2.9272 2.2645
vt 72.5310 -2.4073 2.1906
vt 72.5946 -2.2030 2.3048
vt 72.5837 -2.0435 2.4917
vt 72.7324 -2.0858 2.4613
vt 72.7324 2.4613 -2.0858
vt 72.5837 2.4917 -2.0435
vt 72.5946 2.3048 -2.2030
vt 72.6596 2.3204 -2.2024
vt 72.8784 -2.0939 2.4571
vt 72.3605 -2.0163 2.5773
vt 72.1133 -2.4302 2.4590
vt 72.1363 -2.5338 2.3942
vt 72.1294 -2.7113 2.3165
vt 72.0998 -2.5460 2.4072
vt 72.0916 -2.7126 2.3269
vt 72.0741 -2.4520 2.4727
vt 72.0186 -2.2234 2.5773
vt 72.1943 -2.0872 2.5773
vt 72.4362 -2.2166 2.3242
vt 72.3605 2.5773 -2.0163
vt 72.4362 2.3242 -2.2166
vt 71.6269 -3.4566 2.2801
vt 71.9377 -3.0641 2.2831
vt 72.0418 -2.9796 2.2901
vt 72.0053 -2.9647 2.2939
vt 71.5204 -3.3971 2.1991
vt 71.7326 -3.1096 2.1492
vt 71.8453 -2.8941 2.1260
vt 71.8931 -2.7457 2.1457
vt 71.8917 -2.6005 2.1742
vt 71.6677 -3.0710 2.1271
vt 71.4592 -3.3540 2.1674
vt 71.7795 -2.8662 2.1173
vt 71.8133 -2.7545 2.1338
vt 71.8160 -2.6305 2.1543
vt 71.8092 -2.4915 2.1846
vt 71.7538 -2.5406 2.1703
vt 71.7106 -2.5106 2.1675
vt 71.7660 -2.4615 2.1803
vt 71.6810 -2.6933 2.1538
vt 71.6390 -2.6625 2.1555
vt 71.5434 -2.9400 2.1461
vt 71.5071 -2.9053 2.1498
vt 71.3657 -3.1867 2.1515
vt 71.3408 -3.1385 2.1515
vt 71.1394 -3.6814 2.2804
vt 71.2994 -3.6932 2.2964
vt 71.4517 -3.7012 2.3189
vt 72.4924 -3.4087 2.2632
vt 72.9399 -3.2907 2.2313
vt 72.3028 -3.5159 2.3012
vt 73.2098 -3.2767 2.2303
vt 73.6593 -3.3224 2.2113
vt 72.5618 -3.5994 2.3580
vt 72.9584 -3.5592 2.3715
vt 73.1859 -3.5365 2.3639
vt 73.7091 -3.5541 2.3369
vt -72.1838 2.5773 -3.7504
vt -72.7137 2.5773 -3.7702
vt -72.7091 2.3369 -3.5541
vt -72.1859 2.3639 -3.5365
vt -71.9641 2.5773 -3.7581
vt -71.9584 2.3715 -3.5592
vt -71.5682 2.5773 -3.8114
vt -71.5618 2.3580 -3.5994
vt 72.2921 -3.6494 2.3658
vt 71.7001 -3.7148 2.3409
vt -71.2921 2.3658 -3.6494
vt -71.2796 2.5773 -3.8375
vt -70.7001 2.3409 -3.7148
vt -70.7139 2.5773 -3.9155
vt -70.4517 2.3189 -3.7012
vt -70.4482 2.5773 -3.9232
vt -70.2994 2.2964 -3.6932
vt -70.2648 2.5773 -3.9232
vt -70.1394 2.2804 -3.6814
vt -70.1138 2.5773 -3.9136
vt -69.7812 2.5773 -3.9328
vt -69.8217 2.3123 -3.6961
vt 70.9715 -3.4680 2.1911
vt 71.1796 -3.4912 2.1974
vt 70.8217 -3.6961 2.3123
vt 71.4020 -2.4082 2.0732
vt 71.3790 -2.5649 2.0701
vt 71.2912 -2.7489 2.0722
vt 71.1546 -2.8522 2.0743
vt 71.0113 -2.9004 2.0831
vt 71.3060 -2.5404 2.0632
vt 71.3236 -2.4028 2.0680
vt 71.2290 -2.7066 2.0680
vt 71.1263 -2.7829 2.0713
vt 71.0168 -2.8075 2.0834
vt 71.3832 -2.1980 2.1149
vt 71.4615 -2.2019 2.1193
vt 2.1952 -2.2712 71.7123
vt 2.1803 -2.4615 71.7660
vt 2.5773 -2.2234 72.0186
vt 2.5773 -2.1867 71.9610
vt 71.7123 -2.2712 2.1952
vt 71.5272 -2.0273 2.2070
vt 71.7083 -2.0777 2.2926
vt 2.5773 -2.0832 71.9272
vt 2.2926 -2.0777 71.7083
vt 71.6272 -1.7384 2.4837
vt 71.7204 -1.7752 2.5061
vt 2.5773 -1.7480 71.8326
vt 2.5061 -1.7752 71.7204
vt 71.7542 -1.6471 2.5773
vt 71.6569 -1.6144 2.5773
vt 71.8326 -1.7480 2.5773
vt 71.4650 -2.0041 2.2225
vt 71.5799 -1.7125 2.4987
vt 71.5824 -1.5984 2.5773
vt 71.1642 -1.7548 2.5773
vt 71.4425 -1.6100 2.5773
vt 71.1898 -2.4008 2.1103
vt 71.2207 -2.1989 2.1806
vt 71.2506 -2.0601 2.2727
vt 71.0385 -1.9129 2.5773
vt -1.2727 -2.0601 71.2506
vt -1.5773 -1.9129 71.0385
vt -1.3852 -2.1880 71.0558
vt -1.1806 -2.1989 71.2207
vt -1.2633 -2.4004 71.0404
vt -1.1103 -2.4008 71.1898
vt 71.1571 -2.6090 2.0900
vt 71.0220 -2.6158 2.1551
vt 71.0404 -2.4004 2.2633
vt 70.9071 -2.8098 2.0911
vt 70.8767 -2.9397 2.0851
vt 70.9682 -2.6146 2.1672
vt 71.0061 -2.4007 2.2922
vt -1.4275 -2.1895 71.0209
vt -1.2922 -2.4007 71.0061
vt 70.9708 -1.9414 2.5773
vt 71.0209 -2.1895 2.4275
vt 71.0558 -2.1880 2.3852
vt 70.8727 -2.6229 2.1584
vt 70.8497 -2.3975 2.2950
vt 70.8211 -2.6248 2.1677
vt 70.7981 -2.3994 2.3019
vt 70.8280 -2.8007 2.1051
vt 70.8118 -2.9016 2.0936
vt 70.7978 -2.2509 2.3941
vt 70.7464 -2.2768 2.3903
vt 70.6681 -2.1406 2.4429
vt 70.6532 -2.1937 2.4504
vt 70.6181 -2.1787 2.4195
vt 70.6329 -2.1256 2.4226
vt 70.6694 -2.0302 2.4372
vt 70.6343 -2.0152 2.3837
vt 2.4369 -2.0016 70.6766
vt 2.3716 -1.9893 70.6437
vt 2.3837 -2.0152 70.6343
vt 2.4372 -2.0302 70.6694
vt 70.5181 -1.9225 2.2327
vt 70.6437 -1.9893 2.3716
vt 70.5275 -1.8966 2.2176
vt 70.8340 -1.9968 2.5544
vt -69.8340 2.5544 -1.9968
vt -69.8244 2.4457 -1.9698
vt -69.6766 2.4369 -2.0016
vt -69.6694 2.4372 -2.0302
vt -69.9708 2.5773 -1.9414
vt -69.9276 2.5743 -1.9226
vt -69.6247 2.1456 -1.8397
vt -69.5275 2.2176 -1.8966
vt -69.6437 2.3716 -1.9893
vt -69.7365 2.1262 -1.8378
vt -69.8435 2.1305 -1.7848
vt 71.0232 -1.8590 2.5773
vt 70.9276 -1.9226 2.5743
vt -70.0232 2.5773 -1.8590
vt 2.1798 -1.6740 70.9018
vt 2.1305 -1.7848 70.8435
vt 2.5773 -1.8590 71.0232
vt 2.5773 -1.7482 71.0939
vt 2.2494 -1.5776 70.9238
vt 2.5773 -1.6094 71.0977
vt 2.2169 -1.5371 70.9286
vt -70.0347 2.1401 -1.4090
vt -69.9114 2.1185 -1.4157
vt -69.9286 2.2169 -1.5371
vt -70.0977 2.5773 -1.6094
vt 2.5773 -1.4832 71.2086
vt 2.1387 -1.3733 71.0738
vt 2.1401 -1.4090 71.0347
vt 2.5773 -1.3618 71.3147
vt 2.1225 -1.2423 71.1417
vt 70.8913 -1.3406 2.1008
vt 70.9114 -1.4157 2.1185
vt 71.0347 -1.4090 2.1401
vt 70.9993 -1.3300 2.0997
vt 71.0261 -1.3068 2.1014
vt 71.0738 -1.3733 2.1387
vt 71.1417 -1.2423 2.1225
vt 71.0787 -1.2023 2.0911
vt 71.0950 -1.0483 2.0812
vt 71.1639 -1.0538 2.0971
vt 2.5773 -1.1192 71.4022
vt 2.0971 -1.0538 71.1639
vt 71.0571 -0.8548 2.0790
vt 71.1260 -0.8235 2.1044
vt 2.5773 -0.7963 71.3914
vt 2.1044 -0.8235 71.1260
vt 70.9706 -0.6082 2.1281
vt 70.9098 -0.6368 2.0985
vt 2.5773 -0.5632 71.2785
vt 2.1281 -0.6082 70.9706
vt 70.8652 -0.5932 2.0852
vt 70.9247 -0.5646 2.1078
vt 2.5773 -0.5169 71.2481
vt 2.1078 -0.5646 70.9247
vt 70.9251 -0.4815 2.0979
vt 70.8657 -0.5101 2.0730
vt 2.0979 -0.4815 70.9251
vt 2.5773 -0.4733 71.2346
vt 70.9157 -0.3139 2.1218
vt 70.8657 -0.3439 2.0907
vt 2.5773 -0.3657 71.1887
vt 2.1218 -0.3139 70.9157
vt 70.8657 -0.2594 2.1471
f 4649/6053/2191 4630/6054/1084 4634/6055/2384 4648/6056/1102 
f 4630/6054/1084 4649/6053/2191 4650/6057/1104 4629/6058/1083 
f 4629/6058/1083 4650/6057/1104 4651/6059/1105 4625/6060/1079 
f 4625/6060/1079 4651/6059/1105 4652/6061/1106 4626/6062/1080 
f 4626/6062/1080 4652/6061/1106 4561/5923/2181 4560/5926/1014 
f 4653/6063/1107 4654/6064/1108 4655/6065/1109 4656/6066/1110 
f 4655/6065/1109 4654/6064/1108 4657/6067/1111 4643/6068/1112 
f 4643/6047/1112 4657/6069/1111 4658/6070/1113 4644/6048/1114 
f 4644/6048/1114 4658/6070/1113 4659/6071/1115 4660/6072/1116 
f 4529/6073/983 4653/6063/1107 4656/6066/1110 4530/6074/984 
f 4661/6075/1117 4657/6069/1111 4654/6076/1108 4662/6077/1118 
f 4663/6078/1119 4662/6077/1118 4654/6076/1108 4653/6079/1107 
f 4529/5883/983 4664/6080/1120 4663/6078/1119 4653/6079/1107 
f 4665/6081/1121 4664/6080/1120 4529/5883/983 4525/5878/979 
f 4666/6082/2193 4665/6081/1121 4525/5878/979 4524/5877/978 
f 4667/6083/1123 4658/6070/1113 4657/6069/1111 4661/6075/1117 
f 4667/6083/1123 4668/6084/1124 4659/6071/1115 4658/6070/1113 
f 4669/6085/1125 4670/6086/1126 4668/6084/1124 4667/6083/1123 
f 4671/6087/1127 4669/6085/1125 4667/6083/1123 4661/6075/1117 
f 4672/6088/1128 4671/6087/1127 4661/6075/1117 4662/6077/1118 
f 4673/6089/1129 4672/6088/1128 4662/6077/1118 4663/6078/1119 
f 4664/6080/1120 4674/6090/1130 4673/6089/1129 4663/6078/1119 
f 4675/6091/1131 4674/6090/1130 4664/6080/1120 4665/6081/1121 
f 4666/6082/2193 4676/6092/1132 4675/6091/1131 4665/6081/1121 
f 4677/6093/1133 4675/6091/1131 4676/6092/1132 4678/6094/1134 
f 4679/6095/1135 4677/6093/1133 4678/6094/1134 
f 4677/6093/1133 4680/6096/1136 4674/6090/1130 4675/6091/1131 
f 4677/6093/1133 4679/6095/1135 4680/6096/1136 
f 4674/6090/1130 4680/6096/1136 4681/6097/1137 4673/6089/1129 
f 4682/6098/1138 4681/6097/1137 4680/6096/1136 4679/6095/1135 
f 4683/6099/1139 4672/6088/1128 4673/6089/1129 4681/6097/1137 
f 4684/6100/1140 4683/6099/1139 4681/6097/1137 4682/6098/1138 
f 4672/6088/1128 4683/6099/1139 4685/6101/2387 4671/6087/1127 
f 4684/6100/1140 4686/6102/1142 4685/6101/2387 4683/6099/1139 
f 4685/6101/2387 4687/6103/1143 4669/6085/1125 4671/6087/1127 
f 4687/6103/1143 4685/6101/2387 4686/6102/1142 4688/6104/1144 
f 4669/6085/1125 4687/6103/1143 4689/6105/1145 4670/6086/1126 
f 4690/6106/1146 4689/6105/1145 4687/6103/1143 4688/6104/1144 
f 4691/6107/2388 4692/6108/1148 4679/6109/1135 4693/6110/1149 
f 4694/6111/1150 4695/6112/1151 4692/6108/1148 4691/6107/2388 
f 4696/6113/1152 4697/6114/1153 4695/6115/1151 4694/6116/1150 
f 4693/6117/1149 4698/6118/2196 4699/6119/1155 4691/6120/2388 
f 4691/6120/2388 4699/6119/1155 4700/6121/1156 4694/6116/1150 
f 4694/6116/1150 4700/6121/1156 4701/6122/1157 4696/6113/1152 
f 4702/6123/1158 4693/6110/1149 4679/6109/1135 4678/6124/1134 
f 4693/6117/1149 4702/6125/1158 4703/6126/1159 4698/6118/2196 
f 4704/6127/1160 4702/6125/1158 4678/6094/1134 4676/6092/1132 
f 4702/6125/1158 4704/6127/1160 4705/6128/1161 4703/6126/1159 
f 4706/6129/1162 4707/6130/1163 4705/6128/1161 4704/6127/1160 
f 4708/6131/1164 4706/6129/1162 4704/6127/1160 4676/6092/1132 
f 4709/6132/1165 4708/6131/1164 4676/6092/1132 4666/6082/2193 
f 4527/5880/981 4524/5877/978 4520/5871/974 
f 4524/5877/978 4527/5880/981 4709/6132/1165 4666/6082/2193 
f 4710/6133/1166 4526/5879/980 4528/5882/982 4711/6134/1167 
f 4710/6133/1166 4712/6135/1168 4527/5880/981 4526/5879/980 
f 4713/6136/1169 4710/6133/1166 4711/6134/1167 4714/6137/1170 
f 4710/6133/1166 4713/6136/1169 4715/6138/1171 4712/6135/1168 
f 4714/6137/1170 4716/6139/1172 4713/6136/1169 
f 4527/5880/981 4712/6135/1168 4709/6132/1165 
f 4712/6135/1168 4717/6140/1173 4708/6131/1164 4709/6132/1165 
f 4712/6135/1168 4715/6138/1171 4717/6140/1173 
f 4718/6141/1174 4706/6129/1162 4708/6131/1164 4717/6140/1173 
f 4719/6142/1175 4718/6141/1174 4717/6140/1173 4715/6138/1171 
f 4720/6143/1176 4707/6130/1163 4706/6129/1162 4718/6141/1174 
f 4719/6142/1175 4721/6144/1177 4720/6143/1176 4718/6141/1174 
f 4722/6145/1178 4713/6136/1169 4716/6139/1172 4723/6146/1179 
f 4713/6136/1169 4722/6145/1178 4724/6147/1180 4715/6138/1171 
f 4715/6138/1171 4724/6147/1180 4725/6148/1181 4719/6142/1175 
f 4719/6142/1175 4725/6148/1181 4726/6149/1182 4721/6144/1177 
f 4727/6150/1183 4722/6145/1178 4723/6146/1179 4728/6151/1184 
f 4722/6145/1178 4727/6150/1183 4729/6152/1185 4724/6147/1180 
f 4724/6147/1180 4729/6152/1185 4730/6153/2389 4725/6148/1181 
f 4731/6154/1187 4726/6149/1182 4725/6148/1181 4730/6153/2389 
f 4732/6155/1188 4701/6122/1157 4700/6121/1156 
f 4732/6155/1188 4700/6121/1156 4699/6119/1155 4698/6118/2196 
f 4703/6126/1159 4732/6155/1188 4698/6118/2196 
f 4733/6156/1189 4732/6155/1188 4703/6126/1159 4705/6128/1161 
f 4734/6157/1190 4733/6156/1189 4705/6128/1161 4707/6130/1163 
f 4735/6158/1191 4734/6157/1190 4707/6130/1163 4720/6143/1176 
f 4721/6144/1177 4736/6159/1192 4735/6158/1191 4720/6143/1176 
f 4737/6160/1193 4736/6159/1192 4721/6144/1177 4726/6149/1182 
f 4738/6161/1194 4737/6160/1193 4726/6149/1182 4731/6154/1187 
f 4731/6154/1187 4739/6162/1195 4740/6163/1196 4738/6161/1194 
s 7
f 4741/6164/1197 4697/6165/1153 4696/6166/1152 
s 6
f 4742/6167/1198 4741/6168/1197 4696/6113/1152 4701/6122/1199 
f 4701/6122/1199 4732/6155/1200 4742/6167/1198 
f 4743/6169/1201 4742/6167/1198 4732/6155/1200 4733/6156/1202 
f 4744/6170/1203 4743/6169/1201 4733/6156/1202 4734/6157/1204 
f 4745/6171/2202 4744/6170/1203 4734/6157/1204 4735/6158/1206 
f 4746/6172/1207 4745/6171/2202 4735/6158/1206 4736/6159/1192 
s 5
f 4747/6173/1208 4746/6172/1207 4736/6159/1192 
s 1
f 4748/6174/1209 4749/6175/1210 4741/6168/1197 4742/6167/1198 
s 3
f 4750/6176/1211 4748/6174/1209 4742/6167/1198 4743/6169/1201 
s 2
f 4751/6177/1212 4750/6176/1211 4743/6169/1201 4752/6178/1213 
f 4753/6179/1214 4751/6177/1212 4752/6178/1213 4754/6180/1215 
s 3
f 4743/6169/1201 4744/6170/1203 4752/6178/1213 
s 1
f 4755/6181/1216 4754/6180/1217 4752/6178/1213 4756/6182/1218 
s 3
f 4744/6170/1203 4745/6171/2202 4756/6182/1218 4752/6178/1213 
s 1
f 4757/6183/1219 4756/6182/1218 4745/6171/2202 4746/6172/1207 
f 4756/6182/1218 4757/6183/1219 4758/6184/1220 4755/6181/1216 
f 4759/6185/1221 4760/6186/1222 4758/6184/1220 4757/6183/1219 
f 4759/6185/1221 4757/6183/1219 4746/6172/1207 4747/6173/1208 
f 4754/6180/1217 4755/6181/1216 4761/6187/1223 
f 4762/6188/1224 4761/6189/1223 4755/6190/1216 4758/6191/1220 
f 4758/6184/1220 4760/6186/1222 4762/6192/1224 
s 2
f 4754/6180/1215 4761/6187/1225 4763/6193/1226 4753/6179/1214 
f 4764/6194/2205 4763/6195/1226 4761/6189/1225 4762/6188/1228 
s 1
f 4765/6196/1229 4749/6175/1210 4748/6174/1209 4766/6197/1230 
s 3
f 4750/6176/1211 4767/6198/1231 4766/6197/1230 4748/6174/1209 
f 4768/6199/2390 4767/6198/1231 4750/6176/1211 4751/6177/1212 
f 4769/6200/1233 4768/6199/2390 4751/6177/1212 4753/6179/1214 
f 4770/6201/2206 4769/6200/1233 4753/6179/1214 4763/6193/1226 
f 4770/6202/2206 4763/6195/1226 4764/6194/2205 
s 1
f 4766/6197/1230 4767/6198/1231 4771/6203/1235 4765/6196/1229 
f 4772/6204/1236 4771/6205/1235 4767/6206/1231 4768/6207/2390 
f 4769/6208/1233 4773/6209/1237 4772/6210/1236 4768/6211/2390 
f 4770/6201/2206 4774/6212/1238 4773/6213/1237 4769/6200/1233 
f 4775/6214/1239 4774/6215/1238 4770/6202/2206 4764/6194/2205 
s 2
f 4776/6216/1240 4777/6217/1241 4749/6175/1210 4765/6196/1242 
f 4778/6218/2210 4776/6216/1240 4765/6196/1242 4771/6203/1244 
f 4779/6219/1245 4778/6220/2210 4771/6221/1244 4772/6222/1246 
f 4772/6222/1246 4780/6223/2211 4779/6219/1245 
s 3
f 4781/6224/1248 4782/6225/1249 4779/6226/1245 4780/6227/2211 
s 1
f 4783/6228/1250 4784/6229/1251 4782/6225/1249 4781/6224/1248 
s 3
f 4782/6225/1249 4784/6229/1251 4785/6230/2391 4779/6226/1245 
f 4779/6226/1245 4785/6230/2391 4786/6231/1253 4778/6218/2210 
f 4786/6231/1253 4787/6232/1254 4776/6216/1240 4778/6218/2210 
f 4776/6216/1240 4787/6232/1254 4788/6233/1255 4777/6217/1241 
f 4789/6234/1256 4790/6235/1257 4777/6217/1241 4788/6233/1255 
f 4791/6236/1258 4790/6235/1257 4789/6234/1256 4792/6237/1259 
s 1
f 4793/6238/1260 4792/6237/1259 4789/6234/1256 
f 4794/6239/1261 4793/6238/1260 4789/6234/1256 4788/6233/1255 
f 4788/6233/1255 4787/6232/1254 4786/6231/1253 4794/6239/1261 
f 4794/6239/1261 4786/6231/1253 4785/6230/2391 
f 4784/6229/1251 4795/6240/2392 4794/6239/1261 4785/6230/2391 
f 4796/6241/1263 4795/6240/2392 4784/6229/1251 4783/6228/1250 
s 2
f 4749/6175/1210 4777/6217/1241 4790/6235/1257 
s 3
f 4749/6175/1210 4790/6235/1257 4797/6242/1264 4741/6168/1197 
f 4798/6243/1265 4797/6242/1264 4790/6235/1257 4791/6236/1258 
s 1
f 4799/6244/1266 4791/6236/1258 4792/6237/1259 4800/6245/1267 
f 4801/6246/1268 4799/6244/1266 4800/6245/1267 4802/6247/1269 
f 4793/6238/1260 4803/6248/1270 4800/6245/1267 4792/6237/1259 
f 4800/6245/1267 4803/6248/1270 4804/6249/1271 4802/6247/1269 
f 4791/6236/1258 4799/6244/1266 4805/6250/1272 4798/6243/1265 
s 5
f 4801/6246/1268 4806/6251/1273 4805/6250/1272 4799/6244/1266 
s 1
f 4741/6164/1197 4797/6252/1264 4807/6253/1274 4697/6165/1153 
s 5
f 4798/6254/1265 4808/6255/1275 4807/6253/1274 4797/6252/1264 
s 4
f 4809/6256/1276 4808/6255/1275 4798/6254/1265 4805/6257/1272 
f 4805/6257/1272 4806/6258/1273 4809/6256/1276 
s 8
f 4810/6259/1277 4811/6260/1278 4644/6048/2385 4660/6072/1279 
f 4812/6261/1280 4813/6262/1281 4810/6259/1277 4660/6072/1279 
s 1
f 4660/6072/1116 4659/6071/1115 4812/6261/1282 
f 4814/6263/1283 4812/6261/1282 4659/6071/1115 4668/6084/1124 
f 4815/6264/1284 4814/6263/1283 4668/6084/1124 4670/6086/1126 
f 4690/6106/1146 4809/6265/1285 4816/6266/1286 4689/6105/1145 
f 4670/6086/1126 4689/6105/1145 4816/6266/1286 4815/6264/1284 
f 4815/6267/1284 4816/6268/1286 4809/6269/1285 
f 4817/6270/1287 4815/6264/1284 4809/6265/1285 
s 4
f 4806/6251/1273 4818/6271/1288 4817/6270/1289 4809/6265/1276 
s 1
f 4632/6040/2383 4603/5990/1057 4602/5989/1056 4613/6006/1067 
s 12
f 4642/6046/1096 4644/6048/2385 4811/6260/1278 
s 4
f 4642/6046/1096 4811/6260/1278 4819/6272/1290 4641/6045/1291 
f 4641/6045/1291 4819/6272/1290 4820/6273/2216 4645/6049/1293 
f 4821/6274/2393 4645/6049/1293 4820/6273/2216 
f 4646/6275/2386 4645/6276/1293 4821/6277/2393 
s 5
f 4646/6275/2386 4821/6277/2393 4822/6278/1295 4823/6279/1296 
f 4824/6280/2394 4822/6281/1295 4821/6274/2393 4820/6273/2216 
s 1
f 4825/6282/1298 4826/6283/1299 4822/6281/1295 4824/6280/2394 
f 4827/6284/1300 4828/6285/2395 4826/6283/1299 4825/6282/1298 
f 4829/6286/1302 4826/6283/1299 4828/6285/2395 4830/6287/2396 
f 4822/6281/1295 4826/6283/1299 4829/6286/1302 4823/6288/1296 
f 4831/6289/1304 4829/6286/1302 4830/6287/2396 4832/6290/1305 
f 4829/6286/1302 4831/6289/1304 4833/6291/1306 4823/6288/1296 
f 4834/6292/1307 4831/6289/1304 4832/6290/1305 4835/6293/1308 
f 4831/6289/1304 4834/6292/1307 4836/6294/1309 4833/6291/1306 
f 4837/6295/1310 4834/6292/1307 4835/6293/1308 4838/6296/1311 
f 4839/6297/1312 4837/6295/1310 4838/6296/1311 4840/6298/1313 
f 4834/6292/1307 4837/6295/1310 4841/6299/1314 4836/6294/1309 
f 4842/6300/1315 4841/6299/1314 4837/6295/1310 4839/6297/1312 
f 4843/6301/1316 4844/6302/1317 4839/6297/1312 4840/6298/1313 
f 4845/6303/1318 4842/6300/1315 4839/6297/1312 4844/6302/1317 
f 4846/6304/1319 4844/6302/1317 4843/6301/1316 4847/6305/1320 
f 4844/6302/1317 4846/6304/1319 4848/6306/1321 4845/6303/1318 
f 4849/6307/1322 4850/6308/1323 4846/6304/1319 4847/6305/1320 
f 4850/6308/1323 4848/6306/1321 4846/6304/1319 
f 4851/6309/1324 4852/6310/1325 4838/6296/1311 4835/6293/1308 
f 4853/6311/2397 4854/6312/1327 4852/6310/1325 4851/6309/1324 
f 4855/6313/1328 4851/6309/1324 4835/6293/1308 4832/6290/1305 
f 4851/6309/1324 4855/6313/1328 4856/6314/1329 4853/6311/2397 
f 4857/6315/1330 4855/6313/1328 4832/6290/1305 4830/6287/2396 
f 4855/6313/1328 4857/6315/1330 4858/6316/1331 4856/6314/1329 
f 4840/6298/1313 4838/6296/1311 4852/6310/1325 
f 4859/6317/1332 4840/6298/1313 4852/6310/1325 4854/6312/1327 
f 4840/6298/1313 4859/6317/1332 4860/6318/1333 
f 4840/6319/1313 4860/6320/1333 4861/6321/1334 4843/6322/1316 
f 4843/6301/1316 4861/6323/1334 4862/6324/1335 4847/6305/1320 
f 4862/6324/1335 4849/6307/1322 4847/6305/1320 
f 4863/6325/2398 4864/6326/1337 4853/6311/2397 
f 4853/6311/2397 4856/6314/1329 4865/6327/1338 4863/6325/2398 
f 4863/6325/2398 4865/6327/1338 4866/6328/1339 4867/6329/1340 
f 4863/6325/2398 4867/6329/1340 4868/6330/2218 4864/6326/1337 
f 4869/6331/1342 4870/6332/1343 4868/6330/2218 4867/6329/1340 
f 4871/6333/1344 4869/6331/1342 4867/6329/1340 4866/6328/1339 
f 4872/6334/1345 4868/6330/2218 4870/6332/1343 4873/6335/1346 
f 4868/6330/2218 4872/6334/1345 4874/6336/1347 4864/6326/1337 
f 4864/6326/1337 4874/6336/1347 4875/6337/1348 4853/6311/2397 
f 4876/6338/1349 4872/6334/1345 4873/6335/1346 4877/6339/1350 
f 4878/6340/1351 4874/6336/1347 4872/6334/1345 4876/6338/1349 
f 4874/6341/1347 4878/6342/1351 4879/6343/1352 4875/6344/1348 
f 4880/6345/1353 4881/6346/1354 4878/6340/1351 4876/6338/1349 
f 4882/6347/1355 4880/6345/1353 4876/6338/1349 4877/6339/1350 
f 4878/6342/1351 4881/6348/1354 4883/6349/1356 4879/6343/1352 
f 4884/6350/1357 4881/6346/1354 4880/6345/1353 4885/6351/1358 
f 4886/6352/1359 4884/6350/1357 4885/6351/1358 4887/6353/1360 
f 4880/6345/1353 4882/6347/1355 4887/6353/1360 4885/6351/1358 
f 4888/6354/1361 4889/6355/1362 4882/6347/1355 4877/6339/1350 
f 4882/6347/1355 4889/6355/1362 4890/6356/1363 4887/6353/1360 
f 4887/6353/1360 4890/6356/1363 4891/6357/1364 4886/6352/1359 
f 4892/6358/1365 4884/6350/1357 4886/6352/1359 4893/6359/2220 
f 4894/6360/1367 4893/6359/2220 4886/6352/1359 4891/6357/1364 
f 4884/6361/1357 4883/6349/1356 4881/6348/1354 
s 3
f 4895/6362/1368 4883/6349/1356 4884/6361/1357 4892/6363/1365 
s 1
f 4896/6364/2221 4897/6365/1370 4894/6360/1367 4891/6357/1364 
f 4898/6366/2222 4897/6365/1370 4896/6364/2221 
f 4899/6367/2399 4896/6364/2221 4891/6357/1364 4890/6356/1363 
f 4900/6368/1373 4898/6366/2222 4896/6364/2221 4899/6367/2399 
f 4889/6355/1362 4901/6369/1374 4899/6367/2399 4890/6356/1363 
f 4899/6367/2399 4901/6369/1374 4902/6370/1375 4900/6368/1373 
f 4903/6371/1376 4901/6369/1374 4889/6355/1362 4888/6354/1361 
f 4901/6369/1374 4903/6371/1376 4904/6372/1377 4902/6370/1375 
f 4905/6373/1378 4902/6370/1375 4904/6372/1377 4906/6374/2223 
f 4902/6370/1375 4905/6373/1378 4907/6375/1380 4900/6368/1373 
f 4907/6375/1380 4908/6376/43 4909/6377/1381 4900/6368/1373 
f 4900/6368/1373 4909/6377/1381 4910/6378/1382 4898/6366/2222 
f 4898/6366/2222 4910/6378/1382 4911/6379/1383 4897/6365/1370 
f 4912/6380/1384 4871/6333/1344 4866/6328/1339 4913/6381/1385 
f 4913/6381/1385 4866/6328/1339 4865/6327/1338 4856/6314/1329 
f 4856/6314/1329 4858/6316/1331 4914/6382/1386 4913/6381/1385 
f 4915/6383/1387 4914/6382/1386 4858/6316/1331 
f 4916/6384/1388 4915/6383/1387 4858/6316/1331 4857/6315/1330 
f 4916/6384/1388 4857/6315/1330 4830/6287/2396 4828/6285/2395 
f 4917/6385/1389 4916/6384/1388 4828/6285/2395 4827/6284/1300 
f 4916/6384/1388 4917/6385/1389 4918/6386/1390 4915/6383/1387 
s 5
f 4915/6383/1387 4918/6386/1390 4919/6387/1391 4914/6382/1386 
f 4920/6388/1392 4919/6387/1391 4918/6386/1390 4921/6389/1393 
s 1
f 4921/6389/1393 4918/6386/1390 4917/6385/1389 4922/6390/1394 
f 4922/6390/1394 4917/6385/1389 4827/6284/1300 4825/6282/1298 
f 4923/6391/1395 4922/6390/1394 4825/6282/1298 4824/6280/2394 
s 5
f 4924/6392/1396 4923/6391/1395 4824/6280/2394 4820/6273/2216 
f 4819/6272/1290 4925/6393/1397 4924/6392/1396 4820/6273/2216 
f 4811/6260/1278 4926/6394/1398 4925/6393/1397 4819/6272/1290 
s 9
f 4927/6395/1399 4926/6394/1398 4811/6260/1278 4810/6259/1277 
f 4927/6395/1399 4810/6259/1277 4813/6262/1281 4928/6396/1400 
s 2
f 4929/6397/2400 4930/6398/1402 4928/6399/2401 4813/6400/2402 
s 3
f 4931/6401/1405 4932/6402/1406 4930/6403/1402 4929/6404/2400 
f 4933/6405/2403 4931/6401/1405 4929/6404/2400 4934/6406/1408 
s 2
f 4934/6407/1408 4929/6397/2400 4813/6400/2402 4812/6408/2404 
f 4812/6261/2404 4814/6263/1410 4815/6264/1411 4934/6406/1408 
f 4935/6409/1412 4934/6406/1408 4815/6264/1411 4817/6270/1413 
s 3
f 4936/6410/1414 4933/6405/2403 4934/6406/1408 4935/6409/1412 
s 2
f 4937/6411/1415 4935/6409/1412 4817/6270/1413 4818/6271/2227 
s 3
f 4937/6411/1415 4936/6410/1414 4935/6409/1412 
f 4938/6412/1417 4936/6410/1414 4937/6411/1415 4939/6413/1418 
f 4940/6414/1419 4938/6412/1417 4939/6413/1418 4941/6415/2405 
s 2
f 4801/6246/1421 4939/6413/1418 4937/6411/1415 4818/6271/2227 
f 4939/6413/1418 4801/6246/1421 4802/6247/1269 4941/6415/2405 
s 4
f 4818/6271/1288 4806/6251/1273 4801/6246/1268 
s 1
f 4888/6354/1361 4877/6339/1350 4873/6335/1346 4870/6332/1343 
f 4904/6372/1377 4942/6416/1422 4943/6417/2228 4906/6374/2223 
s 4
f 4943/6417/1424 4942/6416/1425 4944/6418/1426 4945/6419/2406 
f 4946/6420/1428 4947/6421/2407 4944/6418/1426 4942/6416/1425 
f 4948/6422/1430 4949/6423/1431 4947/6421/2407 4946/6420/1428 
f 4950/6424/1432 4949/6423/1431 4948/6422/1430 
f 4948/6422/1430 4951/6425/1433 4952/6426/1434 4950/6424/1432 
f 4951/6425/1433 4912/6380/1435 4953/6427/1436 4952/6426/1434 
f 4953/6427/1436 4912/6380/1435 4913/6381/2408 
f 4914/6382/1386 4919/6387/1391 4953/6427/1436 4913/6381/2408 
s 5
f 4953/6427/1436 4919/6387/1391 4920/6388/1392 4954/6428/1438 
f 4953/6427/1436 4954/6428/1438 4955/6429/1439 4952/6426/1434 
f 4952/6426/1434 4955/6429/1439 4956/6430/1440 4950/6424/1432 
f 4950/6424/1432 4956/6430/1440 4957/6431/1441 4949/6423/1431 
f 4949/6423/1431 4957/6431/1441 4958/6432/1442 4947/6421/2407 
f 4947/6421/2407 4958/6432/1442 4959/6433/1443 4944/6418/1426 
f 4960/6434/1444 4945/6419/2406 4944/6418/1426 4959/6433/1443 
f 4961/6435/1445 4962/6436/2230 4945/6419/2406 4960/6434/1444 
s 4
f 4945/6419/2406 4962/6436/2230 4963/6437/1447 4943/6417/1424 
f 4964/6438/1448 4965/6439/43 4963/6437/1447 4962/6436/2230 
s 5
f 4966/6440/1449 4964/6438/1448 4962/6436/2230 4961/6435/1445 
s 1
f 4967/6441/2231 4968/6442/2409 4966/6440/1449 4961/6435/1445 
f 4969/6443/1452 4967/6441/2231 4961/6435/1445 4960/6434/1444 
f 4960/6434/1444 4959/6433/1443 4970/6444/1453 4969/6443/1452 
f 4970/6444/1453 4959/6433/1443 4958/6432/1442 
f 4971/6445/1454 4970/6444/1453 4958/6432/1442 4957/6431/1441 
f 4971/6445/1454 4957/6431/1441 4956/6430/1440 4955/6429/1439 
f 4972/6446/1455 4971/6445/1454 4955/6429/1439 4954/6428/1438 
f 4973/6447/2410 4972/6446/1455 4954/6428/1438 4920/6388/1392 
f 4974/6448/1457 4973/6447/2410 4920/6388/1392 4921/6389/1393 
f 4922/6390/1394 4923/6391/1395 4974/6448/1457 4921/6389/1393 
s 3
f 4975/6449/1458 4976/6450/2411 4930/6403/1402 4932/6402/1406 
s 2
f 4930/6398/1402 4976/6451/2411 4977/6452/2232 4928/6399/2401 
f 4978/6453/1461 4979/6454/1462 4977/6452/2232 4976/6451/2411 
s 3
f 4975/6449/1458 4980/6455/1463 4978/6456/1461 4976/6450/2411 
s 2
f 4981/6457/1464 4982/6458/1465 4979/6454/1462 4978/6453/1461 
s 3
f 4978/6456/1461 4980/6455/1463 4983/6459/1466 4981/6460/1464 
s 1
f 4928/6396/1400 4977/6461/1467 4984/6462/1468 4927/6395/1399 
f 4985/6463/1469 4984/6462/1468 4977/6461/1467 4979/6464/1470 
f 4927/6395/1399 4984/6462/1468 4986/6465/1471 4926/6394/1398 
f 4987/6466/1472 4986/6465/1471 4984/6462/1468 4985/6463/1469 
f 4926/6394/1398 4986/6465/1471 4988/6467/2412 4925/6393/1397 
f 4925/6393/1397 4988/6467/2412 4989/6468/1474 4924/6392/1396 
f 4924/6392/1396 4989/6468/1474 4990/6469/1475 4923/6391/1395 
f 4923/6391/1395 4990/6469/1475 4991/6470/1476 4974/6448/1457 
f 4973/6447/2410 4974/6448/1457 4991/6470/1476 
f 4973/6447/2410 4991/6470/1476 4992/6471/1477 4972/6446/1455 
f 4971/6445/1454 4972/6446/1455 4992/6471/1477 4970/6444/1453 
f 4969/6443/1452 4970/6444/1453 4992/6471/1477 
f 4993/6472/1478 4988/6467/2412 4986/6465/1471 4987/6466/1472 
f 4988/6467/2412 4993/6472/1478 4994/6473/1479 4989/6468/1474 
f 4994/6473/1479 4990/6469/1475 4989/6468/1474 
f 4990/6469/1475 4994/6473/1479 4995/6474/1480 4991/6470/1476 
f 4991/6470/1476 4995/6474/1480 4996/6475/1481 4992/6471/1477 
f 4992/6471/1477 4996/6475/1481 4997/6476/1482 4969/6443/1452 
f 4967/6441/2231 4969/6443/1452 4997/6476/1482 
f 4968/6442/2409 4967/6441/2231 4997/6476/1482 
s 4
f 4998/6477/1483 4968/6478/1484 4997/6479/1482 4999/6480/2413 
s 5
f 5000/6481/2236 5001/6482/2237 4998/6483/1483 4999/6484/2413 
s 4
f 4999/6480/2413 4997/6479/1482 5002/6485/1488 
s 5
f 4999/6484/2413 5002/6486/1488 5003/6487/1489 5000/6481/2236 
f 5002/6485/1488 4997/6479/1482 5004/6488/1490 
f 5003/6487/1489 5005/6489/1491 5006/6490/1492 5000/6481/2236 
f 5007/6491/1493 5008/6492/1494 5000/6481/2236 5006/6490/1492 
s 1
f 5008/6492/1494 5001/6482/2237 5000/6481/2236 
s 5
f 5009/6493/2239 5008/6492/1494 5007/6491/1493 5010/6494/1496 
s 1
f 5008/6492/1494 5009/6493/2239 5011/6495/1497 5001/6482/2237 
s 5
f 5001/6482/2237 5011/6495/1497 5012/6496/1498 4998/6483/1483 
s 4
f 4966/6497/1449 4968/6498/1484 4998/6499/1483 5012/6500/1498 
f 5013/6501/1499 4966/6497/1449 5012/6500/1498 
f 4909/6502/1500 4966/6497/1449 5013/6501/1499 
f 4909/6502/1500 5013/6501/1499 5014/6503/1501 4910/6504/1502 
s 5
f 5011/6495/1497 5015/6505/1503 5013/6506/1499 5012/6496/1498 
f 5013/6506/1499 5015/6505/1503 5016/6507/1504 5014/6508/1501 
s 4
f 5017/6509/1505 5007/6491/1493 5006/6490/1492 5005/6489/1491 
f 5007/6510/1493 5017/6511/1505 5018/6512/1506 5010/6513/1496 
s 5
f 5019/6514/1507 5020/6515/1508 5009/6493/2239 5010/6494/1496 
f 5021/6516/1509 5022/6517/1510 5020/6515/1508 5019/6514/1507 
s 1
f 5023/6518/1511 5024/6519/1512 5020/6515/1508 5022/6517/1510 
f 5020/6515/1508 5024/6519/1512 5025/6520/1513 5009/6493/2239 
s 4
f 5026/6521/1514 5019/6522/1507 5010/6513/1496 5018/6512/1506 
f 5019/6514/1507 5026/6523/1514 5027/6524/1515 5021/6516/1509 
s 1
f 5027/6524/1516 5026/6523/1517 5028/6525/1518 5029/6526/1519 
f 5028/6527/1518 5026/6528/1517 5018/6529/1520 5017/6530/1521 
f 5030/6531/2414 5028/6527/1518 5017/6530/1521 5005/6532/1491 
f 5005/6489/1491 5003/6487/1489 5031/6533/2242 5030/6534/2414 
f 5032/6535/1524 5031/6533/2242 5003/6487/1489 5002/6486/1488 
f 5033/6536/1525 5034/6537/1526 5031/6533/2242 5032/6535/1524 
f 5031/6533/2242 5034/6537/1526 5035/6538/2244 5030/6534/2414 
f 5030/6534/2414 5035/6538/2244 5036/6539/1528 5028/6525/1518 
f 5028/6525/1518 5036/6539/1528 5037/6540/1529 5029/6526/1519 
f 5038/6541/1530 5032/6542/1524 5002/6485/1488 5004/6488/1490 
f 5039/6543/2415 5033/6544/1525 5032/6542/1524 5038/6541/1530 
f 5040/6545/1532 5037/6540/1529 5036/6539/1528 5041/6546/1533 
f 5041/6546/1533 5036/6539/1528 5035/6538/2244 
f 5042/6547/1534 5041/6546/1533 5035/6538/2244 5034/6537/1526 
f 5042/6547/1534 5034/6537/1526 5033/6536/1525 
f 5043/6548/1535 5040/6545/1532 5041/6546/1533 5044/6549/1536 
f 5045/6550/1537 5044/6549/1536 5041/6546/1533 5042/6547/1534 
f 5046/6551/1538 5045/6550/1537 5042/6547/1534 5033/6536/1525 
f 5046/6552/1538 5033/6544/1525 5039/6543/2415 5047/6553/1539 
f 5048/6554/1540 5043/6548/1535 5044/6549/1536 5049/6555/1541 
f 5050/6556/1542 5049/6555/1541 5044/6549/1536 5045/6550/1537 
f 5050/6556/1542 5045/6550/1537 5046/6551/1538 5051/6557/1543 
f 5052/6558/1544 5051/6559/1543 5046/6552/1538 5047/6553/1539 
s 3
f 5052/6560/1544 5053/6561/2416 5054/6562/1546 5051/6557/1543 
f 5051/6557/1543 5054/6562/1546 5055/6563/1547 5050/6556/1542 
f 5050/6556/1542 5055/6563/1547 5056/6564/1548 5049/6555/1541 
s 1
f 5049/6555/1541 5056/6564/1548 5057/6565/1549 5048/6554/1540 
s 2
f 5053/6566/2416 5058/6567/1550 5059/6568/1551 5054/6569/1546 
f 5059/6570/1551 5055/6563/1547 5054/6562/1546 
s 3
f 5060/6571/1552 5056/6564/1548 5055/6563/1547 5061/6572/1553 
s 2
f 5062/6573/1554 5061/6572/1553 5055/6563/1547 5059/6570/1551 
f 5058/6574/1550 5063/6575/1555 5062/6576/1554 5059/6577/1551 
s 1
f 5056/6564/1548 5060/6571/1552 5064/6578/1556 5057/6565/1549 
s 3
f 5065/6579/1557 5066/6580/1558 4982/6581/1465 4981/6582/1464 
s 1
f 5066/6580/1558 5065/6579/1557 5067/6583/1559 5058/6584/1560 
f 5068/6585/1561 5063/6586/1562 5058/6584/1560 5067/6583/1559 
s 3
f 5069/6587/1563 5065/6588/1557 4981/6460/1464 4983/6459/1466 
s 1
f 5065/6588/1557 5069/6587/1563 5070/6589/1564 5067/6590/1559 
f 5068/6591/1561 5067/6590/1559 5070/6589/1564 
s 2
f 5063/6592/1555 5071/6593/2417 5072/6594/1566 5062/6573/1554 
f 5062/6573/1554 5072/6594/1566 5073/6595/1567 5061/6572/1553 
s 3
f 5061/6572/1553 5073/6595/1567 5074/6596/1568 5060/6571/1552 
s 1
f 5060/6571/1552 5074/6596/1568 5075/6597/1569 5064/6578/1556 
s 2
f 5076/6598/1570 5072/6594/1566 5071/6593/2417 
f 5072/6594/1566 5076/6598/1570 5077/6599/1571 5073/6595/1567 
s 3
f 5073/6595/1567 5077/6599/1571 5078/6600/1572 5074/6596/1568 
s 1
f 5074/6596/1568 5078/6600/1572 5079/6601/1573 5075/6597/1569 
f 5063/6592/1562 5068/6591/1561 5071/6593/1574 
f 5076/6598/2418 5071/6593/1574 5080/6602/1576 5081/6603/1577 
f 5082/6604/1578 5076/6598/2418 5081/6603/1577 5083/6605/2419 
f 5084/6606/1580 5082/6604/1578 5083/6605/2419 5085/6607/1581 
f 5086/6608/1582 5085/6607/1581 4938/6412/1417 4940/6414/1419 
f 4938/6412/1417 5085/6607/1581 5083/6605/2419 4936/6410/1414 
f 5081/6603/1577 4932/6402/1406 4931/6401/1405 
f 4933/6405/2403 4936/6410/1414 5083/6605/2419 
f 4933/6405/2403 5083/6605/2419 5081/6603/1577 4931/6401/1405 
f 4932/6402/1406 5081/6603/1577 5080/6602/1576 4975/6449/1458 
f 4975/6449/1458 5080/6602/1576 5087/6609/1583 4980/6455/1463 
f 5087/6609/1583 5069/6587/1563 4983/6459/1466 4980/6455/1463 
f 5069/6587/1563 5087/6609/1583 5088/6610/1584 5070/6589/1564 
f 5070/6589/1564 5088/6610/1584 5071/6593/1574 5068/6591/1561 
f 5089/6611/1585 5084/6606/1580 5085/6607/1581 5086/6608/1582 
f 5090/6612/1586 5089/6611/1585 5086/6608/1582 5091/6613/1587 
s 4
f 5092/6614/1588 5089/6611/1589 5090/6612/1590 5093/6615/1591 
f 5094/6616/1592 5095/6617/1593 5093/6615/1591 5090/6612/1590 
s 1
f 5091/6613/1587 5096/6618/1594 5094/6616/1595 5090/6612/1586 
f 5097/6619/1596 5091/6613/1587 5086/6608/1582 4940/6414/1419 
f 5096/6618/1594 5091/6613/1587 5097/6619/1596 5098/6620/1597 
s 3
f 4941/6415/2405 5099/6621/1598 5097/6619/1596 4940/6414/1419 
s 1
f 5097/6619/1596 5099/6621/1598 5100/6622/1599 5098/6620/1597 
f 5088/6610/1584 5087/6609/1583 5080/6602/1576 5071/6593/1574 
s 4
f 5089/6611/1589 5092/6614/1588 5101/6623/1600 5084/6606/1601 
f 5084/6606/1601 5101/6623/1600 5102/6624/1602 5082/6604/1603 
f 5082/6604/1603 5102/6624/1602 5103/6625/2420 5076/6598/1605 
f 5104/6626/1606 5105/6627/1607 5093/6615/1591 5095/6617/1593 
f 5093/6615/1591 5105/6627/1607 5106/6628/2251 5092/6614/1588 
f 5092/6614/1588 5106/6628/2251 5107/6629/1609 5101/6623/1600 
f 5101/6623/1600 5107/6629/1609 5108/6630/1610 5102/6624/1602 
f 5108/6630/1610 5109/6631/2253 5103/6625/2420 5102/6624/1602 
f 5110/6632/1612 5109/6631/2253 5108/6630/1610 5107/6629/1609 
f 5111/6633/1613 5110/6632/1612 5107/6629/1609 5106/6628/2251 
f 5112/6634/1614 5111/6633/1613 5106/6628/2251 5105/6627/1607 
f 5113/6635/1615 5112/6634/1614 5105/6627/1607 5104/6626/1606 
s 2
f 5076/6598/1570 5103/6625/1616 5077/6599/1571 
f 5114/6636/1617 5077/6599/1571 5103/6625/1616 5109/6631/1618 
f 5115/6637/1619 5114/6636/1617 5109/6631/1618 5110/6632/1620 
f 5110/6632/1620 5111/6633/1621 5115/6637/1619 
f 5111/6633/1621 5116/6638/1622 5117/6639/1623 5115/6637/1619 
s 3
f 5077/6599/1571 5114/6636/1617 5118/6640/1624 5078/6600/1572 
f 5119/6641/1625 5118/6640/1624 5114/6636/1617 5115/6637/1619 
f 5120/6642/1626 5119/6641/1625 5115/6637/1619 5117/6639/1623 
s 1
f 5078/6600/1572 5118/6640/1624 5121/6643/1627 5079/6601/1573 
f 5122/6644/1628 5121/6643/1627 5118/6640/1624 5119/6641/1625 
f 5123/6645/2254 5122/6644/1628 5119/6641/1625 5120/6642/1626 
s 5
f 5124/6646/1630 5125/6647/1631 5014/6508/1501 5016/6507/1504 
s 4
f 5014/6503/1501 5125/6648/1631 4911/6649/1383 
f 5014/6503/1501 4911/6649/1383 4910/6504/1502 
s 1
f 4871/6333/1344 4912/6380/1384 4951/6425/1632 4869/6331/1342 
f 4948/6422/1633 4946/6420/1634 4870/6332/1343 4869/6331/1342 
f 4951/6425/1632 4948/6422/1633 4869/6331/1342 
f 4946/6420/1634 4942/6416/1422 4870/6332/1343 
s 5
f 5126/6650/2255 5125/6647/1631 5124/6646/1630 5127/6651/1636 
f 5128/6652/1637 5129/6653/2421 5126/6650/2255 5127/6651/1636 
s 1
f 5130/6654/1639 5131/6655/1640 5023/6518/1511 5022/6517/1510 
f 5132/6656/1641 5023/6518/1511 5131/6655/1640 5133/6657/1642 
f 5023/6518/1511 5132/6656/1641 5134/6658/1643 5024/6519/1512 
f 5024/6519/1512 5134/6658/1643 5135/6659/1644 5025/6520/1513 
f 5135/6659/1644 5011/6495/1497 5009/6493/2239 5025/6520/1513 
f 5135/6659/1644 5134/6658/1643 5016/6507/1504 5015/6505/1503 
f 5135/6659/1644 5015/6505/1503 5011/6495/1497 
f 5132/6656/1641 5127/6651/1636 5124/6646/1630 5134/6658/1643 
f 5134/6658/1643 5124/6646/1630 5016/6507/1504 
f 5133/6657/1642 5128/6652/1637 5127/6651/1636 5132/6656/1641 
f 5136/6660/1645 5137/6661/1646 5133/6657/1642 5131/6655/1640 
f 5138/6662/2422 5136/6660/1645 5131/6655/1640 5130/6654/1639 
f 5139/6663/1648 5136/6660/1645 5138/6662/2422 5140/6664/1649 
s 5
f 5141/6665/1650 5130/6654/1639 5022/6517/1510 5021/6516/1509 
s 4
f 5027/6524/1515 5142/6666/2423 5141/6665/1650 5021/6516/1509 
s 5
f 5143/6667/2258 5144/6668/1653 5140/6664/1649 5138/6662/2422 
s 4
f 5142/6666/2423 5144/6668/1653 5143/6667/2258 
f 5141/6665/1650 5142/6666/2423 5143/6667/2258 
s 5
f 5141/6665/1650 5143/6667/2258 5138/6662/2422 5130/6654/1639 
s 1
f 5136/6660/1645 5139/6663/1648 5145/6669/2259 5137/6661/1646 
f 5146/6670/1655 5145/6669/2259 5139/6663/1648 5147/6671/1656 
f 5148/6672/1657 5149/6673/1658 5146/6670/1655 5147/6671/1656 
s 5
f 5150/6674/1659 5149/6673/1658 5148/6672/1657 5151/6675/1660 
f 5144/6668/1653 5151/6675/1660 5148/6672/1657 5140/6664/1649 
s 1
f 5147/6671/1656 5139/6663/1648 5140/6664/1649 5148/6672/1657 
s 4
f 5152/6676/1661 5153/6677/1662 5150/6674/1659 5151/6675/1660 
f 5142/6666/2423 5152/6676/1661 5151/6675/1660 5144/6668/1653 
s 1
f 5154/6678/2424 5142/6666/1664 5027/6524/1516 5029/6526/1519 
f 5142/6666/1664 5154/6678/2424 5155/6679/1665 5152/6676/1666 
f 5156/6680/2261 5154/6678/2424 5029/6526/1519 5037/6540/1529 
f 5154/6678/2424 5156/6680/2261 5157/6681/1668 5155/6679/1665 
f 5152/6682/1666 5155/6683/1665 5158/6684/1669 5153/6685/2425 
f 5158/6686/1669 5155/6679/1665 5157/6681/1668 5159/6687/1671 
f 5040/6545/1532 5043/6548/1535 5159/6687/1671 5157/6681/1668 
f 5040/6545/1532 5157/6681/1668 5156/6680/2261 5037/6540/1529 
f 5160/6688/1672 5159/6687/1671 5043/6548/1535 5048/6554/1540 
f 5159/6689/1671 5160/6690/1672 5161/6691/2426 5158/6684/1669 
f 5161/6692/2426 5162/6693/1674 5153/6677/2425 5158/6686/1669 
f 5057/6565/1549 5163/6694/1675 5160/6688/1672 5048/6554/1540 
f 5160/6688/1672 5163/6694/1675 5164/6695/1676 5161/6692/2426 
f 5162/6693/1674 5161/6692/2426 5164/6695/1676 
f 5165/6696/1677 5163/6694/1675 5057/6565/1549 5064/6578/1556 
f 5163/6694/1675 5165/6696/1677 5166/6697/1678 5164/6695/1676 
f 5167/6698/1679 5165/6696/1677 5064/6578/1556 5075/6597/1569 
f 5079/6601/1573 5121/6643/1627 5167/6698/1679 5075/6597/1569 
f 5168/6699/1680 5167/6698/1679 5121/6643/1627 5122/6644/1628 
f 5169/6700/1681 5168/6699/1680 5122/6644/1628 5123/6645/2254 
f 5170/6701/1682 5168/6699/1680 5169/6700/1681 5171/6702/1683 
f 5172/6703/1684 5167/6698/1679 5168/6699/1680 5170/6701/1682 
f 5167/6698/1679 5172/6703/1684 5166/6697/1678 5165/6696/1677 
f 5164/6695/1676 5166/6697/1678 5173/6704/1685 5162/6693/1674 
f 5174/6705/1686 5175/6706/1687 5170/6707/1682 5171/6708/1683 
f 5170/6707/1682 5175/6706/1687 5176/6709/1688 5172/6710/1684 
f 5172/6703/1684 5176/6711/1688 5173/6704/1685 5166/6697/1678 
s 4
f 5177/6712/1689 5178/6713/1690 5113/6635/1615 5104/6626/1606 
f 5095/6617/1593 5179/6714/1691 5177/6712/1689 5104/6626/1606 
f 5094/6616/1592 5179/6714/1691 5095/6617/1593 
s 3
f 5180/6715/1692 5179/6714/1693 5094/6616/1595 5096/6618/1594 
s 2
f 5181/6716/1694 5177/6712/1695 5179/6714/1693 5180/6715/1692 
s 3
f 5182/6717/1696 5180/6715/1692 5096/6618/1594 5098/6620/1597 
s 2
f 5182/6717/1696 5183/6718/2266 5181/6716/1694 5180/6715/1692 
s 3
f 5184/6719/1698 5182/6717/1696 5098/6620/1597 5100/6622/1599 
s 2
f 5184/6719/1698 5185/6720/1699 5183/6718/2266 5182/6717/1696 
s 1
f 5178/6721/1700 5177/6722/2427 5186/6723/1702 
f 5187/6724/1703 5186/6725/1702 5177/6712/2427 5181/6716/1704 
f 5188/6726/1705 5187/6724/1703 5181/6716/1704 5183/6718/1706 
f 5189/6727/1707 5188/6726/1705 5183/6718/1706 5185/6720/1708 
f 5190/6728/1709 5191/6729/1710 5188/6726/1705 5189/6727/1707 
f 5192/6730/1711 5187/6724/1703 5188/6726/1705 5191/6729/1710 
f 5193/6731/1712 5194/6732/1713 5187/6724/1703 5192/6730/1711 
f 5195/6733/1714 5186/6725/1702 5187/6724/1703 5194/6732/1713 
f 5186/6723/1702 5195/6734/1714 5196/6735/1715 5178/6721/1700 
s 3
f 4941/6415/2405 4802/6247/1269 5099/6621/1598 
s 1
f 4804/6249/1271 5197/6736/1716 5099/6621/1598 4802/6247/1269 
f 5099/6621/1598 5197/6736/1716 5198/6737/1717 5100/6622/1599 
s 3
f 5100/6622/1599 5198/6737/1717 5199/6738/1718 5184/6719/1698 
s 2
f 5184/6719/1698 5199/6738/1718 5200/6739/1719 5185/6720/1699 
f 5201/6740/1720 5185/6720/1699 5200/6739/1719 
s 1
f 5185/6720/1708 5201/6740/1720 5202/6741/1721 5189/6727/1707 
f 5189/6727/1707 5202/6741/1721 5203/6742/1722 5190/6728/1709 
s 3
f 5204/6743/2269 5205/6744/1724 5203/6742/1722 5202/6741/1721 
f 5206/6745/1725 5204/6743/2269 5202/6741/1721 5201/6740/1720 
s 2
f 5207/6746/1726 5205/6744/1724 5204/6743/2269 5208/6747/1727 
s 3
f 5209/6748/1728 5208/6747/1727 5204/6743/2269 5206/6745/1725 
s 1
f 5210/6749/1729 5211/6750/1730 5208/6747/1727 5209/6748/1728 
s 2
f 5212/6751/1731 5205/6744/1724 5207/6746/1726 5213/6752/2428 
s 1
f 5214/6753/1733 5194/6732/1713 5193/6731/1712 5215/6754/1734 
f 5216/6755/1735 5217/6756/1736 5215/6754/1734 5193/6731/1712 
f 5218/6757/1737 5219/6758/1738 5217/6756/1736 5216/6755/1735 
f 5220/6759/1739 5221/6760/1740 5219/6758/1738 5218/6757/1737 
f 5222/6761/1741 5221/6760/1740 5220/6759/1739 
f 5223/6762/2271 5221/6763/1740 5222/6764/1741 
f 5219/6765/1738 5221/6766/1740 5223/6767/2271 
s 3
f 5224/6768/2429 5222/6761/1741 5220/6759/1739 5225/6769/1744 
s 1
f 5226/6770/2272 5223/6762/2271 5222/6764/1741 5224/6771/2429 
s 3
f 5224/6772/2429 5225/6773/1744 5227/6774/1746 5226/6775/2272 
f 5220/6759/1739 5228/6776/1747 5212/6751/1731 5225/6769/1744 
s 2
f 5229/6777/1748 5225/6769/1744 5212/6751/1731 5213/6752/2428 
f 5225/6773/1744 5229/6778/1748 5230/6779/1749 5227/6774/1746 
s 1
f 5231/6780/1750 5216/6755/1735 5193/6731/1712 5192/6730/1711 
f 5216/6755/1735 5231/6780/1750 5232/6781/1751 5218/6757/1737 
f 5218/6757/1737 5232/6781/1751 5228/6776/1747 5220/6759/1739 
s 3
f 5205/6744/1724 5212/6751/1731 5228/6776/1747 5203/6742/1722 
s 1
f 5203/6742/1722 5228/6776/1747 5232/6781/1751 5190/6728/1709 
f 5231/6780/1750 5191/6729/1710 5190/6728/1709 5232/6781/1751 
f 5231/6780/1750 5192/6730/1711 5191/6729/1710 
f 5194/6732/1713 5214/6753/1733 5233/6782/1752 5195/6733/1714 
f 5234/6783/1753 5196/6735/1715 5195/6734/1714 5233/6784/1752 
f 5235/6785/1754 5234/6786/1753 5233/6787/1752 5214/6788/1733 
f 5236/6789/1755 5235/6785/1754 5214/6788/1733 5215/6790/1734 
f 5237/6791/1756 5236/6789/1755 5215/6790/1734 5217/6792/1736 
f 5217/6792/1736 5219/6765/1738 5223/6767/2271 5237/6791/1756 
f 5238/6793/1757 5229/6777/1758 5213/6752/1759 5239/6794/1760 
f 5240/6795/1761 5239/6794/1760 5213/6752/1759 5207/6746/1762 
f 5241/6796/1763 5240/6795/1761 5207/6746/1762 5208/6747/1727 
f 5238/6797/1757 5230/6798/2430 5229/6799/1758 
f 5242/6800/1765 5243/6801/1766 5238/6793/1757 
f 5242/6800/1765 5238/6793/1757 5244/6802/2431 5245/6803/1768 
f 5238/6793/1757 5239/6794/1760 5244/6802/2431 
f 5246/6804/1769 5244/6802/2431 5239/6794/1760 5240/6795/1761 
f 5247/6805/1770 5246/6804/1769 5240/6795/1761 5241/6796/1763 
f 5211/6750/1730 5248/6806/1771 5247/6805/1770 5241/6796/1763 
f 5241/6796/1763 5208/6747/1727 5211/6750/1730 
f 5248/6806/1771 5211/6750/1730 5249/6807/1772 5250/6808/1773 
f 5251/6809/1774 5248/6806/1771 5250/6808/1773 5252/6810/2432 
f 5248/6806/1771 5251/6809/1774 5253/6811/1776 5247/6805/1770 
f 5254/6812/1777 5245/6803/1768 5244/6802/2431 5246/6804/1769 
f 5247/6805/1770 5253/6811/1776 5254/6812/1777 5246/6804/1769 
f 5255/6813/1778 5249/6807/1772 5211/6750/1730 5210/6749/1729 
f 3950/5126/358 3949/5125/357 5249/6807/1772 5255/6813/1778 
f 5256/6814/2433 5257/6815/1780 5123/6645/2254 5120/6642/1626 
f 5257/6815/1780 5169/6700/1681 5123/6645/2254 
f 5169/6700/1681 5257/6815/1780 5258/6816/1781 5171/6702/1683 
f 5171/6708/1683 5258/6817/1781 5259/6818/1782 5174/6705/1686 
f 5260/6819/1783 5261/6820/1784 5257/6815/1780 5256/6814/2433 
f 5257/6815/1780 5261/6820/1784 5262/6821/2434 5258/6816/1781 
f 5262/6821/2434 5263/6822/1786 5259/6823/1782 5258/6816/1781 
f 5264/6824/1787 5256/6814/2433 5120/6642/1626 5117/6639/1623 
f 5265/6825/1788 5260/6819/1783 5256/6814/2433 5264/6824/1787 
s 3
f 5266/6826/1789 5264/6824/1787 5117/6639/1623 5116/6638/1622 
s 1
f 5264/6824/1787 5266/6826/1789 5267/6827/1790 5265/6825/1788 
f 5267/6827/1790 5268/6828/1791 5269/6829/1792 5265/6825/1788 
f 5265/6825/1788 5269/6829/1792 5270/6830/1793 5260/6819/1783 
f 5260/6819/1783 5270/6830/1793 5271/6831/1794 5261/6820/1784 
f 5261/6820/1784 5271/6831/1794 5272/6832/1795 5262/6821/2434 
f 5273/6833/1796 5263/6822/1786 5262/6821/2434 5272/6832/1795 
f 5274/6834/1797 5271/6831/1794 5270/6830/1793 5275/6835/1798 
f 5275/6835/1798 5270/6830/1793 5269/6829/1792 5276/6836/1799 
f 5271/6831/1794 5274/6834/1797 5277/6837/1800 5272/6832/1795 
f 5278/6838/2277 5273/6833/1796 5272/6832/1795 5277/6837/1800 
f 5279/6839/1802 5276/6836/1799 5269/6829/1792 5268/6828/1791 
f 5280/6840/1803 5281/6841/2435 5274/6834/1797 5275/6835/1798 
f 5282/6842/2436 5281/6841/2435 5280/6840/1803 5283/6843/1806 
f 5280/6840/1803 5275/6835/1798 5276/6836/1799 5284/6844/1807 
f 5280/6840/1803 5284/6844/1807 5285/6845/1808 5283/6843/1806 
f 5286/6846/1809 5277/6837/1800 5274/6834/1797 5281/6841/2435 
f 5287/6847/2280 5286/6846/1809 5281/6841/2435 5282/6842/2436 
f 5277/6837/1800 5286/6846/1809 5288/6848/2281 5278/6838/2277 
f 5289/6849/1812 5288/6848/2281 5286/6846/1809 5287/6847/2280 
f 5290/6850/2282 5284/6844/1807 5276/6836/1799 5279/6839/1802 
f 5285/6845/1808 5284/6844/1807 5290/6850/2282 
f 5291/6851/1814 5292/6852/1815 5290/6850/2282 
f 5293/6853/1816 5294/6854/1817 5291/6851/1814 5290/6850/2282 
f 5291/6851/1814 5294/6854/1817 5295/6855/1818 5292/6852/1815 
f 5296/6856/1819 5294/6854/1817 5293/6853/1816 5297/6857/1820 
f 5298/6858/1821 5297/6857/1820 5293/6853/1816 5299/6859/1822 
f 5290/6860/2282 5300/6861/1823 5299/6862/1822 5293/6863/1816 
f 5300/6864/1823 5301/6865/1824 5302/6866/1825 5299/6859/1822 
f 5299/6859/1822 5302/6866/1825 5303/6867/1826 5298/6858/1821 
f 5304/6868/1827 5303/6867/1826 5302/6866/1825 5305/6869/1828 
f 5306/6870/1829 5305/6869/1828 5302/6866/1825 5301/6865/1824 
f 5306/6870/1829 5307/6871/1830 5308/6872/1831 5305/6869/1828 
f 5305/6869/1828 5308/6872/1831 5309/6873/1832 5304/6868/1827 
f 5310/6874/1833 5309/6873/1832 5308/6872/1831 5307/6871/1830 
f 5309/6873/1832 5310/6874/1833 5311/6875/1834 5312/6876/1835 
f 5309/6873/1832 5312/6876/1835 5313/6877/2437 5304/6868/1827 
f 5314/6878/1837 5298/6858/1821 5303/6867/1826 5315/6879/1838 
f 5303/6867/1826 5304/6868/1827 5315/6879/1838 
f 5316/6880/1839 5315/6879/1838 5304/6868/1827 5313/6877/2437 
f 5315/6879/1838 5316/6880/1839 5317/6881/2287 5314/6878/1837 
f 5314/6878/1837 5296/6856/1819 5297/6857/1820 5298/6858/1821 
f 5318/6882/1841 5296/6856/1819 5314/6878/1837 5317/6881/2287 
f 5294/6854/1817 5296/6856/1819 5319/6883/1842 5295/6855/1818 
f 5319/6883/1842 5296/6856/1819 5318/6882/1841 5320/6884/1843 
f 5320/6884/1843 5321/6885/1844 5322/6886/1845 5319/6883/1842 
f 5319/6883/1842 5322/6886/1845 5323/6887/1846 5295/6855/1818 
f 5324/6888/1847 5292/6852/1815 5295/6855/1818 5325/6889/1848 
f 5285/6845/1808 5290/6850/2282 5292/6852/1815 5324/6888/1847 
f 5285/6845/1808 5324/6888/1847 5326/6890/1849 5283/6843/1806 
f 5327/6891/1850 5326/6890/1849 5324/6888/1847 5325/6889/1848 
f 5295/6855/1818 5323/6887/1846 5327/6891/1850 5325/6889/1848 
f 5283/6843/1806 5326/6890/1849 5328/6892/1851 5282/6842/2436 
f 5329/6893/2291 5328/6892/1851 5326/6890/1849 5327/6891/1850 
f 5282/6842/2436 5328/6892/1851 5330/6894/1853 5287/6847/2280 
f 5329/6893/2291 5331/6895/1854 5330/6894/1853 5328/6892/1851 
f 5332/6896/1855 5331/6895/1854 5329/6893/2291 5333/6897/1856 
f 5333/6897/1856 5329/6893/2291 5327/6891/1850 5323/6887/1846 
f 5334/6898/1857 5335/6899/1858 5332/6896/1855 5333/6897/1856 
f 5336/6900/1859 5337/6901/1860 5335/6899/1858 5334/6898/1857 
f 5338/6902/1861 5332/6903/1855 5335/6904/1858 5339/6905/1862 
f 5340/6906/1863 5339/6907/1862 5335/6908/1858 5337/6909/1860 
f 5332/6910/1855 5338/6911/1861 5341/6912/1864 5331/6913/1854 
f 5331/6913/1854 5341/6912/1864 5342/6914/2293 5330/6915/1853 
f 5342/6914/2293 5289/6916/1812 5287/6917/2280 5330/6915/1853 
f 5343/6918/1866 5344/6919/2438 5340/6906/1863 5337/6909/1860 
f 5345/6920/1868 5343/6921/1866 5337/6901/1860 5336/6900/1859 
f 5346/6922/1869 5334/6898/1857 5333/6897/1856 5323/6887/1846 
f 5345/6920/1868 5336/6900/1859 5334/6898/1857 5346/6922/1869 
f 5322/6886/1845 5347/6923/1870 5346/6922/1869 5323/6887/1846 
f 5346/6922/1869 5347/6923/1870 5348/6924/1871 5345/6920/1868 
s 2
f 5349/6925/1872 5350/6926/1873 4892/6358/1365 4893/6359/1874 
f 5351/6927/1875 5349/6925/1872 4893/6359/1874 4894/6360/1876 
s 3
f 5352/6928/1877 5353/6929/1878 5350/6926/1873 5349/6925/1872 
f 5354/6930/1879 5352/6928/1877 5349/6925/1872 5351/6927/1875 
s 2
f 5355/6931/1880 5351/6927/1875 4894/6360/1876 4897/6365/1881 
s 3
f 5351/6927/1875 5355/6931/1880 5356/6932/2439 5354/6930/1879 
s 1
f 5357/6933/1883 5358/6934/1884 5354/6930/1879 5356/6932/2439 
f 5358/6934/1884 5359/6935/1885 5352/6928/1877 5354/6930/1879 
f 5360/6936/1886 5359/6935/1885 5358/6934/1884 5361/6937/1887 
f 5362/6938/2440 5361/6939/1887 5358/6940/1884 5357/6941/1883 
f 5344/6919/2438 5343/6918/1866 5362/6938/2440 5357/6941/1883 
f 5363/6942/1889 5362/6943/2440 5343/6921/1866 5345/6920/1868 
f 5363/6942/1889 5364/6944/1890 5361/6937/1887 5362/6943/2440 
f 5361/6937/1887 5364/6944/1890 5365/6945/1891 5360/6936/1886 
f 5366/6946/1892 5365/6945/1891 5364/6944/1890 5363/6942/1889 
f 5348/6924/1871 5366/6946/1892 5363/6942/1889 5345/6920/1868 
f 5352/6928/1877 5359/6935/1885 5367/6947/1893 5353/6929/1878 
f 5368/6948/1894 5367/6947/1893 5359/6935/1885 5360/6936/1886 
f 5369/6949/1895 5368/6948/1894 5360/6936/1886 5365/6945/1891 
f 5369/6949/1895 5365/6945/1891 5366/6946/1892 5348/6924/1871 
f 5347/6923/1870 5322/6886/1845 5321/6885/1844 5370/6950/1896 
f 5347/6923/1870 5370/6950/1896 5371/6951/1897 5348/6924/1871 
f 5371/6951/1897 5369/6949/1895 5348/6924/1871 
f 5369/6949/1895 5371/6951/1897 5372/6952/1898 5368/6948/1894 
f 5367/6947/1893 5368/6948/1894 5372/6952/1898 
f 5367/6953/1893 5372/6954/1898 5373/6955/1899 5353/6956/1878 
s 3
f 5353/6956/1878 5373/6955/1899 5374/6957/1900 5350/6958/1873 
s 2
f 5350/6958/1873 5374/6957/1900 4895/6362/1368 4892/6363/1365 
s 1
f 5133/6657/1642 5137/6661/1646 5375/6959/1901 5128/6652/1637 
f 5376/6960/1902 5375/6959/1901 5137/6661/1646 5145/6669/2259 
s 5
f 5128/6652/1637 5375/6959/1901 5377/6961/2441 5129/6653/2421 
f 5378/6962/1904 5377/6961/2441 5375/6959/1901 5376/6960/1902 
f 4911/6649/1383 5125/6648/1631 5126/6963/2255 5379/6964/1905 
f 5126/6963/2255 5129/6965/2421 5380/6966/1906 5379/6964/1905 
s 6
f 5377/6967/2441 5340/6968/1907 5380/6966/1906 5129/6965/2421 
f 5377/6961/2441 5378/6962/1904 5339/6969/2442 5340/6970/1907 
f 5338/6971/2443 5339/6972/2442 5378/6973/1904 
f 5381/6974/1910 5382/6975/1911 5338/6971/2443 5378/6973/1904 
s 5
f 5383/6976/1912 5381/6977/1910 5378/6962/1904 5376/6960/1902 
s 1
f 5145/6669/2259 5146/6670/1655 5383/6976/1912 5376/6960/1902 
s 6
f 5382/6975/1911 5381/6974/1910 5384/6978/1913 5385/6979/1914 
s 5
f 5386/6980/1915 5384/6981/1913 5381/6977/1910 5383/6976/1912 
s 1
f 5146/6670/1655 5149/6673/1658 5386/6980/1915 5383/6976/1912 
f 5386/6980/1915 5149/6673/1658 5387/6982/1916 5384/6981/1913 
s 5
f 5388/6983/1917 5387/6982/1916 5149/6673/1658 5150/6674/1659 
f 5384/6981/1913 5387/6982/1916 5389/6984/1918 5385/6985/1914 
f 5390/6986/1919 5389/6984/1918 5387/6982/1916 5388/6983/1917 
s 4
f 5391/6987/1920 5388/6983/1917 5150/6674/1659 5153/6677/1662 
f 5388/6983/1917 5391/6987/1920 5392/6988/1921 5390/6986/1919 
f 5153/6677/1662 5162/6693/1922 5391/6987/1920 
s 1
f 3761/4918/148 3760/4917/147 3758/4915/145 5393/6989/1923 
f 5394/6990/1924 3717/4871/101 3716/4870/100 5395/6991/1925 
f 5396/6992/1926 5395/6991/1925 3716/4870/100 3719/4873/103 
f 5397/6993/1927 5396/6992/1926 3719/4873/103 3761/4918/148 
f 5398/6994/1928 5397/6993/1927 3761/4918/148 5393/6989/1923 
f 5398/6994/1928 5399/6995/1929 5400/6996/1930 5397/6993/1927 
f 5401/6997/1931 5396/6992/1926 5397/6993/1927 5400/6996/1930 
f 5399/6995/1929 5402/6998/1932 5403/6999/1933 5400/6996/1930 
f 5400/6996/1930 5403/6999/1933 5404/7000/1934 5401/6997/1931 
f 5405/7001/1935 5404/7000/1934 5403/6999/1933 5402/6998/1932 
f 5396/6992/1926 5401/6997/1931 5406/7002/1936 5395/6991/1925 
f 5407/7003/1937 5406/7002/1936 5401/6997/1931 5404/7000/1934 
f 5408/7004/1938 5407/7003/1937 5404/7000/1934 5405/7001/1935 
f 5406/7002/1936 5409/7005/1939 5394/6990/1924 5395/6991/1925 
f 5407/7003/1937 5408/7004/1938 5409/7005/1939 5406/7002/1936 
s 3
f 5410/7006/2444 5411/7007/1941 3968/7008/382 
s 1
f 5412/7009/1942 5413/7010/2445 5411/7011/1941 5410/7012/2444 
f 5414/7013/1944 5415/7014/1945 5411/7011/1941 5413/7010/2445 
s 3
f 5411/7007/1941 5415/7015/1945 5416/7016/1946 3968/7008/382 
s 1
f 5417/7017/1947 5415/7014/1945 5414/7013/1944 5418/7018/1948 
s 3
f 5419/7019/1949 5416/7020/1946 5415/7014/1945 5417/7017/1947 
s 1
f 5420/7021/2302 5417/7017/1947 5418/7018/1948 5421/7022/1951 
f 5422/7023/1952 5419/7019/1949 5417/7017/1947 5420/7021/2302 
f 5423/7024/1953 5420/7021/2302 5421/7022/1951 5424/7025/1954 
f 5423/7024/1953 5425/7026/2446 5422/7023/1952 5420/7021/2302 
f 5426/7027/1956 5423/7024/1953 5424/7025/1954 5427/7028/1957 
f 5426/7027/1956 5425/7026/2446 5423/7024/1953 
f 5428/7029/1958 5418/7018/1948 5414/7013/1944 5413/7010/2445 
f 5429/7030/1959 5428/7029/1958 5413/7010/2445 5412/7009/1942 
f 5418/7018/1948 5428/7029/1958 5430/7031/1960 5421/7022/1951 
f 5429/7030/1959 5431/7032/1961 5430/7031/1960 5428/7029/1958 
f 5421/7022/1951 5430/7031/1960 5432/7033/1962 5424/7025/1954 
f 5433/7034/1963 5432/7033/1962 5430/7031/1960 5431/7032/1961 
f 5424/7025/1954 5432/7033/1962 5434/7035/1964 
f 5434/7035/1964 5427/7028/1957 5424/7025/1954 
f 5435/7036/1965 5429/7030/1959 5412/7009/1942 5436/7037/1966 
f 5429/7030/1959 5435/7036/1965 5437/7038/1967 5431/7032/1961 
f 5431/7032/1961 5437/7038/1967 5438/7039/1968 5433/7034/1963 
f 5439/7040/1969 5440/7041/1970 5435/7036/1965 5436/7037/1966 
f 5441/7042/1971 5437/7038/1967 5435/7036/1965 5440/7041/1970 
f 5437/7038/1967 5441/7042/1971 5442/7043/1972 5438/7039/1968 
s 3
f 5443/7044/1973 5439/7040/1969 5436/7037/1966 5444/7045/1974 
f 5444/7045/1974 5436/7037/1966 5412/7009/1942 5410/7012/2444 
f 3948/5124/356 3977/5157/392 5443/7044/1973 5444/7045/1974 
s 1
f 5445/7046/1975 5442/7047/1972 5441/7048/1971 5446/7049/1976 
s 2
f 5444/7045/1974 5410/7012/2444 3968/5148/382 
s 1
f 5445/7046/1975 5446/7049/1976 4030/5219/449 4032/5218/451 
f 5439/7040/1969 5443/7044/1973 5447/7050/1977 
f 4026/5212/445 5447/7050/1977 5443/7044/1973 3977/5157/392 
f 5446/7051/1976 5441/7042/1971 5440/7041/1970 
f 5447/7050/1977 4026/5212/445 4030/5216/449 5446/7051/1976 
f 5447/7050/1977 5446/7051/1976 5440/7041/1970 5439/7040/1969 
s 2
f 3968/5148/382 3945/5121/353 3948/5124/356 5444/7045/1974 
s 1
f 5249/6807/1772 3949/5125/357 3943/5119/351 
f 3943/5119/351 3944/5120/352 5250/6808/1773 5249/6807/1772 
f 5250/6808/1773 3944/5120/352 3968/5148/382 5252/6810/2432 
f 2738/3611/942 4242/5496/667 2743/3616/947 
f 4273/5538/702 4277/5542/708 2749/3622/953 2748/3621/952 
f 4237/7052/656 4280/7053/711 2762/3652/966 2604/3651/808 
f 2749/3622/953 4277/5542/708 2792/3697/996 
f 4277/5542/708 4278/5543/709 4292/5578/724 2793/3698/997 
f 2792/3697/996 4277/5542/708 2793/3698/997 
f 2793/3698/997 4292/5578/724 4299/5587/732 2797/3702/1001 
f 2806/3711/1010 4305/5593/2360 4310/5599/751 2815/3722/1019 
f 2989/3955/1195 4317/5613/762 4337/5639/786 2990/3956/1196 
f 4352/5654/2362 4351/5653/805 4364/5666/818 5448/7054/1984 
f 5448/7054/1984 4364/5666/818 4365/5667/2365 5449/7055/1985 
f 5449/7055/1985 4365/5667/2365 4373/5675/827 5450/7056/1986 
f 4488/5818/942 4487/5817/2377 5451/7057/1987 
f 4487/5817/2377 4486/5816/2171 5452/7058/1988 5451/7057/1987 
f 4486/5813/2171 4485/5812/939 5453/7059/1989 5452/7060/1988 
f 4498/5828/952 4492/5822/946 4489/5819/943 4493/5823/947 
f 4373/5675/827 4536/5891/990 5454/7061/1990 5450/7056/1986 
f 5454/7061/1990 4536/5891/990 4544/5906/998 5455/7062/1991 
f 5456/7063/1992 4551/5913/1005 4546/5908/1000 4547/5909/1001 
f 4545/5907/999 4552/5914/1006 5457/7064/1993 4544/5906/998 
f 5455/7062/1991 4544/5906/998 5457/7064/1993 
f 5458/7065/1994 4552/5914/1006 4551/5913/1005 5456/7063/1992 
f 5457/7064/1993 4552/5914/1006 5458/7065/1994 
f 5459/7066/1995 4559/5925/1013 4562/5924/2380 5460/7067/1996 
f 4554/5916/1008 4559/5921/1013 5459/7068/1995 4555/5917/1009 
f 5461/7069/1997 4727/6150/1183 4728/6151/1184 5462/7070/1998 
f 5463/7071/1999 4729/6152/1185 4727/6150/1183 5461/7069/1997 
f 4730/6153/2389 4729/6152/1185 5463/7071/1999 5464/7072/2000 
f 4731/6154/1187 4730/6153/2389 5464/7072/2000 4739/6162/1195 
f 4105/5318/524 4099/5309/518 4095/5305/2077 4093/5303/512 
f 5243/7073/1766 5230/7074/2430 5238/7075/1757 
f 4903/6371/1376 4870/6332/1343 4942/6416/1422 4904/6372/1377 
f 4903/6371/1376 4888/6354/1361 4870/6332/1343 
f 3735/4889/119 3738/4892/122 3905/5070/2042 3756/4913/143 
f 3974/5154/389 3975/5155/390 4024/5210/443 
s 3
f 4021/5207/440 3975/5155/390 3971/5151/2324 
s 1
f 5465/7076/99 5466/7077/100 5467/7078/101 5468/7079/102 
f 5469/7080/103 5466/7077/100 5465/7076/99 5470/7081/104 
f 5471/7082/105 5470/7081/104 5465/7076/99 5472/7083/106 
f 5472/7083/106 5465/7076/99 5468/7079/102 
f 5473/7084/107 5474/7085/108 5471/7082/105 5472/7083/106 
f 5475/7086/109 5473/7084/107 5472/7083/106 5468/7079/102 
f 5476/7087/110 5477/7088/111 5473/7084/107 5475/7086/109 
f 5473/7084/107 5477/7088/111 5478/7089/112 5474/7085/108 
f 5476/7087/110 5479/7090/113 5480/7091/114 5477/7088/111 
f 5477/7088/111 5480/7091/114 5481/7092/115 5478/7089/112 
f 5482/7093/116 5481/7092/115 5480/7091/114 5483/7094/117 
f 5480/7091/114 5479/7090/113 5484/7095/118 5483/7094/117 
f 5485/7096/119 5482/7093/116 5483/7094/117 5486/7097/120 
f 5486/7097/120 5483/7094/117 5484/7095/118 
f 5487/7098/121 5488/7099/122 5485/7096/119 5486/7097/120 
f 5487/7098/121 5486/7097/120 5484/7095/118 
f 5489/7100/123 5488/7099/122 5487/7098/121 5490/7101/124 
s 3
f 5491/7102/125 5492/7103/126 5493/7104/127 5494/7105/128 
s 2
f 5495/7106/129 5494/7105/128 5493/7104/127 5496/7107/130 
f 5484/7095/118 5497/7108/2008 5496/7107/130 5493/7104/127 
f 13606/17347/1326 13609/17350/1329 13618/17363/1338 13616/17361/1336 
f 13616/17361/1336 13618/17363/1338 13619/17364/1339 13620/17365/1340 
f 13616/17361/1336 13620/17365/1340 13621/17366/2218 13617/17362/1337 
f 13622/17367/1342 13623/17368/1343 13621/17366/2218 13620/17365/1340 
f 13624/17369/1344 13622/17367/1342 13620/17365/1340 13619/17364/1339 
f 13625/17370/1345 13621/17366/2218 13623/17368/1343 13626/17371/1346 
f 13621/17366/2218 13625/17370/1345 13627/17372/1347 13617/17362/1337 
f 13617/17362/1337 13627/17372/1347 13628/17373/1348 13606/17347/1326 
f 13629/17374/1349 13625/17370/1345 13626/17371/1346 13630/17375/1350 
f 13631/17376/1351 13627/17372/1347 13625/17370/1345 13629/17374/1349 
f 13627/17377/1347 13631/17378/1351 13632/17379/1352 13628/17380/1348 
f 13633/17381/1353 13634/17382/1354 13631/17376/1351 13629/17374/1349 
f 13635/17383/1355 13633/17381/1353 13629/17374/1349 13630/17375/1350 
f 13631/17378/1351 13634/17384/1354 13636/17385/1356 13632/17379/1352 
f 13637/17386/1357 13634/17382/1354 13633/17381/1353 13638/17387/1358 
f 13639/17388/1359 13637/17386/1357 13638/17387/1358 13640/17389/1360 
f 13633/17381/1353 13635/17383/1355 13640/17389/1360 13638/17387/1358 
f 13641/17390/1361 13642/17391/1362 13635/17383/1355 13630/17375/1350 
f 13635/17383/1355 13642/17391/1362 13643/17392/1363 13640/17389/1360 
f 13640/17389/1360 13643/17392/1363 13644/17393/1364 13639/17388/1359 
f 13645/17394/1365 13637/17386/1357 13639/17388/1359 13646/17395/1366 
f 13647/17396/1367 13646/17395/1366 13639/17388/1359 13644/17393/1364 
f 13637/17397/1357 13636/17385/1356 13634/17384/1354 
s 3
f 13648/17398/1368 13636/17385/1356 13637/17397/1357 13645/17399/1365 
s 1
f 13649/17400/2221 13650/17401/1370 13647/17396/1367 13644/17393/1364 
f 13651/17402/2222 13650/17401/1370 13649/17400/2221 
f 13652/17403/2520 13649/17400/2221 13644/17393/1364 13643/17392/1363 
f 13653/17404/1373 13651/17402/2222 13649/17400/2221 13652/17403/2520 
f 13642/17391/1362 13654/17405/1374 13652/17403/2520 13643/17392/1363 
f 13652/17403/2520 13654/17405/1374 13655/17406/1375 13653/17404/1373 
f 13656/17407/1376 13654/17405/1374 13642/17391/1362 13641/17390/1361 
f 13654/17405/1374 13656/17407/1376 13657/17408/1377 13655/17406/1375 
f 13658/17409/1378 13655/17406/1375 13657/17408/1377 13659/17410/2223 
f 13655/17406/1375 13658/17409/1378 13660/17411/1380 13653/17404/1373 
f 13660/17411/1380 13661/17412/43 13662/17413/1381 13653/17404/1373 
f 13653/17404/1373 13662/17413/1381 13663/17414/1382 13651/17402/2222 
f 13651/17402/2222 13663/17414/1382 13664/17415/1383 13650/17401/1370 
f 13665/17416/1384 13624/17369/1344 13619/17364/1339 13666/17417/1385 
f 13666/17417/1385 13619/17364/1339 13618/17363/1338 13609/17350/1329 
f 13609/17350/1329 13611/17352/1331 13667/17418/1386 13666/17417/1385 
f 13668/17419/1387 13667/17418/1386 13611/17352/1331 
f 13669/17420/1388 13668/17419/1387 13611/17352/1331 13610/17351/1330 
f 13669/17420/1388 13610/17351/1330 13583/17323/2517 13581/17321/1301 
f 13670/17421/1389 13669/17420/1388 13581/17321/1301 13580/17320/1300 
f 13669/17420/1388 13670/17421/1389 13671/17422/1390 13668/17419/1387 
s 5
f 13668/17419/1387 13671/17422/1390 13672/17423/1391 13667/17418/1386 
f 13673/17424/1392 13672/17423/1391 13671/17422/1390 13674/17425/1393 
s 1
f 13674/17425/1393 13671/17422/1390 13670/17421/1389 13675/17426/1394 
f 13675/17426/1394 13670/17421/1389 13580/17320/1300 13578/17318/1298 
f 13676/17427/1395 13675/17426/1394 13578/17318/1298 13577/17316/1297 
s 5
f 13677/17428/1396 13676/17427/1395 13577/17316/1297 13573/17309/2216 
f 13572/17308/1290 13678/17429/1397 13677/17428/1396 13573/17309/2216 
f 13564/17296/1278 13679/17430/1398 13678/17429/1397 13572/17308/1290 
s 9
f 13680/17431/1399 13679/17430/1398 13564/17296/1278 13563/17295/1277 
f 13680/17431/1399 13563/17295/1277 13566/17298/1281 13681/17432/1400 
s 2
f 13682/17433/1401 13683/17434/1402 13681/17435/1403 13566/17436/1404 
s 3
f 13684/17437/1405 13685/17438/1406 13683/17439/1402 13682/17440/1401 
f 13686/17441/1407 13684/17437/1405 13682/17440/1401 13687/17442/1408 
s 2
f 13687/17443/1408 13682/17433/1401 13566/17436/1404 13565/17444/1409 
f 13565/17297/1409 13567/17299/1410 13568/17300/1411 13687/17442/1408 
f 13688/17445/1412 13687/17442/1408 13568/17300/1411 13570/17306/1413 
s 3
f 13689/17446/1414 13686/17441/1407 13687/17442/1408 13688/17445/1412 
s 2
f 13690/17447/1415 13688/17445/1412 13570/17306/1413 13571/17307/1416 
s 3
f 13690/17447/1415 13689/17446/1414 13688/17445/1412 
f 13691/17448/1417 13689/17446/1414 13690/17447/1415 13692/17449/1418 
f 13693/17450/1419 13691/17448/1417 13692/17449/1418 13694/17451/1420 
s 2
f 13554/17282/1421 13692/17449/1418 13690/17447/1415 13571/17307/1416 
f 13692/17449/1418 13554/17282/1421 13555/17283/1269 13694/17451/1420 
s 4
f 13571/17307/1288 13559/17287/1273 13554/17282/1268 
s 1
f 13641/17390/1361 13630/17375/1350 13626/17371/1346 13623/17368/1343 
f 13657/17408/1377 13695/17452/1422 13696/17453/2228 13659/17410/2223 
s 4
f 13696/17453/1424 13695/17452/1425 13697/17454/1426 13698/17455/2406 
f 13699/17456/1428 13700/17457/2407 13697/17454/1426 13695/17452/1425 
f 13701/17458/1430 13702/17459/1431 13700/17457/2407 13699/17456/1428 
f 13703/17460/1432 13702/17459/1431 13701/17458/1430 
f 13701/17458/1430 13704/17461/2767 13705/17462/1434 13703/17460/1432 
f 13704/17461/2767 13665/17416/1435 13706/17463/1436 13705/17462/1434 
f 13706/17463/1436 13665/17416/1435 13666/17417/1437 
f 13667/17418/1386 13672/17423/1391 13706/17463/1436 13666/17417/1437 
s 5
f 13706/17463/1436 13672/17423/1391 13673/17424/1392 13707/17464/1438 
f 13706/17463/1436 13707/17464/1438 13708/17465/1439 13705/17462/1434 
f 13705/17462/1434 13708/17465/1439 13709/17466/1440 13703/17460/1432 
f 13703/17460/1432 13709/17466/1440 13710/17467/1441 13702/17459/1431 
f 13702/17459/1431 13710/17467/1441 13711/17468/1442 13700/17457/2407 
f 13700/17457/2407 13711/17468/1442 13712/17469/1443 13697/17454/1426 
f 13713/17470/1444 13698/17455/2406 13697/17454/1426 13712/17469/1443 
f 13714/17471/2521 13715/17472/1446 13698/17455/2406 13713/17470/1444 
s 4
f 13698/17455/2406 13715/17472/1446 13716/17473/1447 13696/17453/1424 
f 13717/17474/1448 13718/17475/43 13716/17473/1447 13715/17472/1446 
s 5
f 13719/17476/1449 13717/17474/1448 13715/17472/1446 13714/17471/2521 
s 1
f 13720/17477/2522 13721/17478/2409 13719/17476/1449 13714/17471/2521 
f 13722/17479/1452 13720/17477/2522 13714/17471/2521 13713/17470/1444 
f 13713/17470/1444 13712/17469/1443 13723/17480/1453 13722/17479/1452 
f 13723/17480/1453 13712/17469/1443 13711/17468/1442 
f 13724/17481/1454 13723/17480/1453 13711/17468/1442 13710/17467/1441 
f 13724/17481/1454 13710/17467/1441 13709/17466/1440 13708/17465/1439 
f 13725/17482/1455 13724/17481/1454 13708/17465/1439 13707/17464/1438 
f 13726/17483/1456 13725/17482/1455 13707/17464/1438 13673/17424/1392 
f 13727/17484/1457 13726/17483/1456 13673/17424/1392 13674/17425/1393 
f 13675/17426/1394 13676/17427/1395 13727/17484/1457 13674/17425/1393 
s 3
f 13728/17485/1458 13729/17486/1459 13683/17439/1402 13685/17438/1406 
s 2
f 13683/17434/1402 13729/17487/1459 13730/17488/2232 13681/17435/1403 
f 13731/17489/1461 13732/17490/1462 13730/17488/2232 13729/17487/1459 
s 3
f 13728/17485/1458 13733/17491/1463 13731/17492/1461 13729/17486/1459 
s 2
f 13734/17493/1464 13735/17494/1465 13732/17490/1462 13731/17489/1461 
s 3
f 13731/17492/1461 13733/17491/1463 13736/17495/1466 13734/17496/1464 
s 1
f 13681/17432/1400 13730/17497/1467 13737/17498/1468 13680/17431/1399 
f 13738/17499/2524 13737/17498/1468 13730/17497/1467 13732/17500/1470 
f 13680/17431/1399 13737/17498/1468 13739/17501/1471 13679/17430/1398 
f 13740/17502/1472 13739/17501/1471 13737/17498/1468 13738/17499/2524 
f 13679/17430/1398 13739/17501/1471 13741/17503/1473 13678/17429/1397 
f 13678/17429/1397 13741/17503/1473 13742/17504/2525 13677/17428/1396 
f 13677/17428/1396 13742/17504/2525 13743/17505/1475 13676/17427/1395 
f 13676/17427/1395 13743/17505/1475 13744/17506/1476 13727/17484/1457 
f 13726/17483/1456 13727/17484/1457 13744/17506/1476 
f 13726/17483/1456 13744/17506/1476 13745/17507/1477 13725/17482/1455 
f 13724/17481/1454 13725/17482/1455 13745/17507/1477 13723/17480/1453 
f 13722/17479/1452 13723/17480/1453 13745/17507/1477 
f 13746/17508/1478 13741/17503/1473 13739/17501/1471 13740/17502/1472 
f 13741/17503/1473 13746/17508/1478 13747/17509/1479 13742/17504/2525 
f 13747/17509/1479 13743/17505/1475 13742/17504/2525 
f 13743/17505/1475 13747/17509/1479 13748/17510/1480 13744/17506/1476 
f 13744/17506/1476 13748/17510/1480 13749/17511/1481 13745/17507/1477 
f 13745/17507/1477 13749/17511/1481 13750/17512/1482 13722/17479/1452 
f 13720/17477/2522 13722/17479/1452 13750/17512/1482 
f 13721/17478/2409 13720/17477/2522 13750/17512/1482 
s 4
f 13751/17513/1483 13721/17514/1484 13750/17515/1482 13752/17516/1485 
s 5
f 13753/17517/2642 13754/17518/1487 13751/17519/1483 13752/17520/1485 
s 4
f 13752/17516/1485 13750/17515/1482 13755/17521/1488 
s 5
f 13752/17520/1485 13755/17522/1488 13756/17523/1489 13753/17517/2642 
f 13755/17521/1488 13750/17515/1482 13757/17524/1490 
f 13756/17523/1489 13758/17525/1491 13759/17526/1492 13753/17517/2642 
f 13760/17527/1493 13761/17528/1494 13753/17517/2642 13759/17526/1492 
s 1
f 13761/17528/1494 13754/17518/1487 13753/17517/2642 
s 5
f 13762/17529/2239 13761/17528/1494 13760/17527/1493 13763/17530/1496 
s 1
f 13761/17528/1494 13762/17529/2239 13764/17531/1497 13754/17518/1487 
s 5
f 13754/17518/1487 13764/17531/1497 13765/17532/1498 13751/17519/1483 
s 4
f 13719/17533/1449 13721/17534/1484 13751/17535/1483 13765/17536/1498 
f 13766/17537/1499 13719/17533/1449 13765/17536/1498 
f 13662/17538/1500 13719/17533/1449 13766/17537/1499 
f 13662/17538/1500 13766/17537/1499 13767/17539/1501 13663/17540/1502 
s 5
f 13764/17531/1497 13768/17541/1503 13766/17542/1499 13765/17532/1498 
f 13766/17542/1499 13768/17541/1503 13769/17543/1504 13767/17544/1501 
s 4
f 13770/17545/1505 13760/17527/1493 13759/17526/1492 13758/17525/1491 
f 13760/17546/1493 13770/17547/1505 13771/17548/1506 13763/17549/1496 
s 5
f 13772/17550/1507 13773/17551/1508 13762/17529/2239 13763/17530/1496 
f 13774/17552/1509 13775/17553/1510 13773/17551/1508 13772/17550/1507 
s 1
f 13776/17554/1511 13777/17555/1512 13773/17551/1508 13775/17553/1510 
f 13773/17551/1508 13777/17555/1512 13778/17556/1513 13762/17529/2239 
s 4
f 13779/17557/1514 13772/17558/1507 13763/17549/1496 13771/17548/1506 
f 13772/17550/1507 13779/17559/1514 13780/17560/1515 13774/17552/1509 
s 1
f 13780/17560/1516 13779/17559/1517 13781/17561/1518 13782/17562/1519 
f 13781/17563/1518 13779/17564/1517 13771/17565/1520 13770/17566/1521 
f 13783/17567/1522 13781/17563/1518 13770/17566/1521 13758/17568/1491 
f 13758/17525/1491 13756/17523/1489 13784/17569/1523 13783/17570/1522 
f 13785/17571/1524 13784/17569/1523 13756/17523/1489 13755/17522/1488 
f 13786/17572/1525 13787/17573/1526 13784/17569/1523 13785/17571/1524 
f 13784/17569/1523 13787/17573/1526 13788/17574/2244 13783/17570/1522 
f 13783/17570/1522 13788/17574/2244 13789/17575/1528 13781/17561/1518 
f 13781/17561/1518 13789/17575/1528 13790/17576/1529 13782/17562/1519 
f 13791/17577/1530 13785/17578/1524 13755/17521/1488 13757/17524/1490 
f 13792/17579/1531 13786/17580/1525 13785/17578/1524 13791/17577/1530 
f 13793/17581/1532 13790/17576/1529 13789/17575/1528 13794/17582/1533 
f 13794/17582/1533 13789/17575/1528 13788/17574/2244 
f 13795/17583/1534 13794/17582/1533 13788/17574/2244 13787/17573/1526 
f 13795/17583/1534 13787/17573/1526 13786/17572/1525 
f 13796/17584/1535 13793/17581/1532 13794/17582/1533 13797/17585/1536 
f 13798/17586/1537 13797/17585/1536 13794/17582/1533 13795/17583/1534 
f 13799/17587/1538 13798/17586/1537 13795/17583/1534 13786/17572/1525 
f 13799/17588/1538 13786/17580/1525 13792/17579/1531 13800/17589/1539 
f 13801/17590/1540 13796/17584/1535 13797/17585/1536 13802/17591/1541 
f 13803/17592/1542 13802/17591/1541 13797/17585/1536 13798/17586/1537 
f 13803/17592/1542 13798/17586/1537 13799/17587/1538 13804/17593/1543 
f 13805/17594/1544 13804/17595/1543 13799/17588/1538 13800/17589/1539 
s 3
f 13805/17596/1544 13806/17597/1545 13807/17598/1546 13804/17593/1543 
f 13804/17593/1543 13807/17598/1546 13808/17599/1547 13803/17592/1542 
f 13803/17592/1542 13808/17599/1547 13809/17600/1548 13802/17591/1541 
s 1
f 13802/17591/1541 13809/17600/1548 13810/17601/1549 13801/17590/1540 
s 2
f 13806/17602/1545 13811/17603/1550 13812/17604/1551 13807/17605/1546 
f 13812/17606/1551 13808/17599/1547 13807/17598/1546 
s 3
f 13813/17607/1552 13809/17600/1548 13808/17599/1547 13814/17608/1553 
s 2
f 13815/17609/1554 13814/17608/1553 13808/17599/1547 13812/17606/1551 
f 13811/17610/1550 13816/17611/1555 13815/17612/1554 13812/17613/1551 
s 1
f 13809/17600/1548 13813/17607/1552 13817/17614/1556 13810/17601/1549 
s 3
f 13818/17615/1557 13819/17616/1558 13735/17617/1465 13734/17618/1464 
s 1
f 13819/17616/1558 13818/17615/1557 13820/17619/1559 13811/17620/1560 
f 13821/17621/1561 13816/17622/1562 13811/17620/1560 13820/17619/1559 
s 3
f 13822/17623/1563 13818/17624/1557 13734/17496/1464 13736/17495/1466 
s 1
f 13818/17624/1557 13822/17623/1563 13823/17625/1564 13820/17626/1559 
f 13821/17627/1561 13820/17626/1559 13823/17625/1564 
s 2
f 13816/17628/1555 13824/17629/1565 13825/17630/1566 13815/17609/1554 
f 13815/17609/1554 13825/17630/1566 13826/17631/1567 13814/17608/1553 
s 3
f 13814/17608/1553 13826/17631/1567 13827/17632/1568 13813/17607/1552 
s 1
f 13813/17607/1552 13827/17632/1568 13828/17633/1569 13817/17614/1556 
s 2
f 13829/17634/1570 13825/17630/1566 13824/17629/1565 
f 13825/17630/1566 13829/17634/1570 13830/17635/1571 13826/17631/1567 
s 3
f 13826/17631/1567 13830/17635/1571 13831/17636/1572 13827/17632/1568 
s 1
f 13827/17632/1568 13831/17636/1572 13832/17637/1573 13828/17633/1569 
f 13816/17628/1562 13821/17627/1561 13824/17629/1574 
f 13829/17634/1575 13824/17629/1574 13833/17638/1576 13834/17639/1577 
f 13835/17640/1578 13829/17634/1575 13834/17639/1577 13836/17641/1579 
f 13837/17642/1580 13835/17640/1578 13836/17641/1579 13838/17643/1581 
f 13839/17644/1582 13838/17643/1581 13691/17448/1417 13693/17450/1419 
f 13691/17448/1417 13838/17643/1581 13836/17641/1579 13689/17446/1414 
f 13834/17639/1577 13685/17438/1406 13684/17437/1405 
f 13686/17441/1407 13689/17446/1414 13836/17641/1579 
f 13686/17441/1407 13836/17641/1579 13834/17639/1577 13684/17437/1405 
f 13685/17438/1406 13834/17639/1577 13833/17638/1576 13728/17485/1458 
f 13728/17485/1458 13833/17638/1576 13840/17645/1583 13733/17491/1463 
f 13840/17645/1583 13822/17623/1563 13736/17495/1466 13733/17491/1463 
f 13822/17623/1563 13840/17645/1583 13841/17646/1584 13823/17625/1564 
f 13823/17625/1564 13841/17646/1584 13824/17629/1574 13821/17627/1561 
f 13842/17647/1585 13837/17642/1580 13838/17643/1581 13839/17644/1582 
f 13843/17648/1586 13842/17647/1585 13839/17644/1582 13844/17649/1587 
s 4
f 13845/17650/1588 13842/17647/1589 13843/17648/1590 13846/17651/1591 
f 13847/17652/1592 13848/17653/1593 13846/17651/1591 13843/17648/1590 
s 1
f 13844/17649/1587 13849/17654/1594 13847/17652/1595 13843/17648/1586 
f 13850/17655/1596 13844/17649/1587 13839/17644/1582 13693/17450/1419 
f 13849/17654/1594 13844/17649/1587 13850/17655/1596 13851/17656/1597 
s 3
f 13694/17451/1420 13852/17657/1598 13850/17655/1596 13693/17450/1419 
s 1
f 13850/17655/1596 13852/17657/1598 13853/17658/1599 13851/17656/1597 
f 13841/17646/1584 13840/17645/1583 13833/17638/1576 13824/17629/1574 
s 4
f 13842/17647/1589 13845/17650/1588 13854/17659/1600 13837/17642/1601 
f 13837/17642/1601 13854/17659/1600 13855/17660/1602 13835/17640/1603 
f 13835/17640/1603 13855/17660/1602 13856/17661/1604 13829/17634/1605 
f 13857/17662/1606 13858/17663/1607 13846/17651/1591 13848/17653/1593 
f 13846/17651/1591 13858/17663/1607 13859/17664/1608 13845/17650/1588 
f 13845/17650/1588 13859/17664/1608 13860/17665/1609 13854/17659/1600 
f 13854/17659/1600 13860/17665/1609 13861/17666/1610 13855/17660/1602 
f 13861/17666/1610 13862/17667/1611 13856/17661/1604 13855/17660/1602 
f 13863/17668/1612 13862/17667/1611 13861/17666/1610 13860/17665/1609 
f 13864/17669/1613 13863/17668/1612 13860/17665/1609 13859/17664/1608 
f 13865/17670/1614 13864/17669/1613 13859/17664/1608 13858/17663/1607 
f 13866/17671/1615 13865/17670/1614 13858/17663/1607 13857/17662/1606 
s 2
f 13829/17634/1570 13856/17661/1616 13830/17635/1571 
f 13867/17672/1617 13830/17635/1571 13856/17661/1616 13862/17667/1618 
f 13868/17673/1619 13867/17672/1617 13862/17667/1618 13863/17668/1620 
f 13863/17668/1620 13864/17669/1621 13868/17673/1619 
f 13864/17669/1621 13869/17674/1622 13870/17675/1623 13868/17673/1619 
s 3
f 13830/17635/1571 13867/17672/1617 13871/17676/1624 13831/17636/1572 
f 13872/17677/1625 13871/17676/1624 13867/17672/1617 13868/17673/1619 
f 13873/17678/1626 13872/17677/1625 13868/17673/1619 13870/17675/1623 
s 1
f 13831/17636/1572 13871/17676/1624 13874/17679/1627 13832/17637/1573 
f 13875/17680/1628 13874/17679/1627 13871/17676/1624 13872/17677/1625 
f 13876/17681/1629 13875/17680/1628 13872/17677/1625 13873/17678/1626 
s 5
f 13877/17682/1630 13878/17683/1631 13767/17544/1501 13769/17543/1504 
s 4
f 13767/17539/1501 13878/17684/1631 13664/17685/1383 
f 13767/17539/1501 13664/17685/1383 13663/17540/1502 
s 1
f 13624/17369/1344 13665/17416/1384 13704/17461/1632 13622/17367/1342 
f 13701/17458/1633 13699/17456/1634 13623/17368/1343 13622/17367/1342 
f 13704/17461/1632 13701/17458/1633 13622/17367/1342 
f 13699/17456/1634 13695/17452/1422 13623/17368/1343 
s 5
f 13879/17686/2255 13878/17683/1631 13877/17682/1630 13880/17687/1636 
f 13881/17688/1637 13882/17689/1638 13879/17686/2255 13880/17687/1636 
s 1
f 13883/17690/1639 13884/17691/1640 13776/17554/1511 13775/17553/1510 
f 13885/17692/1641 13776/17554/1511 13884/17691/1640 13886/17693/1642 
f 13776/17554/1511 13885/17692/1641 13887/17694/1643 13777/17555/1512 
f 13777/17555/1512 13887/17694/1643 13888/17695/1644 13778/17556/1513 
f 13888/17695/1644 13764/17531/1497 13762/17529/2239 13778/17556/1513 
f 13888/17695/1644 13887/17694/1643 13769/17543/1504 13768/17541/1503 
f 13888/17695/1644 13768/17541/1503 13764/17531/1497 
f 13885/17692/1641 13880/17687/1636 13877/17682/1630 13887/17694/1643 
f 13887/17694/1643 13877/17682/1630 13769/17543/1504 
f 13886/17693/1642 13881/17688/1637 13880/17687/1636 13885/17692/1641 
f 13889/17696/1645 13890/17697/1646 13886/17693/1642 13884/17691/1640 
f 13891/17698/1647 13889/17696/1645 13884/17691/1640 13883/17690/1639 
f 13892/17699/1648 13889/17696/1645 13891/17698/1647 13893/17700/1649 
s 5
f 13894/17701/1650 13883/17690/1639 13775/17553/1510 13774/17552/1509 
s 4
f 13780/17560/1515 13895/17702/1651 13894/17701/1650 13774/17552/1509 
s 5
f 13896/17703/1652 13897/17704/1653 13893/17700/1649 13891/17698/1647 
s 4
f 13895/17702/1651 13897/17704/1653 13896/17703/1652 
f 13894/17701/1650 13895/17702/1651 13896/17703/1652 
s 5
f 13894/17701/1650 13896/17703/1652 13891/17698/1647 13883/17690/1639 
s 1
f 13889/17696/1645 13892/17699/1648 13898/17705/2259 13890/17697/1646 
f 13899/17706/1655 13898/17705/2259 13892/17699/1648 13900/17707/1656 
f 13901/17708/1657 13902/17709/1658 13899/17706/1655 13900/17707/1656 
s 5
f 13903/17710/1659 13902/17709/1658 13901/17708/1657 13904/17711/1660 
f 13897/17704/1653 13904/17711/1660 13901/17708/1657 13893/17700/1649 
s 1
f 13900/17707/1656 13892/17699/1648 13893/17700/1649 13901/17708/1657 
s 4
f 13905/17712/1661 13906/17713/1662 13903/17710/1659 13904/17711/1660 
f 13895/17702/1651 13905/17712/1661 13904/17711/1660 13897/17704/1653 
s 1
f 13907/17714/2424 13895/17702/1664 13780/17560/1516 13782/17562/1519 
f 13895/17702/1664 13907/17714/2424 13908/17715/1665 13905/17712/1666 
f 13909/17716/2261 13907/17714/2424 13782/17562/1519 13790/17576/1529 
f 13907/17714/2424 13909/17716/2261 13910/17717/1668 13908/17715/1665 
f 13905/17718/1666 13908/17719/1665 13911/17720/1669 13906/17721/1670 
f 13911/17722/1669 13908/17715/1665 13910/17717/1668 13912/17723/1671 
f 13793/17581/1532 13796/17584/1535 13912/17723/1671 13910/17717/1668 
f 13793/17581/1532 13910/17717/1668 13909/17716/2261 13790/17576/1529 
f 13913/17724/1672 13912/17723/1671 13796/17584/1535 13801/17590/1540 
f 13912/17725/1671 13913/17726/1672 13914/17727/1673 13911/17720/1669 
f 13914/17728/1673 13915/17729/1674 13906/17713/1670 13911/17722/1669 
f 13810/17601/1549 13916/17730/1675 13913/17724/1672 13801/17590/1540 
f 13913/17724/1672 13916/17730/1675 13917/17731/1676 13914/17728/1673 
f 13915/17729/1674 13914/17728/1673 13917/17731/1676 
f 13918/17732/1677 13916/17730/1675 13810/17601/1549 13817/17614/1556 
f 13916/17730/1675 13918/17732/1677 13919/17733/1678 13917/17731/1676 
f 13920/17734/1679 13918/17732/1677 13817/17614/1556 13828/17633/1569 
f 13832/17637/1573 13874/17679/1627 13920/17734/1679 13828/17633/1569 
f 13921/17735/1680 13920/17734/1679 13874/17679/1627 13875/17680/1628 
f 13922/17736/1681 13921/17735/1680 13875/17680/1628 13876/17681/1629 
f 13923/17737/1682 13921/17735/1680 13922/17736/1681 13924/17738/1683 
f 13925/17739/1684 13920/17734/1679 13921/17735/1680 13923/17737/1682 
f 13920/17734/1679 13925/17739/1684 13919/17733/1678 13918/17732/1677 
f 13917/17731/1676 13919/17733/1678 13926/17740/1685 13915/17729/1674 
f 13927/17741/1686 13928/17742/1687 13923/17743/1682 13924/17744/1683 
f 13923/17743/1682 13928/17742/1687 13929/17745/1688 13925/17746/1684 
f 13925/17739/1684 13929/17747/1688 13926/17740/1685 13919/17733/1678 
s 4
f 13930/17748/1689 13931/17749/1690 13866/17671/1615 13857/17662/1606 
f 13848/17653/1593 13932/17750/1691 13930/17748/1689 13857/17662/1606 
f 13847/17652/1592 13932/17750/1691 13848/17653/1593 
s 3
f 13933/17751/1692 13932/17750/1693 13847/17652/1595 13849/17654/1594 
s 2
f 13934/17752/1694 13930/17748/1695 13932/17750/1693 13933/17751/1692 
s 3
f 13935/17753/1696 13933/17751/1692 13849/17654/1594 13851/17656/1597 
s 2
f 13935/17753/1696 13936/17754/2266 13934/17752/1694 13933/17751/1692 
s 3
f 13937/17755/1698 13935/17753/1696 13851/17656/1597 13853/17658/1599 
s 2
f 13937/17755/1698 13938/17756/1699 13936/17754/2266 13935/17753/1696 
s 1
f 13931/17757/1700 13930/17758/1701 13939/17759/1702 
f 13940/17760/1703 13939/17761/1702 13930/17748/1701 13934/17752/1704 
f 13941/17762/1705 13940/17760/1703 13934/17752/1704 13936/17754/1706 
f 13942/17763/1707 13941/17762/1705 13936/17754/1706 13938/17756/1708 
f 13943/17764/1709 13944/17765/1710 13941/17762/1705 13942/17763/1707 
f 13945/17766/1711 13940/17760/1703 13941/17762/1705 13944/17765/1710 
f 13946/17767/1712 13947/17768/1713 13940/17760/1703 13945/17766/1711 
f 13948/17769/1714 13939/17761/1702 13940/17760/1703 13947/17768/1713 
f 13939/17759/1702 13948/17770/1714 13949/17771/1715 13931/17757/1700 
s 3
f 13694/17451/1420 13555/17283/1269 13852/17657/1598 
s 1
f 13557/17285/1271 13950/17772/1716 13852/17657/1598 13555/17283/1269 
f 13852/17657/1598 13950/17772/1716 13951/17773/1717 13853/17658/1599 
s 3
f 13853/17658/1599 13951/17773/1717 13952/17774/1718 13937/17755/1698 
s 2
f 13937/17755/1698 13952/17774/1718 13953/17775/1719 13938/17756/1699 
f 13954/17776/1720 13938/17756/1699 13953/17775/1719 
s 1
f 13938/17756/1708 13954/17776/1720 13955/17777/1721 13942/17763/1707 
f 13942/17763/1707 13955/17777/1721 13956/17778/1722 13943/17764/1709 
s 3
f 13957/17779/1723 13958/17780/1724 13956/17778/1722 13955/17777/1721 
f 13959/17781/1725 13957/17779/1723 13955/17777/1721 13954/17776/1720 
s 2
f 13960/17782/1726 13958/17780/1724 13957/17779/1723 13961/17783/1727 
s 3
f 13962/17784/1728 13961/17783/1727 13957/17779/1723 13959/17781/1725 
s 1
f 13963/17785/1729 13964/17786/1730 13961/17783/1727 13962/17784/1728 
s 2
f 13965/17787/1731 13958/17780/1724 13960/17782/1726 13966/17788/1732 
s 1
f 13967/17789/1733 13947/17768/1713 13946/17767/1712 13968/17790/1734 
f 13969/17791/1735 13970/17792/1736 13968/17790/1734 13946/17767/1712 
f 13971/17793/1737 13972/17794/1738 13970/17792/1736 13969/17791/1735 
f 13973/17795/1739 13974/17796/1740 13972/17794/1738 13971/17793/1737 
f 13975/17797/1741 13974/17796/1740 13973/17795/1739 
f 13976/17798/1742 13974/17799/1740 13975/17800/1741 
f 13972/17801/1738 13974/17802/1740 13976/17803/1742 
s 3
f 13977/17804/1743 13975/17797/1741 13973/17795/1739 13978/17805/1744 
s 1
f 13979/17806/1745 13976/17798/1742 13975/17800/1741 13977/17807/1743 
s 3
f 13977/17808/1743 13978/17809/1744 13980/17810/1746 13979/17811/1745 
f 13973/17795/1739 13981/17812/1747 13965/17787/1731 13978/17805/1744 
s 2
f 13982/17813/1748 13978/17805/1744 13965/17787/1731 13966/17788/1732 
f 13978/17809/1744 13982/17814/1748 13983/17815/1749 13980/17810/1746 
s 1
f 13984/17816/1750 13969/17791/1735 13946/17767/1712 13945/17766/1711 
f 13969/17791/1735 13984/17816/1750 13985/17817/1751 13971/17793/1737 
f 13971/17793/1737 13985/17817/1751 13981/17812/1747 13973/17795/1739 
s 3
f 13958/17780/1724 13965/17787/1731 13981/17812/1747 13956/17778/1722 
s 1
f 13956/17778/1722 13981/17812/1747 13985/17817/1751 13943/17764/1709 
f 13984/17816/1750 13944/17765/1710 13943/17764/1709 13985/17817/1751 
f 13984/17816/1750 13945/17766/1711 13944/17765/1710 
f 13947/17768/1713 13967/17789/1733 13986/17818/1752 13948/17769/1714 
f 13987/17819/1753 13949/17771/1715 13948/17770/1714 13986/17820/1752 
f 13988/17821/1754 13987/17822/1753 13986/17823/1752 13967/17824/1733 
f 13989/17825/1755 13988/17821/1754 13967/17824/1733 13968/17826/1734 
f 13990/17827/1756 13989/17825/1755 13968/17826/1734 13970/17828/1736 
f 13970/17828/1736 13972/17801/1738 13976/17803/1742 13990/17827/1756 
f 13991/17829/1757 13982/17813/1758 13966/17788/1759 13992/17830/1760 
f 13993/17831/1761 13992/17830/1760 13966/17788/1759 13960/17782/1762 
f 13994/17832/1763 13993/17831/1761 13960/17782/1762 13961/17783/1727 
f 13991/17833/1757 13983/17834/1764 13982/17835/1758 
f 13995/17836/1765 13996/17837/1766 13991/17829/1757 
f 13995/17836/1765 13991/17829/1757 13997/17838/1767 13998/17839/1768 
f 13991/17829/1757 13992/17830/1760 13997/17838/1767 
f 13999/17840/1769 13997/17838/1767 13992/17830/1760 13993/17831/1761 
f 14000/17841/1770 13999/17840/1769 13993/17831/1761 13994/17832/1763 
f 13964/17786/1730 14001/17842/1771 14000/17841/1770 13994/17832/1763 
f 13994/17832/1763 13961/17783/1727 13964/17786/1730 
f 14001/17842/1771 13964/17786/1730 14002/17843/1772 14003/17844/1773 
f 14004/17845/1774 14001/17842/1771 14003/17844/1773 14005/17846/1775 
f 14001/17842/1771 14004/17845/1774 14006/17847/1776 14000/17841/1770 
f 14007/17848/1777 13998/17839/1768 13997/17838/1767 13999/17840/1769 
f 14000/17841/1770 14006/17847/1776 14007/17848/1777 13999/17840/1769 
f 14008/17849/1778 14002/17843/1772 13964/17786/1730 13963/17785/1729 
f 12703/16162/358 12702/16161/357 14002/17843/1772 14008/17849/1778 
f 14009/17850/1779 14010/17851/1780 13876/17681/1629 13873/17678/1626 
f 14010/17851/1780 13922/17736/1681 13876/17681/1629 
f 13922/17736/1681 14010/17851/1780 14011/17852/1781 13924/17738/1683 
f 13924/17744/1683 14011/17853/1781 14012/17854/1782 13927/17741/1686 
f 14013/17855/1783 14014/17856/1784 14010/17851/1780 14009/17850/1779 
f 14010/17851/1780 14014/17856/1784 14015/17857/1785 14011/17852/1781 
f 14015/17857/1785 14016/17858/1786 14012/17859/1782 14011/17852/1781 
f 14017/17860/1787 14009/17850/1779 13873/17678/1626 13870/17675/1623 
f 14018/17861/1788 14013/17855/1783 14009/17850/1779 14017/17860/1787 
s 3
f 14019/17862/1789 14017/17860/1787 13870/17675/1623 13869/17674/1622 
s 1
f 14017/17860/1787 14019/17862/1789 14020/17863/1790 14018/17861/1788 
f 14020/17863/1790 14021/17864/1791 14022/17865/1792 14018/17861/1788 
f 14018/17861/1788 14022/17865/1792 14023/17866/1793 14013/17855/1783 
f 14013/17855/1783 14023/17866/1793 14024/17867/1794 14014/17856/1784 
f 14014/17856/1784 14024/17867/1794 14025/17868/1795 14015/17857/1785 
f 14026/17869/1796 14016/17858/1786 14015/17857/1785 14025/17868/1795 
f 14027/17870/1797 14024/17867/1794 14023/17866/1793 14028/17871/1798 
f 14028/17871/1798 14023/17866/1793 14022/17865/1792 14029/17872/1799 
f 14024/17867/1794 14027/17870/1797 14030/17873/1800 14025/17868/1795 
f 14031/17874/1801 14026/17869/1796 14025/17868/1795 14030/17873/1800 
f 14032/17875/1802 14029/17872/1799 14022/17865/1792 14021/17864/1791 
f 14033/17876/1803 14034/17877/1804 14027/17870/1797 14028/17871/1798 
f 14035/17878/1805 14034/17877/1804 14033/17876/1803 14036/17879/1806 
f 14033/17876/1803 14028/17871/1798 14029/17872/1799 14037/17880/1807 
f 14033/17876/1803 14037/17880/1807 14038/17881/1808 14036/17879/1806 
f 14039/17882/1809 14030/17873/1800 14027/17870/1797 14034/17877/1804 
f 14040/17883/1810 14039/17882/1809 14034/17877/1804 14035/17878/1805 
f 14030/17873/1800 14039/17882/1809 14041/17884/1811 14031/17874/1801 
f 14042/17885/1812 14041/17884/1811 14039/17882/1809 14040/17883/1810 
f 14043/17886/1813 14037/17880/1807 14029/17872/1799 14032/17875/1802 
f 14038/17881/1808 14037/17880/1807 14043/17886/1813 
f 14044/17887/1814 14045/17888/1815 14043/17886/1813 
f 14046/17889/1816 14047/17890/1817 14044/17887/1814 14043/17886/1813 
f 14044/17887/1814 14047/17890/1817 14048/17891/1818 14045/17888/1815 
f 14049/17892/1819 14047/17890/1817 14046/17889/1816 14050/17893/1820 
f 14051/17894/1821 14050/17893/1820 14046/17889/1816 14052/17895/1822 
f 14043/17896/1813 14053/17897/1823 14052/17898/1822 14046/17899/1816 
f 14053/17900/1823 14054/17901/1824 14055/17902/1825 14052/17895/1822 
f 14052/17895/1822 14055/17902/1825 14056/17903/1826 14051/17894/1821 
f 14057/17904/1827 14056/17903/1826 14055/17902/1825 14058/17905/1828 
f 14059/17906/1829 14058/17905/1828 14055/17902/1825 14054/17901/1824 
f 14059/17906/1829 14060/17907/1830 14061/17908/1831 14058/17905/1828 
f 14058/17905/1828 14061/17908/1831 14062/17909/1832 14057/17904/1827 
f 14063/17910/1833 14062/17909/1832 14061/17908/1831 14060/17907/1830 
f 14062/17909/1832 14063/17910/1833 14064/17911/1834 14065/17912/1835 
f 14062/17909/1832 14065/17912/1835 14066/17913/1836 14057/17904/1827 
f 14067/17914/1837 14051/17894/1821 14056/17903/1826 14068/17915/1838 
f 14056/17903/1826 14057/17904/1827 14068/17915/1838 
f 14069/17916/1839 14068/17915/1838 14057/17904/1827 14066/17913/1836 
f 14068/17915/1838 14069/17916/1839 14070/17917/1840 14067/17914/1837 
f 14067/17914/1837 14049/17892/1819 14050/17893/1820 14051/17894/1821 
f 14071/17918/1841 14049/17892/1819 14067/17914/1837 14070/17917/1840 
f 14047/17890/1817 14049/17892/1819 14072/17919/1842 14048/17891/1818 
f 14072/17919/1842 14049/17892/1819 14071/17918/1841 14073/17920/1843 
f 14073/17920/1843 14074/17921/1844 14075/17922/1845 14072/17919/1842 
f 14072/17919/1842 14075/17922/1845 14076/17923/1846 14048/17891/1818 
f 14077/17924/1847 14045/17888/1815 14048/17891/1818 14078/17925/1848 
f 14038/17881/1808 14043/17886/1813 14045/17888/1815 14077/17924/1847 
f 14038/17881/1808 14077/17924/1847 14079/17926/1849 14036/17879/1806 
f 14080/17927/1850 14079/17926/1849 14077/17924/1847 14078/17925/1848 
f 14048/17891/1818 14076/17923/1846 14080/17927/1850 14078/17925/1848 
f 14036/17879/1806 14079/17926/1849 14081/17928/1851 14035/17878/1805 
f 14082/17929/1852 14081/17928/1851 14079/17926/1849 14080/17927/1850 
f 14035/17878/1805 14081/17928/1851 14083/17930/1853 14040/17883/1810 
f 14082/17929/1852 14084/17931/1854 14083/17930/1853 14081/17928/1851 
f 14085/17932/1855 14084/17931/1854 14082/17929/1852 14086/17933/1856 
f 14086/17933/1856 14082/17929/1852 14080/17927/1850 14076/17923/1846 
f 14087/17934/1857 14088/17935/1858 14085/17932/1855 14086/17933/1856 
f 14089/17936/1859 14090/17937/1860 14088/17935/1858 14087/17934/1857 
f 14091/17938/1861 14085/17939/1855 14088/17940/1858 14092/17941/1862 
f 14093/17942/1863 14092/17943/1862 14088/17944/1858 14090/17945/1860 
f 14085/17946/1855 14091/17947/1861 14094/17948/1864 14084/17949/1854 
f 14084/17949/1854 14094/17948/1864 14095/17950/1865 14083/17951/1853 
f 14095/17950/1865 14042/17952/1812 14040/17953/1810 14083/17951/1853 
f 14096/17954/1866 14097/17955/2438 14093/17942/1863 14090/17945/1860 
f 14098/17956/1868 14096/17957/1866 14090/17937/1860 14089/17936/1859 
f 14099/17958/1869 14087/17934/1857 14086/17933/1856 14076/17923/1846 
f 14098/17956/1868 14089/17936/1859 14087/17934/1857 14099/17958/1869 
f 14075/17922/1845 14100/17959/1870 14099/17958/1869 14076/17923/1846 
f 14099/17958/1869 14100/17959/1870 14101/17960/1871 14098/17956/1868 
s 2
f 14102/17961/1872 14103/17962/1873 13645/17394/1365 13646/17395/1874 
f 14104/17963/1875 14102/17961/1872 13646/17395/1874 13647/17396/1876 
s 3
f 14105/17964/1877 14106/17965/1878 14103/17962/1873 14102/17961/1872 
f 14107/17966/1879 14105/17964/1877 14102/17961/1872 14104/17963/1875 
s 2
f 14108/17967/1880 14104/17963/1875 13647/17396/1876 13650/17401/1881 
s 3
f 14104/17963/1875 14108/17967/1880 14109/17968/2439 14107/17966/1879 
s 1
f 14110/17969/1883 14111/17970/1884 14107/17966/1879 14109/17968/2439 
f 14111/17970/1884 14112/17971/1885 14105/17964/1877 14107/17966/1879 
f 14113/17972/1886 14112/17971/1885 14111/17970/1884 14114/17973/1887 
f 14115/17974/2440 14114/17975/1887 14111/17976/1884 14110/17977/1883 
f 14097/17955/2438 14096/17954/1866 14115/17974/2440 14110/17977/1883 
f 14116/17978/1889 14115/17979/2440 14096/17957/1866 14098/17956/1868 
f 14116/17978/1889 14117/17980/1890 14114/17973/1887 14115/17979/2440 
f 14114/17973/1887 14117/17980/1890 14118/17981/1891 14113/17972/1886 
f 14119/17982/1892 14118/17981/1891 14117/17980/1890 14116/17978/1889 
f 14101/17960/1871 14119/17982/1892 14116/17978/1889 14098/17956/1868 
f 14105/17964/1877 14112/17971/1885 14120/17983/1893 14106/17965/1878 
f 14121/17984/1894 14120/17983/1893 14112/17971/1885 14113/17972/1886 
f 14122/17985/1895 14121/17984/1894 14113/17972/1886 14118/17981/1891 
f 14122/17985/1895 14118/17981/1891 14119/17982/1892 14101/17960/1871 
f 14100/17959/1870 14075/17922/1845 14074/17921/1844 14123/17986/1896 
f 14100/17959/1870 14123/17986/1896 14124/17987/1897 14101/17960/1871 
f 14124/17987/1897 14122/17985/1895 14101/17960/1871 
f 14122/17985/1895 14124/17987/1897 14125/17988/1898 14121/17984/1894 
f 14120/17983/1893 14121/17984/1894 14125/17988/1898 
f 14120/17989/1893 14125/17990/1898 14126/17991/1899 14106/17992/1878 
s 3
f 14106/17992/1878 14126/17991/1899 14127/17993/1900 14103/17994/1873 
s 2
f 14103/17994/1873 14127/17993/1900 13648/17398/1368 13645/17399/1365 
s 1
f 13886/17693/1642 13890/17697/1646 14128/17995/1901 13881/17688/1637 
f 14129/17996/1902 14128/17995/1901 13890/17697/1646 13898/17705/2259 
s 5
f 13881/17688/1637 14128/17995/1901 14130/17997/2441 13882/17689/1638 
f 14131/17998/1904 14130/17997/2441 14128/17995/1901 14129/17996/1902 
f 13664/17685/1383 13878/17684/1631 13879/17999/2255 14132/18000/1905 
f 13879/17999/2255 13882/18001/1638 14133/18002/1906 14132/18000/1905 
s 6
f 14130/18003/2441 14093/18004/1907 14133/18002/1906 13882/18001/1638 
f 14130/17997/2441 14131/17998/1904 14092/18005/1908 14093/18006/1907 
f 14091/18007/1909 14092/18008/1908 14131/18009/1904 
f 14134/18010/1910 14135/18011/1911 14091/18007/1909 14131/18009/1904 
s 5
f 14136/18012/1912 14134/18013/1910 14131/17998/1904 14129/17996/1902 
s 1
f 13898/17705/2259 13899/17706/1655 14136/18012/1912 14129/17996/1902 
s 6
f 14135/18011/1911 14134/18010/1910 14137/18014/1913 14138/18015/1914 
s 5
f 14139/18016/1915 14137/18017/1913 14134/18013/1910 14136/18012/1912 
s 1
f 13899/17706/1655 13902/17709/1658 14139/18016/1915 14136/18012/1912 
f 14139/18016/1915 13902/17709/1658 14140/18018/1916 14137/18017/1913 
s 5
f 14141/18019/1917 14140/18018/1916 13902/17709/1658 13903/17710/1659 
f 14137/18017/1913 14140/18018/1916 14142/18020/1918 14138/18021/1914 
f 14143/18022/1919 14142/18020/1918 14140/18018/1916 14141/18019/1917 
s 4
f 14144/18023/1920 14141/18019/1917 13903/17710/1659 13906/17713/1662 
f 14141/18019/1917 14144/18023/1920 14145/18024/1921 14143/18022/1919 
f 13906/17713/1662 13915/17729/1922 14144/18023/1920 
s 1
f 12514/15954/148 12513/15953/147 12511/15951/145 14146/18025/1923 
f 14147/18026/1924 12470/15907/101 12469/15906/100 14148/18027/1925 
f 14149/18028/1926 14148/18027/1925 12469/15906/100 12472/15909/103 
f 14150/18029/1927 14149/18028/1926 12472/15909/103 12514/15954/148 
f 14151/18030/1928 14150/18029/1927 12514/15954/148 14146/18025/1923 
f 14151/18030/1928 14152/18031/1929 14153/18032/1930 14150/18029/1927 
f 14154/18033/1931 14149/18028/1926 14150/18029/1927 14153/18032/1930 
f 14152/18031/1929 14155/18034/1932 14156/18035/1933 14153/18032/1930 
f 14153/18032/1930 14156/18035/1933 14157/18036/1934 14154/18033/1931 
f 14158/18037/1935 14157/18036/1934 14156/18035/1933 14155/18034/1932 
f 14149/18028/1926 14154/18033/1931 14159/18038/1936 14148/18027/1925 
f 14160/18039/1937 14159/18038/1936 14154/18033/1931 14157/18036/1934 
f 14161/18040/1938 14160/18039/1937 14157/18036/1934 14158/18037/1935 
f 14159/18038/1936 14162/18041/1939 14147/18026/1924 14148/18027/1925 
f 14160/18039/1937 14161/18040/1938 14162/18041/1939 14159/18038/1936 
s 3
f 14163/18042/1940 14164/18043/1941 12721/18044/382 
s 1
f 14165/18045/1942 14166/18046/2445 14164/18047/1941 14163/18048/1940 
f 14167/18049/1944 14168/18050/1945 14164/18047/1941 14166/18046/2445 
s 3
f 14164/18043/1941 14168/18051/1945 14169/18052/1946 12721/18044/382 
s 1
f 14170/18053/1947 14168/18050/1945 14167/18049/1944 14171/18054/1948 
s 3
f 14172/18055/1949 14169/18056/1946 14168/18050/1945 14170/18053/1947 
s 1
f 14173/18057/1950 14170/18053/1947 14171/18054/1948 14174/18058/1951 
f 14175/18059/1952 14172/18055/1949 14170/18053/1947 14173/18057/1950 
f 14176/18060/1953 14173/18057/1950 14174/18058/1951 14177/18061/1954 
f 14176/18060/1953 14178/18062/1955 14175/18059/1952 14173/18057/1950 
f 14179/18063/1956 14176/18060/1953 14177/18061/1954 14180/18064/1957 
f 14179/18063/1956 14178/18062/1955 14176/18060/1953 
f 14181/18065/1958 14171/18054/1948 14167/18049/1944 14166/18046/2445 
f 14182/18066/2548 14181/18065/1958 14166/18046/2445 14165/18045/1942 
f 14171/18054/1948 14181/18065/1958 14183/18067/1960 14174/18058/1951 
f 14182/18066/2548 14184/18068/1961 14183/18067/1960 14181/18065/1958 
f 14174/18058/1951 14183/18067/1960 14185/18069/1962 14177/18061/1954 
f 14186/18070/1963 14185/18069/1962 14183/18067/1960 14184/18068/1961 
f 14177/18061/1954 14185/18069/1962 14187/18071/1964 
f 14187/18071/1964 14180/18064/1957 14177/18061/1954 
f 14188/18072/1965 14182/18066/2548 14165/18045/1942 14189/18073/1966 
f 14182/18066/2548 14188/18072/1965 14190/18074/1967 14184/18068/1961 
f 14184/18068/1961 14190/18074/1967 14191/18075/1968 14186/18070/1963 
f 14192/18076/1969 14193/18077/1970 14188/18072/1965 14189/18073/1966 
f 14194/18078/1971 14190/18074/1967 14188/18072/1965 14193/18077/1970 
f 14190/18074/1967 14194/18078/1971 14195/18079/2768 14191/18075/1968 
s 3
f 14196/18080/1973 14192/18076/1969 14189/18073/1966 14197/18081/1974 
f 14197/18081/1974 14189/18073/1966 14165/18045/1942 14163/18048/1940 
f 12701/16160/356 12730/16193/392 14196/18080/1973 14197/18081/1974 
s 1
f 14198/18082/1975 14195/18083/2768 14194/18084/1971 14199/18085/1976 
s 2
f 14197/18081/1974 14163/18048/1940 12721/16184/382 
s 1
f 14198/18082/1975 14199/18085/1976 12783/16255/449 12785/16254/451 
f 14192/18076/1969 14196/18080/1973 14200/18086/1977 
f 12779/16248/445 14200/18086/1977 14196/18080/1973 12730/16193/392 
f 14199/18087/1976 14194/18078/1971 14193/18077/1970 
f 14200/18086/1977 12779/16248/445 12783/16252/449 14199/18087/1976 
f 14200/18086/1977 14199/18087/1976 14193/18077/1970 14192/18076/1969 
s 2
f 12721/16184/382 12698/16157/353 12701/16160/356 14197/18081/1974 
s 1
f 14002/17843/1772 12702/16161/357 12696/16155/351 
f 12696/16155/351 12697/16156/352 14003/17844/1773 14002/17843/1772 
f 14003/17844/1773 12697/16156/352 12721/16184/382 14005/17846/1775 
f 11491/14647/942 12995/16532/667 11496/14652/947 
f 13026/16574/702 13030/16578/708 11502/14658/953 11501/14657/952 
f 12990/18088/656 13033/18089/711 11515/14688/966 11357/14687/808 
f 11502/14658/953 13030/16578/708 11545/14733/996 
f 13030/16578/708 13031/16579/709 13045/16614/724 11546/14734/997 
f 11545/14733/996 13030/16578/708 11546/14734/997 
f 11546/14734/997 13045/16614/724 13052/16623/732 11550/14738/1001 
f 11559/14747/1010 13058/16629/742 13063/16635/751 11568/14758/1019 
f 11742/14991/1195 13070/16649/762 13090/16675/786 11743/14992/1196 
f 13105/16690/806 13104/16689/805 13117/16702/818 14201/18090/1984 
f 14201/18090/1984 13117/16702/818 13118/16703/819 14202/18091/1985 
f 14202/18091/1985 13118/16703/819 13126/16711/2764 14203/18092/1986 
f 13241/16854/942 13240/16853/2377 14204/18093/1987 
f 13240/16853/2377 13239/16852/2171 14205/18094/1988 14204/18093/1987 
f 13239/16849/2171 13238/16848/939 14206/18095/2667 14205/18096/1988 
f 13251/16864/952 13245/16858/946 13242/16855/943 13246/16859/947 
f 13126/16711/2764 13289/16927/990 14207/18097/1990 14203/18092/1986 
f 14207/18097/1990 13289/16927/990 13297/16942/2766 14208/18098/1991 
f 14209/18099/1992 13304/16949/1005 13299/16944/1000 13300/16945/1001 
f 13298/16943/2493 13305/16950/1006 14210/18100/1993 13297/16942/2766 
f 14208/18098/1991 13297/16942/2766 14210/18100/1993 
f 14211/18101/1994 13305/16950/1006 13304/16949/1005 14209/18099/1992 
f 14210/18100/1993 13305/16950/1006 14211/18101/1994 
f 14212/18102/1995 13312/16961/1013 13315/16960/2380 14213/18103/1996 
f 13307/16952/1008 13312/16957/1013 14212/18104/1995 13308/16953/1009 
f 14214/18105/1997 13480/17186/1183 13481/17187/1184 14215/18106/1998 
f 14216/18107/1999 13482/17188/1185 13480/17186/1183 14214/18105/1997 
f 13483/17189/1186 13482/17188/1185 14216/18107/1999 14217/18108/2000 
f 13484/17190/1187 13483/17189/1186 14217/18108/2000 13492/17198/1195 
f 12858/16354/524 12852/16345/518 12848/16341/514 12846/16339/512 
f 13996/18109/1766 13983/18110/1764 13991/18111/1757 
f 13656/17407/1376 13623/17368/1343 13695/17452/1422 13657/17408/1377 
f 13656/17407/1376 13641/17390/1361 13623/17368/1343 
f 12488/15925/119 12491/15928/122 12658/16106/313 12509/15949/143 
f 12727/16190/389 12728/16191/390 12777/16246/443 
s 3
f 12774/16243/440 12728/16191/390 12724/16187/386 
s 1
f 14218/18112/99 14219/18113/100 14220/18114/101 14221/18115/102 
f 14222/18116/103 14219/18113/100 14218/18112/99 14223/18117/104 
f 14224/18118/105 14223/18117/104 14218/18112/99 14225/18119/106 
f 14225/18119/106 14218/18112/99 14221/18115/102 
f 14226/18120/107 14227/18121/108 14224/18118/105 14225/18119/106 
f 14228/18122/109 14226/18120/107 14225/18119/106 14221/18115/102 
f 14229/18123/110 14230/18124/111 14226/18120/107 14228/18122/109 
f 14226/18120/107 14230/18124/111 14231/18125/112 14227/18121/108 
f 14229/18123/110 14232/18126/113 14233/18127/114 14230/18124/111 
f 14230/18124/111 14233/18127/114 14234/18128/115 14231/18125/112 
f 14235/18129/116 14234/18128/115 14233/18127/114 14236/18130/117 
f 14233/18127/114 14232/18126/113 14237/18131/118 14236/18130/117 
f 14238/18132/119 14235/18129/116 14236/18130/117 14239/18133/120 
f 14239/18133/120 14236/18130/117 14237/18131/118 
f 14240/18134/121 14241/18135/122 14238/18132/119 14239/18133/120 
f 14240/18134/121 14239/18133/120 14237/18131/118 
f 14242/18136/123 14241/18135/122 14240/18134/121 14243/18137/124 
s 3
f 14244/18138/125 14245/18139/126 14246/18140/127 14247/18141/128 
s 2
f 14248/18142/129 14247/18141/128 14246/18140/127 14249/18143/130 
f 14237/18131/118 14250/18144/131 14249/18143/130 14246/18140/127 
s 1
f 14251/18145/132 14252/18146/133 14248/18142/134 14249/18143/135 
f 14249/18147/135 14250/18148/136 14253/18149/137 14251/18150/132 
f 14254/18151/138 14253/18149/137 14250/18148/136 14255/18152/139 
f 14256/18153/140 14257/18154/141 14246/18140/127 14245/18139/126 
s 3
f 14237/18131/118 14246/18140/127 14257/18154/141 
s 1
f 14240/18134/121 14237/18131/118 14257/18154/141 
f 14256/18153/140 14243/18137/124 14240/18134/121 14257/18154/141 
f 14258/18155/142 14235/18129/116 14238/18132/119 14259/18156/143 
f 14260/18157/144 14234/18128/115 14235/18129/116 14258/18155/142 
f 14227/18121/108 14231/18125/112 14234/18128/115 14260/18157/144 
f 14261/18158/145 14260/18157/144 14258/18155/142 14262/18159/146 
f 14263/18160/147 14260/18157/144 14261/18158/145 
f 14224/18118/105 14260/18157/144 14263/18160/147 14223/18117/104 
f 14224/18118/105 14227/18121/108 14260/18157/144 
f 14223/18117/104 14263/18160/147 14264/18161/148 14222/18116/103 
s 3
f 14265/18162/149 14266/18163/150 14242/18136/123 14243/18137/124 
s 2
f 14267/18164/151 14266/18163/150 14265/18162/149 
s 3
f 14268/18165/152 14265/18162/149 14243/18137/124 14256/18153/140 
f 14269/18166/153 14268/18165/152 14256/18153/140 14245/18139/126 
f 14270/18167/154 14269/18166/153 14245/18139/126 14244/18138/125 
s 2
f 14271/18168/155 14272/18169/156 14270/18167/154 14244/18138/125 
f 14270/18167/154 14272/18169/156 14273/18170/157 14269/18166/153 
f 14269/18166/153 14273/18170/157 14274/18171/158 14268/18165/152 
f 14268/18165/152 14274/18171/158 14267/18164/151 14265/18162/149 
f 14275/18172/159 14276/18173/160 14271/18168/155 14244/18138/125 
f 14277/18174/161 14275/18172/159 14244/18138/125 14247/18141/128 
f 14278/18175/162 14277/18174/161 14247/18141/128 14248/18142/129 
s 1
f 14279/18176/163 14278/18175/164 14248/18142/134 14252/18146/133 
f 14280/18177/165 14281/18178/166 14279/18176/163 14252/18146/133 
f 14282/18179/167 14280/18177/165 14252/18146/133 14251/18145/132 
f 14283/18180/168 14282/18179/167 14251/18145/132 14253/18181/137 
f 14284/18182/169 14285/18183/170 14281/18178/166 14280/18177/165 
f 14286/18184/171 14285/18183/170 14284/18182/169 14287/18185/172 
f 14288/18186/173 14289/18187/174 14286/18184/171 14287/18185/172 
f 14290/18188/175 14291/18189/176 14289/18187/174 14288/18186/173 
f 14292/18190/177 14254/18191/138 14255/18192/139 14293/18193/178 
f 14282/18179/167 14294/18194/179 14284/18182/169 14280/18177/165 
f 14294/18194/179 14287/18185/172 14284/18182/169 
f 14253/18181/137 14254/18191/138 14283/18180/168 
f 14295/18195/180 14283/18180/168 14254/18191/138 14292/18190/177 
f 14287/18185/172 14294/18194/179 14296/18196/181 14288/18186/173 
f 14296/18196/181 14290/18188/175 14288/18186/173 
f 14290/18197/175 14297/18198/182 14298/18199/183 14291/18200/176 
f 14297/18198/182 14292/18201/177 14293/18202/178 14298/18199/183 
f 14297/18203/182 14295/18195/180 14292/18190/177 
f 14296/18196/181 14295/18195/180 14297/18203/182 14290/18188/175 
f 14296/18196/181 14294/18194/179 14283/18180/168 14295/18195/180 
f 14282/18179/167 14283/18180/168 14294/18194/179 
f 14299/18204/184 14281/18178/166 14285/18183/170 14300/18205/185 
f 14285/18183/170 14286/18184/171 14301/18206/186 14300/18205/185 
f 14281/18178/166 14299/18204/184 14302/18207/187 14279/18176/163 
f 14278/18175/164 14279/18176/163 14302/18207/187 
f 14303/18208/188 14275/18172/189 14277/18174/190 14304/18209/191 
f 14304/18209/191 14277/18174/190 14278/18175/164 14302/18207/187 
f 14305/18210/192 14304/18209/191 14302/18207/187 14299/18204/184 
f 14306/18211/193 14305/18210/192 14299/18204/184 14300/18205/185 
f 14307/18212/194 14306/18211/193 14300/18205/185 14308/18213/195 
f 14308/18213/195 14300/18205/185 14301/18206/186 
f 14308/18213/195 14309/18214/196 14310/18215/197 14307/18212/194 
f 14311/18216/198 14312/18217/199 14310/18215/197 14309/18214/196 
f 14313/18218/200 14314/18219/201 14310/18215/197 14312/18217/199 
f 14315/18220/202 14314/18219/201 14313/18218/200 14316/18221/203 
f 14317/18222/204 14318/18223/205 14314/18219/201 14315/18220/202 
f 14319/18224/206 14318/18223/205 14317/18222/204 14320/18225/207 
f 14303/18208/188 14276/18173/208 14275/18172/189 
f 14321/18226/209 14322/18227/210 14319/18224/206 14320/18225/207 
f 14303/18208/188 14322/18227/210 14321/18226/209 14276/18173/208 
f 14305/18210/192 14323/18228/211 14303/18208/188 14304/18209/191 
f 14303/18208/188 14323/18228/211 14324/18229/212 14322/18227/210 
f 14322/18227/210 14324/18229/212 14325/18230/213 14319/18224/206 
f 14326/18231/2763 14318/18223/205 14319/18224/206 14325/18230/213 
f 14318/18223/205 14326/18231/2763 14327/18232/215 14314/18219/201 
f 14310/18215/197 14314/18219/201 14327/18232/215 14307/18212/194 
f 14307/18212/194 14327/18232/215 14328/18233/216 14306/18211/193 
f 14327/18232/215 14326/18231/2763 14325/18230/213 14328/18233/216 
f 14328/18233/216 14325/18230/213 14324/18229/212 14323/18228/211 
f 14306/18211/193 14328/18233/216 14323/18228/211 14305/18210/192 
f 14329/18234/217 14313/18218/200 14312/18217/199 14330/18235/218 
f 14331/18236/2023 14329/18234/217 14330/18235/218 14332/18237/2024 
f 14333/18238/221 14334/18239/222 14331/18236/2023 14332/18237/2024 
f 14335/18240/223 14336/18241/224 14329/18234/217 14331/18236/2023 
f 14337/18242/225 14336/18241/224 14335/18240/223 14338/18243/2026 
f 14313/18218/200 14329/18234/217 14336/18241/224 
f 14336/18241/224 14337/18242/225 14316/18221/203 14313/18218/200 
f 14339/18244/227 14335/18240/223 14331/18236/2023 14334/18239/222 
f 14335/18240/223 14339/18244/227 14340/18245/2451 14338/18243/2026 
f 14311/18216/198 14341/18246/229 14330/18235/218 14312/18217/199 
f 14330/18235/218 14341/18246/229 14342/18247/2029 14332/18237/2024 
f 14342/18247/2029 14343/18248/231 14333/18238/221 14332/18237/2024 
s 2
f 14267/18164/151 14344/18249/232 14345/18250/233 14266/18163/150 
s 3
f 14266/18163/150 14345/18250/233 14346/18251/234 14242/18136/123 
s 2
f 14347/18252/235 14345/18250/233 14344/18249/232 14348/18253/236 
s 3
f 14345/18250/233 14347/18252/235 14349/18254/237 14346/18251/234 
s 2
f 14348/18253/236 14350/18255/238 14351/18256/239 14347/18252/235 
s 3
f 14347/18252/235 14351/18256/239 14352/18257/240 14349/18254/237 
f 14353/18258/241 14354/18259/242 14352/18257/240 14351/18256/239 
s 2
f 14355/18260/243 14353/18258/241 14351/18256/239 14350/18255/238 
s 1
f 14356/18261/244 14355/18260/243 14350/18255/245 14357/18262/246 
s 3
f 14358/18263/247 14355/18260/243 14356/18261/244 14359/18264/248 
s 2
f 14353/18258/241 14355/18260/243 14358/18263/247 
s 3
f 14360/18265/249 14361/18266/250 14354/18259/242 14353/18258/241 
s 2
f 14353/18258/241 14358/18263/247 14360/18265/249 
s 3
f 14362/18267/251 14363/18268/252 14361/18266/250 14360/18265/249 
f 14362/18267/251 14360/18265/249 14358/18263/247 
f 14362/18267/251 14358/18263/247 14359/18264/248 
s 1
f 14362/18267/251 14359/18264/248 14364/18269/253 14363/18268/252 
f 14365/18270/254 14364/18269/253 14359/18264/248 14356/18261/244 
f 14366/18271/255 14365/18270/254 14356/18261/244 14357/18262/246 
f 14367/18272/256 14366/18271/255 14357/18262/246 14368/18273/257 
f 14357/18262/246 14350/18255/245 14348/18253/258 14368/18273/257 
f 14369/18274/259 14367/18272/256 14368/18273/257 14370/18275/260 
f 14368/18273/257 14348/18253/258 14344/18249/261 14370/18275/260 
f 14344/18249/261 14267/18164/262 14274/18171/263 14370/18275/260 
s 5
f 14371/18276/264 14370/18275/260 14274/18171/263 14273/18170/265 
f 14370/18275/260 14371/18276/264 14372/18277/266 14369/18274/259 
s 4
f 14371/18276/264 14273/18170/265 14272/18169/267 
f 14373/18278/268 14371/18276/264 14272/18169/267 14271/18168/269 
f 14373/18278/268 14271/18168/269 14276/18173/270 
f 14374/18279/271 14373/18278/268 14276/18173/270 14321/18226/272 
s 5
f 14371/18276/264 14373/18278/268 14375/18280/273 14372/18277/266 
f 14375/18280/273 14373/18278/268 14374/18279/271 14376/18281/274 
f 14377/18282/275 14378/18283/276 14376/18281/274 14374/18279/271 
s 4
f 14320/18225/277 14377/18282/275 14374/18279/271 14321/18226/272 
f 14379/18284/278 14377/18282/275 14320/18225/277 14317/18222/279 
s 5
f 14380/18285/280 14378/18283/276 14377/18282/275 14379/18284/278 
s 4
f 14317/18222/279 14315/18220/281 14316/18221/282 14379/18284/278 
f 14381/18286/2315 14379/18284/278 14316/18221/282 14337/18242/284 
s 5
f 14379/18284/278 14381/18286/2315 14382/18287/285 14380/18285/280 
f 14383/18288/286 14382/18287/285 14381/18286/2315 14384/18289/287 
s 4
f 14337/18242/284 14338/18243/288 14384/18289/287 14381/18286/2315 
s 5
f 14385/18290/289 14386/18291/290 14383/18288/286 14384/18289/287 
s 4
f 14338/18243/288 14340/18245/291 14385/18290/289 14384/18289/287 
f 14340/18245/291 14387/18292/292 14388/18293/293 14385/18290/289 
s 5
f 14385/18290/289 14388/18293/293 14389/18294/294 14386/18291/290 
s 1
f 14390/18295/295 14386/18291/290 14389/18294/294 14391/18296/296 
f 14386/18291/290 14390/18295/295 14392/18297/297 14383/18288/286 
f 14383/18288/286 14392/18297/297 14393/18298/298 14382/18287/285 
f 14382/18287/285 14393/18298/298 14394/18299/299 14380/18285/280 
f 14380/18285/280 14394/18299/299 14395/18300/300 14378/18283/276 
f 14372/18277/266 14375/18280/273 14396/18301/301 
f 14372/18277/266 14396/18301/301 14397/18302/302 14369/18274/259 
f 14376/18281/274 14378/18283/276 14395/18300/300 
f 14376/18281/274 14395/18300/300 14396/18301/301 14375/18280/273 
f 14369/18274/259 14397/18302/302 14398/18303/303 14367/18272/256 
f 14367/18272/256 14398/18303/303 14399/18304/304 14366/18271/255 
f 14366/18271/255 14399/18304/304 14400/18305/305 14365/18270/254 
f 14365/18270/254 14400/18305/305 14401/18306/306 14364/18269/253 
f 14364/18269/253 14401/18306/306 14402/18307/307 14363/18268/252 
f 14403/18308/308 14361/18266/250 14363/18268/252 14404/18309/309 
f 14363/18268/252 14402/18307/307 14404/18309/309 
f 14361/18266/250 14403/18308/308 14405/18310/310 14354/18259/242 
f 14354/18259/242 14405/18310/310 14406/18311/311 14352/18257/240 
f 14352/18257/240 14406/18311/311 14407/18312/312 14349/18254/237 
f 14349/18254/237 14407/18312/312 14408/18313/313 14346/18251/234 
f 14242/18136/123 14346/18251/234 14408/18313/313 14241/18135/122 
f 14258/18155/142 14259/18156/143 14409/18314/314 14262/18159/146 
f 14410/18315/315 14259/18156/143 14408/18313/313 14407/18312/312 
f 14259/18156/143 14410/18315/315 14411/18316/316 14409/18314/314 
f 14412/18317/317 14410/18315/315 14407/18312/312 14406/18311/311 
f 14410/18318/315 14412/18319/317 14413/18320/318 14411/18321/316 
f 14414/18322/319 14412/18317/317 14406/18311/311 14405/18310/310 
f 14412/18319/317 14414/18323/319 14415/18324/320 14413/18320/318 
f 14416/18325/321 14414/18322/319 14405/18310/310 14403/18308/308 
f 14414/18323/319 14416/18326/321 14417/18327/322 14415/18324/320 
f 14418/18328/323 14416/18325/321 14403/18308/308 14404/18309/309 
f 14416/18325/321 14418/18328/323 14419/18329/324 14417/18330/322 
f 14420/18331/325 14404/18309/309 14402/18307/307 14421/18332/326 
f 14420/18331/325 14418/18328/323 14404/18309/309 
f 14418/18328/323 14420/18331/325 14422/18333/327 14419/18329/324 
f 14423/18334/328 14421/18332/326 14402/18307/307 14401/18306/306 
f 14424/18335/329 14423/18334/328 14401/18306/306 14400/18305/305 
f 14425/18336/330 14390/18295/295 14391/18296/296 
f 14425/18336/330 14392/18297/297 14390/18295/295 
f 14392/18297/297 14425/18336/330 14426/18337/331 14393/18298/298 
f 14393/18298/298 14426/18337/331 14427/18338/332 14394/18299/299 
f 14394/18299/299 14427/18338/332 14428/18339/333 14395/18300/300 
f 14395/18300/300 14428/18339/333 14429/18340/334 14396/18301/301 
f 14396/18301/301 14429/18340/334 14430/18341/335 14397/18302/302 
f 14397/18302/302 14430/18341/335 14431/18342/336 14398/18303/303 
f 14398/18303/303 14431/18342/336 14432/18343/337 14399/18304/304 
f 14399/18344/304 14432/18345/337 14433/18346/338 14400/18347/305 
f 14400/18305/305 14433/18348/338 14434/18349/339 14424/18335/329 
f 14424/18335/329 14434/18349/339 14435/18350/340 14423/18334/328 
f 14423/18334/328 14435/18350/340 14436/18351/341 14421/18332/326 
f 14437/18352/342 14420/18331/325 14421/18332/326 14438/18353/343 
f 14437/18352/342 14422/18333/327 14420/18331/325 
f 14421/18332/326 14436/18351/341 14438/18353/343 
f 14439/18354/2051 14440/18355/345 14419/18329/324 14422/18333/327 
f 14419/18329/324 14440/18355/345 14441/18356/346 14417/18330/322 
f 14415/18357/320 14417/18330/322 14441/18356/346 
f 14442/18358/347 14443/18359/348 14440/18355/345 14439/18354/2051 
f 14441/18356/346 14440/18355/345 14443/18359/348 
f 14444/18360/349 14443/18359/348 14442/18358/347 14445/18361/350 
f 14446/18362/351 14443/18359/348 14444/18360/349 14447/18363/352 
s 2
f 14448/18364/353 14449/18365/354 14450/18366/355 14451/18367/356 
s 1
f 14441/18356/346 14443/18359/348 14446/18362/351 14452/18368/357 
f 22555/28651/1557 22556/28652/1558 22472/28653/1465 22471/28654/1464 
s 1
f 22556/28652/1558 22555/28651/1557 22557/28655/1559 22548/28656/1560 
f 22558/28657/1561 22553/28658/1562 22548/28656/1560 22557/28655/1559 
s 3
f 22559/28659/1563 22555/28660/1557 22471/28532/1464 22473/28531/1466 
s 1
f 22555/28660/1557 22559/28659/1563 22560/28661/1564 22557/28662/1559 
f 22558/28663/1561 22557/28662/1559 22560/28661/1564 
s 2
f 22553/28664/1555 22561/28665/1565 22562/28666/1566 22552/28645/1554 
f 22552/28645/1554 22562/28666/1566 22563/28667/1567 22551/28644/1553 
s 3
f 22551/28644/1553 22563/28667/1567 22564/28668/1568 22550/28643/1552 
s 1
f 22550/28643/1552 22564/28668/1568 22565/28669/1569 22554/28650/1556 
s 2
f 22566/28670/1570 22562/28666/1566 22561/28665/1565 
f 22562/28666/1566 22566/28670/1570 22567/28671/1571 22563/28667/1567 
s 3
f 22563/28667/1567 22567/28671/1571 22568/28672/1572 22564/28668/1568 
s 1
f 22564/28668/1568 22568/28672/1572 22569/28673/1573 22565/28669/1569 
f 22553/28664/1562 22558/28663/1561 22561/28665/1574 
f 22566/28670/1575 22561/28665/1574 22570/28674/1576 22571/28675/1577 
f 22572/28676/1578 22566/28670/1575 22571/28675/1577 22573/28677/1579 
f 22574/28678/1580 22572/28676/1578 22573/28677/1579 22575/28679/1581 
f 22576/28680/1582 22575/28679/1581 22428/28484/1417 22430/28486/1419 
f 22428/28484/1417 22575/28679/1581 22573/28677/1579 22426/28482/1414 
f 22571/28675/1577 22422/28474/1406 22421/28473/1405 
f 22423/28477/1407 22426/28482/1414 22573/28677/1579 
f 22423/28477/1407 22573/28677/1579 22571/28675/1577 22421/28473/1405 
f 22422/28474/1406 22571/28675/1577 22570/28674/1576 22465/28521/1458 
f 22465/28521/1458 22570/28674/1576 22577/28681/1583 22470/28527/1463 
f 22577/28681/1583 22559/28659/1563 22473/28531/1466 22470/28527/1463 
f 22559/28659/1563 22577/28681/1583 22578/28682/1584 22560/28661/1564 
f 22560/28661/1564 22578/28682/1584 22561/28665/1574 22558/28663/1561 
f 22579/28683/1585 22574/28678/1580 22575/28679/1581 22576/28680/1582 
f 22580/28684/1586 22579/28683/1585 22576/28680/1582 22581/28685/1587 
s 4
f 22582/28686/1588 22579/28683/1589 22580/28684/1590 22583/28687/1591 
f 22584/28688/1592 22585/28689/1593 22583/28687/1591 22580/28684/1590 
s 1
f 22581/28685/1587 22586/28690/1594 22584/28688/1595 22580/28684/1586 
f 22587/28691/1596 22581/28685/1587 22576/28680/1582 22430/28486/1419 
f 22586/28690/1594 22581/28685/1587 22587/28691/1596 22588/28692/1597 
s 3
f 22431/28487/1420 22589/28693/1598 22587/28691/1596 22430/28486/1419 
s 1
f 22587/28691/1596 22589/28693/1598 22590/28694/1599 22588/28692/1597 
f 22578/28682/1584 22577/28681/1583 22570/28674/1576 22561/28665/1574 
s 4
f 22579/28683/1589 22582/28686/1588 22591/28695/1600 22574/28678/1601 
f 22574/28678/1601 22591/28695/1600 22592/28696/1602 22572/28676/1603 
f 22572/28676/1603 22592/28696/1602 22593/28697/1604 22566/28670/1605 
f 22594/28698/1606 22595/28699/1607 22583/28687/1591 22585/28689/1593 
f 22583/28687/1591 22595/28699/1607 22596/28700/1608 22582/28686/1588 
f 22582/28686/1588 22596/28700/1608 22597/28701/1609 22591/28695/1600 
f 22591/28695/1600 22597/28701/1609 22598/28702/1610 22592/28696/1602 
f 22598/28702/1610 22599/28703/1611 22593/28697/1604 22592/28696/1602 
f 22600/28704/1612 22599/28703/1611 22598/28702/1610 22597/28701/1609 
f 22601/28705/1613 22600/28704/1612 22597/28701/1609 22596/28700/1608 
f 22602/28706/1614 22601/28705/1613 22596/28700/1608 22595/28699/1607 
f 22603/28707/1615 22602/28706/1614 22595/28699/1607 22594/28698/1606 
s 2
f 22566/28670/1570 22593/28697/1616 22567/28671/1571 
f 22604/28708/1617 22567/28671/1571 22593/28697/1616 22599/28703/1618 
f 22605/28709/1619 22604/28708/1617 22599/28703/1618 22600/28704/1620 
f 22600/28704/1620 22601/28705/1621 22605/28709/1619 
f 22601/28705/1621 22606/28710/1622 22607/28711/1623 22605/28709/1619 
s 3
f 22567/28671/1571 22604/28708/1617 22608/28712/1624 22568/28672/1572 
f 22609/28713/1625 22608/28712/1624 22604/28708/1617 22605/28709/1619 
f 22610/28714/1626 22609/28713/1625 22605/28709/1619 22607/28711/1623 
s 1
f 22568/28672/1572 22608/28712/1624 22611/28715/1627 22569/28673/1573 
f 22612/28716/1628 22611/28715/1627 22608/28712/1624 22609/28713/1625 
f 22613/28717/1629 22612/28716/1628 22609/28713/1625 22610/28714/1626 
s 5
f 22614/28718/1630 22615/28719/1631 22504/28580/1501 22506/28579/1504 
s 4
f 22504/28575/1501 22615/28720/1631 22401/28721/1383 
f 22504/28575/1501 22401/28721/1383 22400/28576/1502 
s 1
f 22361/28405/1344 22402/28452/1384 22441/28497/1632 22359/28403/1342 
f 22438/28494/1633 22436/28492/1634 22360/28404/1343 22359/28403/1342 
f 22441/28497/1632 22438/28494/1633 22359/28403/1342 
f 22436/28492/1634 22432/28488/1422 22360/28404/1343 
s 5
f 22616/28722/2255 22615/28719/1631 22614/28718/1630 22617/28723/1636 
f 22618/28724/1637 22619/28725/1638 22616/28722/2255 22617/28723/1636 
s 1
f 22620/28726/1639 22621/28727/1640 22513/28590/1511 22512/28589/1510 
f 22622/28728/1641 22513/28590/1511 22621/28727/1640 22623/28729/1642 
f 22513/28590/1511 22622/28728/1641 22624/28730/1643 22514/28591/1512 
f 22514/28591/1512 22624/28730/1643 22625/28731/1644 22515/28592/1513 
f 22625/28731/1644 22501/28567/1497 22499/28565/2239 22515/28592/1513 
f 22625/28731/1644 22624/28730/1643 22506/28579/1504 22505/28577/1503 
f 22625/28731/1644 22505/28577/1503 22501/28567/1497 
f 22622/28728/1641 22617/28723/1636 22614/28718/1630 22624/28730/1643 
f 22624/28730/1643 22614/28718/1630 22506/28579/1504 
f 22623/28729/1642 22618/28724/1637 22617/28723/1636 22622/28728/1641 
f 22626/28732/1645 22627/28733/1646 22623/28729/1642 22621/28727/1640 
f 22628/28734/1647 22626/28732/1645 22621/28727/1640 22620/28726/1639 
f 22629/28735/1648 22626/28732/1645 22628/28734/1647 22630/28736/1649 
s 5
f 22631/28737/1650 22620/28726/1639 22512/28589/1510 22511/28588/1509 
s 4
f 22517/28596/1515 22632/28738/1651 22631/28737/1650 22511/28588/1509 
s 5
f 22633/28739/1652 22634/28740/1653 22630/28736/1649 22628/28734/1647 
s 4
f 22632/28738/1651 22634/28740/1653 22633/28739/1652 
f 22631/28737/1650 22632/28738/1651 22633/28739/1652 
s 5
f 22631/28737/1650 22633/28739/1652 22628/28734/1647 22620/28726/1639 
s 1
f 22626/28732/1645 22629/28735/1648 22635/28741/2259 22627/28733/1646 
f 22636/28742/1655 22635/28741/2259 22629/28735/1648 22637/28743/1656 
f 22638/28744/1657 22639/28745/1658 22636/28742/1655 22637/28743/1656 
s 5
f 22640/28746/1659 22639/28745/1658 22638/28744/1657 22641/28747/1660 
f 22634/28740/1653 22641/28747/1660 22638/28744/1657 22630/28736/1649 
s 1
f 22637/28743/1656 22629/28735/1648 22630/28736/1649 22638/28744/1657 
s 4
f 22642/28748/1661 22643/28749/1662 22640/28746/1659 22641/28747/1660 
f 22632/28738/1651 22642/28748/1661 22641/28747/1660 22634/28740/1653 
s 1
f 22644/28750/2424 22632/28738/1664 22517/28596/1516 22519/28598/1519 
f 22632/28738/1664 22644/28750/2424 22645/28751/1665 22642/28748/1666 
f 22646/28752/1667 22644/28750/2424 22519/28598/1519 22527/28612/1529 
f 22644/28750/2424 22646/28752/1667 22647/28753/1668 22645/28751/1665 
f 22642/28754/1666 22645/28755/1665 22648/28756/1669 22643/28757/1670 
f 22648/28758/1669 22645/28751/1665 22647/28753/1668 22649/28759/1671 
f 22530/28617/1532 22533/28620/1535 22649/28759/1671 22647/28753/1668 
f 22530/28617/1532 22647/28753/1668 22646/28752/1667 22527/28612/1529 
f 22650/28760/1672 22649/28759/1671 22533/28620/1535 22538/28626/1540 
f 22649/28761/1671 22650/28762/1672 22651/28763/1673 22648/28756/1669 
f 22651/28764/1673 22652/28765/1674 22643/28749/1670 22648/28758/1669 
f 22547/28637/1549 22653/28766/1675 22650/28760/1672 22538/28626/1540 
f 22650/28760/1672 22653/28766/1675 22654/28767/1676 22651/28764/1673 
f 22652/28765/1674 22651/28764/1673 22654/28767/1676 
f 22655/28768/1677 22653/28766/1675 22547/28637/1549 22554/28650/1556 
f 22653/28766/1675 22655/28768/1677 22656/28769/1678 22654/28767/1676 
f 22657/28770/1679 22655/28768/1677 22554/28650/1556 22565/28669/1569 
f 22569/28673/1573 22611/28715/1627 22657/28770/1679 22565/28669/1569 
f 22658/28771/1680 22657/28770/1679 22611/28715/1627 22612/28716/1628 
f 22659/28772/1681 22658/28771/1680 22612/28716/1628 22613/28717/1629 
f 22660/28773/1682 22658/28771/1680 22659/28772/1681 22661/28774/1683 
f 22662/28775/1684 22657/28770/1679 22658/28771/1680 22660/28773/1682 
f 22657/28770/1679 22662/28775/1684 22656/28769/1678 22655/28768/1677 
f 22654/28767/1676 22656/28769/1678 22663/28776/1685 22652/28765/1674 
f 22664/28777/1686 22665/28778/1687 22660/28779/1682 22661/28780/1683 
f 22660/28779/1682 22665/28778/1687 22666/28781/1688 22662/28782/1684 
f 22662/28775/1684 22666/28783/1688 22663/28776/1685 22656/28769/1678 
s 4
f 22667/28784/1689 22668/28785/1690 22603/28707/1615 22594/28698/1606 
f 22585/28689/1593 22669/28786/1691 22667/28784/1689 22594/28698/1606 
f 22584/28688/1592 22669/28786/1691 22585/28689/1593 
s 3
f 22670/28787/1692 22669/28786/1693 22584/28688/1595 22586/28690/1594 
s 2
f 22671/28788/1694 22667/28784/1695 22669/28786/1693 22670/28787/1692 
s 3
f 22672/28789/1696 22670/28787/1692 22586/28690/1594 22588/28692/1597 
s 2
f 22672/28789/1696 22673/28790/2266 22671/28788/1694 22670/28787/1692 
s 3
f 22674/28791/1698 22672/28789/1696 22588/28692/1597 22590/28694/1599 
s 2
f 22674/28791/1698 22675/28792/1699 22673/28790/2266 22672/28789/1696 
s 1
f 22668/28793/1700 22667/28794/1701 22676/28795/1702 
f 22677/28796/1703 22676/28797/1702 22667/28784/1701 22671/28788/1704 
f 22678/28798/1705 22677/28796/1703 22671/28788/1704 22673/28790/1706 
f 22679/28799/1707 22678/28798/1705 22673/28790/1706 22675/28792/1708 
f 22680/28800/1709 22681/28801/1710 22678/28798/1705 22679/28799/1707 
f 22682/28802/1711 22677/28796/1703 22678/28798/1705 22681/28801/1710 
f 22683/28803/1712 22684/28804/1713 22677/28796/1703 22682/28802/1711 
f 22685/28805/1714 22676/28797/1702 22677/28796/1703 22684/28804/1713 
f 22676/28795/1702 22685/28806/1714 22686/28807/1715 22668/28793/1700 
s 3
f 22431/28487/1420 22292/28319/1269 22589/28693/1598 
s 1
f 22294/28321/1271 22687/28808/1716 22589/28693/1598 22292/28319/1269 
f 22589/28693/1598 22687/28808/1716 22688/28809/1717 22590/28694/1599 
s 3
f 22590/28694/1599 22688/28809/1717 22689/28810/1718 22674/28791/1698 
s 2
f 22674/28791/1698 22689/28810/1718 22690/28811/1719 22675/28792/1699 
f 22691/28812/1720 22675/28792/1699 22690/28811/1719 
s 1
f 22675/28792/1708 22691/28812/1720 22692/28813/1721 22679/28799/1707 
f 22679/28799/1707 22692/28813/1721 22693/28814/1722 22680/28800/1709 
s 3
f 22694/28815/1723 22695/28816/1724 22693/28814/1722 22692/28813/1721 
f 22696/28817/1725 22694/28815/1723 22692/28813/1721 22691/28812/1720 
s 2
f 22697/28818/1726 22695/28816/1724 22694/28815/1723 22698/28819/1727 
s 3
f 22699/28820/1728 22698/28819/1727 22694/28815/1723 22696/28817/1725 
s 1
f 22700/28821/1729 22701/28822/1730 22698/28819/1727 22699/28820/1728 
s 2
f 22702/28823/1731 22695/28816/1724 22697/28818/1726 22703/28824/1732 
s 1
f 22704/28825/1733 22684/28804/1713 22683/28803/1712 22705/28826/1734 
f 22706/28827/1735 22707/28828/1736 22705/28826/1734 22683/28803/1712 
f 22708/28829/1737 22709/28830/1738 22707/28828/1736 22706/28827/1735 
f 22710/28831/1739 22711/28832/1740 22709/28830/1738 22708/28829/1737 
f 22712/28833/1741 22711/28832/1740 22710/28831/1739 
f 22713/28834/1742 22711/28835/1740 22712/28836/1741 
f 22709/28837/1738 22711/28838/1740 22713/28839/1742 
s 3
f 22714/28840/1743 22712/28833/1741 22710/28831/1739 22715/28841/1744 
s 1
f 22716/28842/1745 22713/28834/1742 22712/28836/1741 22714/28843/1743 
s 3
f 22714/28844/1743 22715/28845/1744 22717/28846/1746 22716/28847/1745 
f 22710/28831/1739 22718/28848/1747 22702/28823/1731 22715/28841/1744 
s 2
f 22719/28849/1748 22715/28841/1744 22702/28823/1731 22703/28824/1732 
f 22715/28845/1744 22719/28850/1748 22720/28851/1749 22717/28846/1746 
s 1
f 22721/28852/1750 22706/28827/1735 22683/28803/1712 22682/28802/1711 
f 22706/28827/1735 22721/28852/1750 22722/28853/1751 22708/28829/1737 
f 22708/28829/1737 22722/28853/1751 22718/28848/1747 22710/28831/1739 
s 3
f 22695/28816/1724 22702/28823/1731 22718/28848/1747 22693/28814/1722 
s 1
f 22693/28814/1722 22718/28848/1747 22722/28853/1751 22680/28800/1709 
f 22721/28852/1750 22681/28801/1710 22680/28800/1709 22722/28853/1751 
f 22721/28852/1750 22682/28802/1711 22681/28801/1710 
f 22684/28804/1713 22704/28825/1733 22723/28854/1752 22685/28805/1714 
f 22724/28855/1753 22686/28807/1715 22685/28806/1714 22723/28856/1752 
f 22725/28857/1754 22724/28858/1753 22723/28859/1752 22704/28860/1733 
f 22726/28861/1755 22725/28857/1754 22704/28860/1733 22705/28862/1734 
f 22727/28863/1756 22726/28861/1755 22705/28862/1734 22707/28864/1736 
f 22707/28864/1736 22709/28837/1738 22713/28839/1742 22727/28863/1756 
f 22728/28865/1757 22719/28849/1758 22703/28824/1759 22729/28866/1760 
f 22730/28867/1761 22729/28866/1760 22703/28824/1759 22697/28818/1762 
f 22731/28868/1763 22730/28867/1761 22697/28818/1762 22698/28819/1727 
f 22728/28869/1757 22720/28870/1764 22719/28871/1758 
f 22732/28872/1765 22733/28873/1766 22728/28865/1757 
f 22732/28872/1765 22728/28865/1757 22734/28874/1767 22735/28875/1768 
f 22728/28865/1757 22729/28866/1760 22734/28874/1767 
f 22736/28876/1769 22734/28874/1767 22729/28866/1760 22730/28867/1761 
f 22737/28877/1770 22736/28876/1769 22730/28867/1761 22731/28868/1763 
f 22701/28822/1730 22738/28878/1771 22737/28877/1770 22731/28868/1763 
f 22731/28868/1763 22698/28819/1727 22701/28822/1730 
f 22738/28878/1771 22701/28822/1730 22739/28879/1772 22740/28880/1773 
f 22741/28881/1774 22738/28878/1771 22740/28880/1773 22742/28882/1775 
f 22738/28878/1771 22741/28881/1774 22743/28883/1776 22737/28877/1770 
f 22744/28884/1777 22735/28875/1768 22734/28874/1767 22736/28876/1769 
f 22737/28877/1770 22743/28883/1776 22744/28884/1777 22736/28876/1769 
f 22745/28885/1778 22739/28879/1772 22701/28822/1730 22700/28821/1729 
f 21453/27197/358 21452/27196/357 22739/28879/1772 22745/28885/1778 
f 22746/28886/1779 22747/28887/1780 22613/28717/1629 22610/28714/1626 
f 22747/28887/1780 22659/28772/1681 22613/28717/1629 
f 22659/28772/1681 22747/28887/1780 22748/28888/1781 22661/28774/1683 
f 22661/28780/1683 22748/28889/1781 22749/28890/1782 22664/28777/1686 
f 22750/28891/1783 22751/28892/1784 22747/28887/1780 22746/28886/1779 
f 22747/28887/1780 22751/28892/1784 22752/28893/1785 22748/28888/1781 
f 22752/28893/1785 22753/28894/1786 22749/28895/1782 22748/28888/1781 
f 22754/28896/1787 22746/28886/1779 22610/28714/1626 22607/28711/1623 
f 22755/28897/1788 22750/28891/1783 22746/28886/1779 22754/28896/1787 
s 3
f 22756/28898/1789 22754/28896/1787 22607/28711/1623 22606/28710/1622 
s 1
f 22754/28896/1787 22756/28898/1789 22757/28899/1790 22755/28897/1788 
f 22757/28899/1790 22758/28900/1791 22759/28901/1792 22755/28897/1788 
f 22755/28897/1788 22759/28901/1792 22760/28902/1793 22750/28891/1783 
f 22750/28891/1783 22760/28902/1793 22761/28903/1794 22751/28892/1784 
f 22751/28892/1784 22761/28903/1794 22762/28904/1795 22752/28893/1785 
f 22763/28905/1796 22753/28894/1786 22752/28893/1785 22762/28904/1795 
f 22764/28906/1797 22761/28903/1794 22760/28902/1793 22765/28907/1798 
f 22765/28907/1798 22760/28902/1793 22759/28901/1792 22766/28908/1799 
f 22761/28903/1794 22764/28906/1797 22767/28909/1800 22762/28904/1795 
f 22768/28910/1801 22763/28905/1796 22762/28904/1795 22767/28909/1800 
f 22769/28911/1802 22766/28908/1799 22759/28901/1792 22758/28900/1791 
f 22770/28912/1803 22771/28913/1804 22764/28906/1797 22765/28907/1798 
f 22772/28914/1805 22771/28913/1804 22770/28912/1803 22773/28915/1806 
f 22770/28912/1803 22765/28907/1798 22766/28908/1799 22774/28916/1807 
f 22770/28912/1803 22774/28916/1807 22775/28917/1808 22773/28915/1806 
f 22776/28918/1809 22767/28909/1800 22764/28906/1797 22771/28913/1804 
f 22777/28919/1810 22776/28918/1809 22771/28913/1804 22772/28914/1805 
f 22767/28909/1800 22776/28918/1809 22778/28920/1811 22768/28910/1801 
f 22779/28921/1812 22778/28920/1811 22776/28918/1809 22777/28919/1810 
f 22780/28922/1813 22774/28916/1807 22766/28908/1799 22769/28911/1802 
f 22775/28917/1808 22774/28916/1807 22780/28922/1813 
f 22781/28923/1814 22782/28924/1815 22780/28922/1813 
f 22783/28925/1816 22784/28926/1817 22781/28923/1814 22780/28922/1813 
f 22781/28923/1814 22784/28926/1817 22785/28927/1818 22782/28924/1815 
f 22786/28928/1819 22784/28926/1817 22783/28925/1816 22787/28929/1820 
f 22788/28930/2730 22787/28929/1820 22783/28925/1816 22789/28931/1822 
f 22780/28932/1813 22790/28933/1823 22789/28934/1822 22783/28935/1816 
f 22790/28936/1823 22791/28937/1824 22792/28938/1825 22789/28931/1822 
f 22789/28931/1822 22792/28938/1825 22793/28939/1826 22788/28930/2730 
f 22794/28940/1827 22793/28939/1826 22792/28938/1825 22795/28941/1828 
f 22796/28942/1829 22795/28941/1828 22792/28938/1825 22791/28937/1824 
f 22796/28942/1829 22797/28943/1830 22798/28944/1831 22795/28941/1828 
f 22795/28941/1828 22798/28944/1831 22799/28945/1832 22794/28940/1827 
f 22800/28946/1833 22799/28945/1832 22798/28944/1831 22797/28943/1830 
f 22799/28945/1832 22800/28946/1833 22801/28947/1834 22802/28948/1835 
f 22799/28945/1832 22802/28948/1835 22803/28949/1836 22794/28940/1827 
f 22804/28950/1837 22788/28930/2730 22793/28939/1826 22805/28951/1838 
f 22793/28939/1826 22794/28940/1827 22805/28951/1838 
f 22806/28952/1839 22805/28951/1838 22794/28940/1827 22803/28949/1836 
f 22805/28951/1838 22806/28952/1839 22807/28953/1840 22804/28950/1837 
f 22804/28950/1837 22786/28928/1819 22787/28929/1820 22788/28930/2730 
f 22808/28954/1841 22786/28928/1819 22804/28950/1837 22807/28953/1840 
f 22784/28926/1817 22786/28928/1819 22809/28955/1842 22785/28927/1818 
f 22809/28955/1842 22786/28928/1819 22808/28954/1841 22810/28956/1843 
f 22810/28956/1843 22811/28957/1844 22812/28958/1845 22809/28955/1842 
f 22809/28955/1842 22812/28958/1845 22813/28959/1846 22785/28927/1818 
f 22814/28960/1847 22782/28924/1815 22785/28927/1818 22815/28961/1848 
f 22775/28917/1808 22780/28922/1813 22782/28924/1815 22814/28960/1847 
f 22775/28917/1808 22814/28960/1847 22816/28962/1849 22773/28915/1806 
f 22817/28963/1850 22816/28962/1849 22814/28960/1847 22815/28961/1848 
f 22785/28927/1818 22813/28959/1846 22817/28963/1850 22815/28961/1848 
f 22773/28915/1806 22816/28962/1849 22818/28964/1851 22772/28914/1805 
f 22819/28965/1852 22818/28964/1851 22816/28962/1849 22817/28963/1850 
f 22772/28914/1805 22818/28964/1851 22820/28966/1853 22777/28919/1810 
f 22819/28965/1852 22821/28967/1854 22820/28966/1853 22818/28964/1851 
f 22822/28968/1855 22821/28967/1854 22819/28965/1852 22823/28969/1856 
f 22823/28969/1856 22819/28965/1852 22817/28963/1850 22813/28959/1846 
f 22824/28970/1857 22825/28971/1858 22822/28968/1855 22823/28969/1856 
f 22826/28972/1859 22827/28973/1860 22825/28971/1858 22824/28970/1857 
f 22828/28974/1861 22822/28975/1855 22825/28976/1858 22829/28977/1862 
f 22830/28978/1863 22829/28979/1862 22825/28980/1858 22827/28981/1860 
f 22822/28982/1855 22828/28983/1861 22831/28984/1864 22821/28985/1854 
f 22821/28985/1854 22831/28984/1864 22832/28986/1865 22820/28987/1853 
f 22832/28986/1865 22779/28988/1812 22777/28989/1810 22820/28987/1853 
f 22833/28990/1866 22834/28991/2438 22830/28978/1863 22827/28981/1860 
f 22835/28992/1868 22833/28993/1866 22827/28973/1860 22826/28972/1859 
f 22836/28994/1869 22824/28970/1857 22823/28969/1856 22813/28959/1846 
f 22835/28992/1868 22826/28972/1859 22824/28970/1857 22836/28994/1869 
f 22812/28958/1845 22837/28995/1870 22836/28994/1869 22813/28959/1846 
f 22836/28994/1869 22837/28995/1870 22838/28996/1871 22835/28992/1868 
s 2
f 22839/28997/1872 22840/28998/1873 22382/28430/1365 22383/28431/1874 
f 22841/28999/1875 22839/28997/1872 22383/28431/1874 22384/28432/1876 
s 3
f 22842/29000/1877 22843/29001/1878 22840/28998/1873 22839/28997/1872 
f 22844/29002/1879 22842/29000/1877 22839/28997/1872 22841/28999/1875 
s 2
f 22845/29003/1880 22841/28999/1875 22384/28432/1876 22387/28437/1881 
s 3
f 22841/28999/1875 22845/29003/1880 22846/29004/2439 22844/29002/1879 
s 1
f 22847/29005/1883 22848/29006/1884 22844/29002/1879 22846/29004/2439 
f 22848/29006/1884 22849/29007/1885 22842/29000/1877 22844/29002/1879 
f 22850/29008/1886 22849/29007/1885 22848/29006/1884 22851/29009/1887 
f 22852/29010/2440 22851/29011/1887 22848/29012/1884 22847/29013/1883 
f 22834/28991/2438 22833/28990/1866 22852/29010/2440 22847/29013/1883 
f 22853/29014/1889 22852/29015/2440 22833/28993/1866 22835/28992/1868 
f 22853/29014/1889 22854/29016/1890 22851/29009/1887 22852/29015/2440 
f 22851/29009/1887 22854/29016/1890 22855/29017/1891 22850/29008/1886 
f 22856/29018/1892 22855/29017/1891 22854/29016/1890 22853/29014/1889 
f 22838/28996/1871 22856/29018/1892 22853/29014/1889 22835/28992/1868 
f 22842/29000/1877 22849/29007/1885 22857/29019/1893 22843/29001/1878 
f 22858/29020/1894 22857/29019/1893 22849/29007/1885 22850/29008/1886 
f 22859/29021/1895 22858/29020/1894 22850/29008/1886 22855/29017/1891 
f 22859/29021/1895 22855/29017/1891 22856/29018/1892 22838/28996/1871 
f 22837/28995/1870 22812/28958/1845 22811/28957/1844 22860/29022/1896 
f 22837/28995/1870 22860/29022/1896 22861/29023/1897 22838/28996/1871 
f 22861/29023/1897 22859/29021/1895 22838/28996/1871 
f 22859/29021/1895 22861/29023/1897 22862/29024/1898 22858/29020/1894 
f 22857/29019/1893 22858/29020/1894 22862/29024/1898 
f 22857/29025/1893 22862/29026/1898 22863/29027/1899 22843/29028/1878 
s 3
f 22843/29028/1878 22863/29027/1899 22864/29029/1900 22840/29030/1873 
s 2
f 22840/29030/1873 22864/29029/1900 22385/28434/1368 22382/28435/1365 
s 1
f 22623/28729/1642 22627/28733/1646 22865/29031/1901 22618/28724/1637 
f 22866/29032/1902 22865/29031/1901 22627/28733/1646 22635/28741/2259 
s 5
f 22618/28724/1637 22865/29031/1901 22867/29033/2441 22619/28725/1638 
f 22868/29034/1904 22867/29033/2441 22865/29031/1901 22866/29032/1902 
f 22401/28721/1383 22615/28720/1631 22616/29035/2255 22869/29036/1905 
f 22616/29035/2255 22619/29037/1638 22870/29038/1906 22869/29036/1905 
s 6
f 22867/29039/2441 22830/29040/1907 22870/29038/1906 22619/29037/1638 
f 22867/29033/2441 22868/29034/1904 22829/29041/1908 22830/29042/1907 
f 22828/29043/1909 22829/29044/1908 22868/29045/1904 
f 22871/29046/1910 22872/29047/1911 22828/29043/1909 22868/29045/1904 
s 5
f 22873/29048/1912 22871/29049/1910 22868/29034/1904 22866/29032/1902 
s 1
f 22635/28741/2259 22636/28742/1655 22873/29048/1912 22866/29032/1902 
s 6
f 22872/29047/1911 22871/29046/1910 22874/29050/1913 22875/29051/1914 
s 5
f 22876/29052/1915 22874/29053/1913 22871/29049/1910 22873/29048/1912 
s 1
f 22636/28742/1655 22639/28745/1658 22876/29052/1915 22873/29048/1912 
f 22876/29052/1915 22639/28745/1658 22877/29054/1916 22874/29053/1913 
s 5
f 22878/29055/1917 22877/29054/1916 22639/28745/1658 22640/28746/1659 
f 22874/29053/1913 22877/29054/1916 22879/29056/1918 22875/29057/1914 
f 22880/29058/1919 22879/29056/1918 22877/29054/1916 22878/29055/1917 
s 4
f 22881/29059/1920 22878/29055/1917 22640/28746/1659 22643/28749/1662 
f 22878/29055/1917 22881/29059/1920 22882/29060/1921 22880/29058/1919 
f 22643/28749/1662 22652/28765/1922 22881/29059/1920 
s 1
f 21264/26989/148 21263/26988/147 21261/26986/145 22883/29061/1923 
f 22884/29062/1924 21220/26942/101 21219/26941/100 22885/29063/1925 
f 22886/29064/1926 22885/29063/1925 21219/26941/100 21222/26944/103 
f 22887/29065/1927 22886/29064/1926 21222/26944/103 21264/26989/148 
f 22888/29066/1928 22887/29065/1927 21264/26989/148 22883/29061/1923 
f 22888/29066/1928 22889/29067/1929 22890/29068/1930 22887/29065/1927 
f 22891/29069/1931 22886/29064/1926 22887/29065/1927 22890/29068/1930 
f 22889/29067/1929 22892/29070/1932 22893/29071/1933 22890/29068/1930 
f 22890/29068/1930 22893/29071/1933 22894/29072/1934 22891/29069/1931 
f 22895/29073/1935 22894/29072/1934 22893/29071/1933 22892/29070/1932 
f 22886/29064/1926 22891/29069/1931 22896/29074/1936 22885/29063/1925 
f 22897/29075/1937 22896/29074/1936 22891/29069/1931 22894/29072/1934 
f 22898/29076/1938 22897/29075/1937 22894/29072/1934 22895/29073/1935 
f 22896/29074/1936 22899/29077/1939 22884/29062/1924 22885/29063/1925 
f 22897/29075/1937 22898/29076/1938 22899/29077/1939 22896/29074/1936 
s 3
f 22900/29078/1940 22901/29079/1941 21471/29080/382 
s 1
f 22902/29081/1942 22903/29082/2445 22901/29083/1941 22900/29084/1940 
f 22904/29085/1944 22905/29086/1945 22901/29083/1941 22903/29082/2445 
s 3
f 22901/29079/1941 22905/29087/1945 22906/29088/1946 21471/29080/382 
s 1
f 22907/29089/1947 22905/29086/1945 22904/29085/1944 22908/29090/1948 
s 3
f 22909/29091/1949 22906/29092/1946 22905/29086/1945 22907/29089/1947 
s 1
f 22910/29093/1950 22907/29089/1947 22908/29090/1948 22911/29094/1951 
f 22912/29095/1952 22909/29091/1949 22907/29089/1947 22910/29093/1950 
f 22913/29096/1953 22910/29093/1950 22911/29094/1951 22914/29097/1954 
f 22913/29096/1953 22915/29098/1955 22912/29095/1952 22910/29093/1950 
f 22916/29099/1956 22913/29096/1953 22914/29097/1954 22917/29100/1957 
f 22916/29099/1956 22915/29098/1955 22913/29096/1953 
f 22918/29101/1958 22908/29090/1948 22904/29085/1944 22903/29082/2445 
f 22919/29102/2548 22918/29101/1958 22903/29082/2445 22902/29081/1942 
f 22908/29090/1948 22918/29101/1958 22920/29103/1960 22911/29094/1951 
f 22919/29102/2548 22921/29104/1961 22920/29103/1960 22918/29101/1958 
f 22911/29094/1951 22920/29103/1960 22922/29105/1962 22914/29097/1954 
f 22923/29106/1963 22922/29105/1962 22920/29103/1960 22921/29104/1961 
f 22914/29097/1954 22922/29105/1962 22924/29107/1964 
f 22924/29107/1964 22917/29100/1957 22914/29097/1954 
f 22925/29108/1965 22919/29102/2548 22902/29081/1942 22926/29109/1966 
f 22919/29102/2548 22925/29108/1965 22927/29110/1967 22921/29104/1961 
f 22921/29104/1961 22927/29110/1967 22928/29111/1968 22923/29106/1963 
f 22929/29112/1969 22930/29113/1970 22925/29108/1965 22926/29109/1966 
f 22931/29114/1971 22927/29110/1967 22925/29108/1965 22930/29113/1970 
f 22927/29110/1967 22931/29114/1971 22932/29115/2768 22928/29111/1968 
s 3
f 22933/29116/1973 22929/29112/1969 22926/29109/1966 22934/29117/1974 
f 22934/29117/1974 22926/29109/1966 22902/29081/1942 22900/29084/1940 
f 21451/27195/356 21480/27228/392 22933/29116/1973 22934/29117/1974 
s 1
f 22935/29118/1975 22932/29119/2768 22931/29120/1971 22936/29121/1976 
s 2
f 22934/29117/1974 22900/29084/1940 21471/27219/382 
s 1
f 22935/29118/1975 22936/29121/1976 21533/27290/449 21535/27289/451 
f 22929/29112/1969 22933/29116/1973 22937/29122/1977 
f 21529/27283/445 22937/29122/1977 22933/29116/1973 21480/27228/392 
f 22936/29123/1976 22931/29114/1971 22930/29113/1970 
f 22937/29122/1977 21529/27283/445 21533/27287/449 22936/29123/1976 
f 22937/29122/1977 22936/29123/1976 22930/29113/1970 22929/29112/1969 
s 2
f 21471/27219/382 21448/27192/353 21451/27195/356 22934/29117/1974 
s 1
f 22739/28879/1772 21452/27196/357 21446/27190/351 
f 21446/27190/351 21447/27191/352 22740/28880/1773 22739/28879/1772 
f 22740/28880/1773 21447/27191/352 21471/27219/382 22742/28882/1775 
f 20241/25682/942 21745/27567/667 20246/25687/947 
f 21776/27609/702 21780/27613/708 20252/25693/953 20251/25692/952 
f 21740/29124/656 21783/29125/711 20265/25723/966 20107/25722/808 
f 20252/25693/953 21780/27613/708 20295/25768/996 
f 21780/27613/708 21781/27614/709 21795/27649/724 20296/25769/997 
f 20295/25768/996 21780/27613/708 20296/25769/997 
f 20296/25769/997 21795/27649/724 21802/27658/732 20300/25773/1001 
f 20309/25782/1010 21808/27664/742 21813/27670/751 20318/25793/1019 
f 20492/26026/1195 21820/27684/762 21840/27710/786 20493/26027/1196 
f 170/27725/2773 21854/27724/805 21864/27737/818 165/29126/2791 
f 165/29126/2791 21864/27737/818 21865/27738/2365 166/29127/2792 
f 166/29127/2792 21865/27738/2365 21873/27746/2764 147/29128/2793 
f 163/27889/2776 21987/27888/941 164/29129/2794 
f 21987/27888/941 21986/27887/940 161/29130/2795 164/29129/2794 
f 21986/27884/940 21985/27883/939 162/29131/2796 161/29132/2795 
f 158/27899/2778 21991/27893/946 21988/27890/943 159/27894/2777 
f 21873/27746/2764 22031/27962/990 148/29133/2797 147/29128/2793 
f 148/29133/2797 22031/27962/990 22037/27977/998 151/29134/2798 
f 155/29135/2799 22043/27984/1005 22039/27979/1000 153/27980/2783 
f 22038/27978/2493 22044/27985/1006 152/29136/2800 22037/27977/998 
f 151/29134/2798 22037/27977/998 152/29136/2800 
f 154/29137/2801 22044/27985/1006 22043/27984/1005 155/29135/2799 
f 152/29136/2800 22044/27985/1006 154/29137/2801 
f 142/29138/2802 22049/27996/1013 22052/27995/2380 143/29139/2803 
f 22046/27987/1008 22049/27992/1013 142/29140/2802 145/27988/2784 
f 173/29141/2804 22219/28222/1183 22220/28223/1184 174/29142/2805 
f 177/29143/2806 22221/28224/1185 22219/28222/1183 173/29141/2804 
f 22222/28225/1186 22221/28224/1185 177/29143/2806 176/29144/2807 
f 22223/28226/1187 22222/28225/1186 176/29144/2807 172/28234/2788 
f 21608/27389/524 21602/27380/518 21598/27376/514 21596/27374/512 
f 22733/29145/1766 22720/29146/1764 22728/29147/1757 
f 22393/28443/1376 22360/28404/1343 22432/28488/1422 22394/28444/1377 
f 22393/28443/1376 22378/28426/1361 22360/28404/1343 
f 21238/26960/119 21241/26963/122 21408/27141/313 21259/26984/143 
f 21477/27225/389 21478/27226/390 21527/27281/443 
s 3
f 21524/27278/440 21478/27226/390 21474/27222/386 
# 19338 polygons - 3027 triangles
